ISO-10303-21;
HEADER;
FILE_DESCRIPTION(('FreeCAD Model'),'2;1');
FILE_NAME('Open CASCADE Shape Model','2026-09-16T08:15:56',('FreeCAD'),(
    'FreeCAD'),'Open CASCADE STEP processor 7.8','FreeCAD','Unknown');
FILE_SCHEMA(('AUTOMOTIVE_DESIGN { 1 0 10303 214 1 1 1 1 }'));
ENDSEC;
DATA;
#1 = APPLICATION_PROTOCOL_DEFINITION('international standard',
  'automotive_design',2000,#2);
#2 = APPLICATION_CONTEXT(
  'core data for automotive mechanical design processes');
#3 = SHAPE_DEFINITION_REPRESENTATION(#4,#10);
#4 = PRODUCT_DEFINITION_SHAPE('','',#5);
#5 = PRODUCT_DEFINITION('design','',#6,#9);
#6 = PRODUCT_DEFINITION_FORMATION('','',#7);
#7 = PRODUCT('Open CASCADE STEP translator 7.8 2',
  'Open CASCADE STEP translator 7.8 2','',(#8));
#8 = PRODUCT_CONTEXT('',#2,'mechanical');
#9 = PRODUCT_DEFINITION_CONTEXT('part definition',#2,'design');
#10 = ADVANCED_BREP_SHAPE_REPRESENTATION('',(#11,#15),#4449);
#11 = AXIS2_PLACEMENT_3D('',#12,#13,#14);
#12 = CARTESIAN_POINT('',(0.,0.,0.));
#13 = DIRECTION('',(0.,0.,1.));
#14 = DIRECTION('',(1.,0.,-0.));
#15 = MANIFOLD_SOLID_BREP('',#16);
#16 = CLOSED_SHELL('',(#17,#59,#123,#179,#554,#603,#643,#683,#708,#732,
    #765,#790,#847,#887,#904,#929,#953,#1002,#1020,#1045,#1070,#1101,
    #1125,#1149,#1166,#1197,#1221,#1245,#1262,#1287,#1318,#1342,#1366,
    #1383,#1414,#1438,#1462,#1479,#1504,#1569,#1593,#1751,#1810,#1851,
    #2105,#2122,#2150,#2167,#2184,#2217,#2250,#2315,#2332,#2352,#2372,
    #2499,#2519,#2539,#2572,#2635,#2657,#2678,#2711,#2774,#2796,#2827,
    #2890,#2912,#2929,#2946,#2963,#2980,#3011,#3074,#3096,#3120,#3154,
    #3187,#3204,#3221,#3233,#3260,#3277,#3294,#3325,#3342,#3359,#3376,
    #3407,#3438,#3469,#3500,#3531,#3562,#3593,#3624,#3655,#3686,#3717,
    #3748,#3779,#3810,#3841,#3867,#3893,#3914,#3936,#3976,#4021,#4035,
    #4059,#4075,#4097,#4132,#4177,#4193,#4209,#4225,#4241,#4263,#4285,
    #4307,#4329,#4344,#4359,#4374,#4389,#4404,#4419,#4434));
#17 = ADVANCED_FACE('',(#18),#54,.T.);
#18 = FACE_BOUND('',#19,.T.);
#19 = EDGE_LOOP('',(#20,#31,#39,#48));
#20 = ORIENTED_EDGE('',*,*,#21,.F.);
#21 = EDGE_CURVE('',#22,#24,#26,.T.);
#22 = VERTEX_POINT('',#23);
#23 = CARTESIAN_POINT('',(-21.,-23.,8.));
#24 = VERTEX_POINT('',#25);
#25 = CARTESIAN_POINT('',(-16.,-28.,8.));
#26 = CIRCLE('',#27,5.);
#27 = AXIS2_PLACEMENT_3D('',#28,#29,#30);
#28 = CARTESIAN_POINT('',(-16.,-23.,8.));
#29 = DIRECTION('',(0.,0.,1.));
#30 = DIRECTION('',(1.,0.,-0.));
#31 = ORIENTED_EDGE('',*,*,#32,.F.);
#32 = EDGE_CURVE('',#33,#22,#35,.T.);
#33 = VERTEX_POINT('',#34);
#34 = CARTESIAN_POINT('',(-21.,-23.,0.));
#35 = LINE('',#36,#37);
#36 = CARTESIAN_POINT('',(-21.,-23.,0.));
#37 = VECTOR('',#38,1.);
#38 = DIRECTION('',(0.,0.,1.));
#39 = ORIENTED_EDGE('',*,*,#40,.T.);
#40 = EDGE_CURVE('',#33,#41,#43,.T.);
#41 = VERTEX_POINT('',#42);
#42 = CARTESIAN_POINT('',(-16.,-28.,0.));
#43 = CIRCLE('',#44,5.);
#44 = AXIS2_PLACEMENT_3D('',#45,#46,#47);
#45 = CARTESIAN_POINT('',(-16.,-23.,0.));
#46 = DIRECTION('',(0.,0.,1.));
#47 = DIRECTION('',(1.,0.,-0.));
#48 = ORIENTED_EDGE('',*,*,#49,.T.);
#49 = EDGE_CURVE('',#41,#24,#50,.T.);
#50 = LINE('',#51,#52);
#51 = CARTESIAN_POINT('',(-16.,-28.,0.));
#52 = VECTOR('',#53,1.);
#53 = DIRECTION('',(0.,0.,1.));
#54 = CYLINDRICAL_SURFACE('',#55,5.);
#55 = AXIS2_PLACEMENT_3D('',#56,#57,#58);
#56 = CARTESIAN_POINT('',(-16.,-23.,0.));
#57 = DIRECTION('',(0.,0.,1.));
#58 = DIRECTION('',(1.,0.,-0.));
#59 = ADVANCED_FACE('',(#60),#118,.T.);
#60 = FACE_BOUND('',#61,.T.);
#61 = EDGE_LOOP('',(#62,#70,#71,#79,#87,#95,#104,#112));
#62 = ORIENTED_EDGE('',*,*,#63,.F.);
#63 = EDGE_CURVE('',#22,#64,#66,.T.);
#64 = VERTEX_POINT('',#65);
#65 = CARTESIAN_POINT('',(-21.,-20.,8.));
#66 = LINE('',#67,#68);
#67 = CARTESIAN_POINT('',(-21.,-23.,8.));
#68 = VECTOR('',#69,1.);
#69 = DIRECTION('',(-0.,1.,0.));
#70 = ORIENTED_EDGE('',*,*,#21,.T.);
#71 = ORIENTED_EDGE('',*,*,#72,.T.);
#72 = EDGE_CURVE('',#24,#73,#75,.T.);
#73 = VERTEX_POINT('',#74);
#74 = CARTESIAN_POINT('',(-8.,-28.,8.));
#75 = LINE('',#76,#77);
#76 = CARTESIAN_POINT('',(-16.,-28.,8.));
#77 = VECTOR('',#78,1.);
#78 = DIRECTION('',(1.,0.,-0.));
#79 = ORIENTED_EDGE('',*,*,#80,.T.);
#80 = EDGE_CURVE('',#73,#81,#83,.T.);
#81 = VERTEX_POINT('',#82);
#82 = CARTESIAN_POINT('',(-8.,-26.,8.));
#83 = LINE('',#84,#85);
#84 = CARTESIAN_POINT('',(-8.,-14.5,8.));
#85 = VECTOR('',#86,1.);
#86 = DIRECTION('',(-0.,1.,0.));
#87 = ORIENTED_EDGE('',*,*,#88,.T.);
#88 = EDGE_CURVE('',#81,#89,#91,.T.);
#89 = VERTEX_POINT('',#90);
#90 = CARTESIAN_POINT('',(-16.,-26.,8.));
#91 = LINE('',#92,#93);
#92 = CARTESIAN_POINT('',(-8.,-26.,8.));
#93 = VECTOR('',#94,1.);
#94 = DIRECTION('',(-1.,-0.,0.));
#95 = ORIENTED_EDGE('',*,*,#96,.F.);
#96 = EDGE_CURVE('',#97,#89,#99,.T.);
#97 = VERTEX_POINT('',#98);
#98 = CARTESIAN_POINT('',(-19.,-23.,8.));
#99 = CIRCLE('',#100,3.);
#100 = AXIS2_PLACEMENT_3D('',#101,#102,#103);
#101 = CARTESIAN_POINT('',(-16.,-23.,8.));
#102 = DIRECTION('',(0.,0.,1.));
#103 = DIRECTION('',(1.,0.,-0.));
#104 = ORIENTED_EDGE('',*,*,#105,.T.);
#105 = EDGE_CURVE('',#97,#106,#108,.T.);
#106 = VERTEX_POINT('',#107);
#107 = CARTESIAN_POINT('',(-19.,-20.,8.));
#108 = LINE('',#109,#110);
#109 = CARTESIAN_POINT('',(-19.,-11.5,8.));
#110 = VECTOR('',#111,1.);
#111 = DIRECTION('',(-0.,1.,0.));
#112 = ORIENTED_EDGE('',*,*,#113,.T.);
#113 = EDGE_CURVE('',#106,#64,#114,.T.);
#114 = LINE('',#115,#116);
#115 = CARTESIAN_POINT('',(-11.,-20.,8.));
#116 = VECTOR('',#117,1.);
#117 = DIRECTION('',(-1.,-0.,0.));
#118 = PLANE('',#119);
#119 = AXIS2_PLACEMENT_3D('',#120,#121,#122);
#120 = CARTESIAN_POINT('',(0.,-1.215523145324E-15,8.));
#121 = DIRECTION('',(0.,0.,1.));
#122 = DIRECTION('',(1.,0.,-0.));
#123 = ADVANCED_FACE('',(#124),#174,.F.);
#124 = FACE_BOUND('',#125,.F.);
#125 = EDGE_LOOP('',(#126,#134,#135,#136,#144,#152,#160,#168));
#126 = ORIENTED_EDGE('',*,*,#127,.F.);
#127 = EDGE_CURVE('',#41,#128,#130,.T.);
#128 = VERTEX_POINT('',#129);
#129 = CARTESIAN_POINT('',(16.,-28.,0.));
#130 = LINE('',#131,#132);
#131 = CARTESIAN_POINT('',(-16.,-28.,0.));
#132 = VECTOR('',#133,1.);
#133 = DIRECTION('',(1.,0.,-0.));
#134 = ORIENTED_EDGE('',*,*,#49,.T.);
#135 = ORIENTED_EDGE('',*,*,#72,.T.);
#136 = ORIENTED_EDGE('',*,*,#137,.T.);
#137 = EDGE_CURVE('',#73,#138,#140,.T.);
#138 = VERTEX_POINT('',#139);
#139 = CARTESIAN_POINT('',(-8.,-28.,3.2));
#140 = LINE('',#141,#142);
#141 = CARTESIAN_POINT('',(-8.,-28.,1.6));
#142 = VECTOR('',#143,1.);
#143 = DIRECTION('',(-0.,0.,-1.));
#144 = ORIENTED_EDGE('',*,*,#145,.T.);
#145 = EDGE_CURVE('',#138,#146,#148,.T.);
#146 = VERTEX_POINT('',#147);
#147 = CARTESIAN_POINT('',(8.,-28.,3.2));
#148 = LINE('',#149,#150);
#149 = CARTESIAN_POINT('',(-12.,-28.,3.2));
#150 = VECTOR('',#151,1.);
#151 = DIRECTION('',(1.,0.,-0.));
#152 = ORIENTED_EDGE('',*,*,#153,.F.);
#153 = EDGE_CURVE('',#154,#146,#156,.T.);
#154 = VERTEX_POINT('',#155);
#155 = CARTESIAN_POINT('',(8.,-28.,8.));
#156 = LINE('',#157,#158);
#157 = CARTESIAN_POINT('',(8.,-28.,1.6));
#158 = VECTOR('',#159,1.);
#159 = DIRECTION('',(-0.,0.,-1.));
#160 = ORIENTED_EDGE('',*,*,#161,.T.);
#161 = EDGE_CURVE('',#154,#162,#164,.T.);
#162 = VERTEX_POINT('',#163);
#163 = CARTESIAN_POINT('',(16.,-28.,8.));
#164 = LINE('',#165,#166);
#165 = CARTESIAN_POINT('',(-16.,-28.,8.));
#166 = VECTOR('',#167,1.);
#167 = DIRECTION('',(1.,0.,-0.));
#168 = ORIENTED_EDGE('',*,*,#169,.F.);
#169 = EDGE_CURVE('',#128,#162,#170,.T.);
#170 = LINE('',#171,#172);
#171 = CARTESIAN_POINT('',(16.,-28.,0.));
#172 = VECTOR('',#173,1.);
#173 = DIRECTION('',(0.,0.,1.));
#174 = PLANE('',#175);
#175 = AXIS2_PLACEMENT_3D('',#176,#177,#178);
#176 = CARTESIAN_POINT('',(-16.,-28.,0.));
#177 = DIRECTION('',(-0.,1.,0.));
#178 = DIRECTION('',(0.,0.,1.));
#179 = ADVANCED_FACE('',(#180,#233,#244,#278,#289,#323,#357,#391,#425,
    #436,#470,#504,#538),#549,.T.);
#180 = FACE_BOUND('',#181,.T.);
#181 = EDGE_LOOP('',(#182,#183,#191,#200,#208,#217,#225,#232));
#182 = ORIENTED_EDGE('',*,*,#40,.F.);
#183 = ORIENTED_EDGE('',*,*,#184,.T.);
#184 = EDGE_CURVE('',#33,#185,#187,.T.);
#185 = VERTEX_POINT('',#186);
#186 = CARTESIAN_POINT('',(-21.,23.,0.));
#187 = LINE('',#188,#189);
#188 = CARTESIAN_POINT('',(-21.,-23.,0.));
#189 = VECTOR('',#190,1.);
#190 = DIRECTION('',(-0.,1.,0.));
#191 = ORIENTED_EDGE('',*,*,#192,.F.);
#192 = EDGE_CURVE('',#193,#185,#195,.T.);
#193 = VERTEX_POINT('',#194);
#194 = CARTESIAN_POINT('',(-16.,28.,0.));
#195 = CIRCLE('',#196,5.);
#196 = AXIS2_PLACEMENT_3D('',#197,#198,#199);
#197 = CARTESIAN_POINT('',(-16.,23.,0.));
#198 = DIRECTION('',(0.,0.,1.));
#199 = DIRECTION('',(1.,0.,-0.));
#200 = ORIENTED_EDGE('',*,*,#201,.T.);
#201 = EDGE_CURVE('',#193,#202,#204,.T.);
#202 = VERTEX_POINT('',#203);
#203 = CARTESIAN_POINT('',(16.,28.,0.));
#204 = LINE('',#205,#206);
#205 = CARTESIAN_POINT('',(-16.,28.,0.));
#206 = VECTOR('',#207,1.);
#207 = DIRECTION('',(1.,0.,-0.));
#208 = ORIENTED_EDGE('',*,*,#209,.F.);
#209 = EDGE_CURVE('',#210,#202,#212,.T.);
#210 = VERTEX_POINT('',#211);
#211 = CARTESIAN_POINT('',(21.,23.,0.));
#212 = CIRCLE('',#213,5.);
#213 = AXIS2_PLACEMENT_3D('',#214,#215,#216);
#214 = CARTESIAN_POINT('',(16.,23.,0.));
#215 = DIRECTION('',(0.,0.,1.));
#216 = DIRECTION('',(1.,0.,-0.));
#217 = ORIENTED_EDGE('',*,*,#218,.F.);
#218 = EDGE_CURVE('',#219,#210,#221,.T.);
#219 = VERTEX_POINT('',#220);
#220 = CARTESIAN_POINT('',(21.,-23.,0.));
#221 = LINE('',#222,#223);
#222 = CARTESIAN_POINT('',(21.,-23.,0.));
#223 = VECTOR('',#224,1.);
#224 = DIRECTION('',(-0.,1.,0.));
#225 = ORIENTED_EDGE('',*,*,#226,.F.);
#226 = EDGE_CURVE('',#128,#219,#227,.T.);
#227 = CIRCLE('',#228,5.);
#228 = AXIS2_PLACEMENT_3D('',#229,#230,#231);
#229 = CARTESIAN_POINT('',(16.,-23.,0.));
#230 = DIRECTION('',(0.,0.,1.));
#231 = DIRECTION('',(1.,0.,-0.));
#232 = ORIENTED_EDGE('',*,*,#127,.F.);
#233 = FACE_BOUND('',#234,.T.);
#234 = EDGE_LOOP('',(#235));
#235 = ORIENTED_EDGE('',*,*,#236,.T.);
#236 = EDGE_CURVE('',#237,#237,#239,.T.);
#237 = VERTEX_POINT('',#238);
#238 = CARTESIAN_POINT('',(13.1,-19.5,0.));
#239 = CIRCLE('',#240,2.1);
#240 = AXIS2_PLACEMENT_3D('',#241,#242,#243);
#241 = CARTESIAN_POINT('',(11.,-19.5,0.));
#242 = DIRECTION('',(0.,0.,1.));
#243 = DIRECTION('',(1.,0.,-0.));
#244 = FACE_BOUND('',#245,.T.);
#245 = EDGE_LOOP('',(#246,#256,#264,#272));
#246 = ORIENTED_EDGE('',*,*,#247,.F.);
#247 = EDGE_CURVE('',#248,#250,#252,.T.);
#248 = VERTEX_POINT('',#249);
#249 = CARTESIAN_POINT('',(17.,-5.2,0.));
#250 = VERTEX_POINT('',#251);
#251 = CARTESIAN_POINT('',(18.,-5.2,0.));
#252 = LINE('',#253,#254);
#253 = CARTESIAN_POINT('',(8.5,-5.2,0.));
#254 = VECTOR('',#255,1.);
#255 = DIRECTION('',(1.,0.,-0.));
#256 = ORIENTED_EDGE('',*,*,#257,.T.);
#257 = EDGE_CURVE('',#248,#258,#260,.T.);
#258 = VERTEX_POINT('',#259);
#259 = CARTESIAN_POINT('',(17.,-10.8,0.));
#260 = LINE('',#261,#262);
#261 = CARTESIAN_POINT('',(17.,-5.4,0.));
#262 = VECTOR('',#263,1.);
#263 = DIRECTION('',(0.,-1.,0.));
#264 = ORIENTED_EDGE('',*,*,#265,.T.);
#265 = EDGE_CURVE('',#258,#266,#268,.T.);
#266 = VERTEX_POINT('',#267);
#267 = CARTESIAN_POINT('',(18.,-10.8,0.));
#268 = LINE('',#269,#270);
#269 = CARTESIAN_POINT('',(8.5,-10.8,0.));
#270 = VECTOR('',#271,1.);
#271 = DIRECTION('',(1.,0.,-0.));
#272 = ORIENTED_EDGE('',*,*,#273,.F.);
#273 = EDGE_CURVE('',#250,#266,#274,.T.);
#274 = LINE('',#275,#276);
#275 = CARTESIAN_POINT('',(18.,-5.4,0.));
#276 = VECTOR('',#277,1.);
#277 = DIRECTION('',(0.,-1.,0.));
#278 = FACE_BOUND('',#279,.T.);
#279 = EDGE_LOOP('',(#280));
#280 = ORIENTED_EDGE('',*,*,#281,.T.);
#281 = EDGE_CURVE('',#282,#282,#284,.T.);
#282 = VERTEX_POINT('',#283);
#283 = CARTESIAN_POINT('',(-8.9,-19.5,0.));
#284 = CIRCLE('',#285,2.1);
#285 = AXIS2_PLACEMENT_3D('',#286,#287,#288);
#286 = CARTESIAN_POINT('',(-11.,-19.5,0.));
#287 = DIRECTION('',(0.,0.,1.));
#288 = DIRECTION('',(1.,0.,-0.));
#289 = FACE_BOUND('',#290,.T.);
#290 = EDGE_LOOP('',(#291,#301,#309,#317));
#291 = ORIENTED_EDGE('',*,*,#292,.F.);
#292 = EDGE_CURVE('',#293,#295,#297,.T.);
#293 = VERTEX_POINT('',#294);
#294 = CARTESIAN_POINT('',(-5.,-6.,0.));
#295 = VERTEX_POINT('',#296);
#296 = CARTESIAN_POINT('',(5.,-6.,0.));
#297 = LINE('',#298,#299);
#298 = CARTESIAN_POINT('',(-2.5,-6.,0.));
#299 = VECTOR('',#300,1.);
#300 = DIRECTION('',(1.,0.,-0.));
#301 = ORIENTED_EDGE('',*,*,#302,.T.);
#302 = EDGE_CURVE('',#293,#303,#305,.T.);
#303 = VERTEX_POINT('',#304);
#304 = CARTESIAN_POINT('',(-5.,-8.,0.));
#305 = LINE('',#306,#307);
#306 = CARTESIAN_POINT('',(-5.,-4.,0.));
#307 = VECTOR('',#308,1.);
#308 = DIRECTION('',(0.,-1.,0.));
#309 = ORIENTED_EDGE('',*,*,#310,.T.);
#310 = EDGE_CURVE('',#303,#311,#313,.T.);
#311 = VERTEX_POINT('',#312);
#312 = CARTESIAN_POINT('',(5.,-8.,0.));
#313 = LINE('',#314,#315);
#314 = CARTESIAN_POINT('',(-2.5,-8.,0.));
#315 = VECTOR('',#316,1.);
#316 = DIRECTION('',(1.,0.,-0.));
#317 = ORIENTED_EDGE('',*,*,#318,.F.);
#318 = EDGE_CURVE('',#295,#311,#319,.T.);
#319 = LINE('',#320,#321);
#320 = CARTESIAN_POINT('',(5.,-4.,0.));
#321 = VECTOR('',#322,1.);
#322 = DIRECTION('',(0.,-1.,0.));
#323 = FACE_BOUND('',#324,.T.);
#324 = EDGE_LOOP('',(#325,#335,#343,#351));
#325 = ORIENTED_EDGE('',*,*,#326,.F.);
#326 = EDGE_CURVE('',#327,#329,#331,.T.);
#327 = VERTEX_POINT('',#328);
#328 = CARTESIAN_POINT('',(-5.,0.,0.));
#329 = VERTEX_POINT('',#330);
#330 = CARTESIAN_POINT('',(5.,0.,0.));
#331 = LINE('',#332,#333);
#332 = CARTESIAN_POINT('',(-2.5,0.,0.));
#333 = VECTOR('',#334,1.);
#334 = DIRECTION('',(1.,0.,-0.));
#335 = ORIENTED_EDGE('',*,*,#336,.T.);
#336 = EDGE_CURVE('',#327,#337,#339,.T.);
#337 = VERTEX_POINT('',#338);
#338 = CARTESIAN_POINT('',(-5.,-2.,0.));
#339 = LINE('',#340,#341);
#340 = CARTESIAN_POINT('',(-5.,-1.,0.));
#341 = VECTOR('',#342,1.);
#342 = DIRECTION('',(0.,-1.,0.));
#343 = ORIENTED_EDGE('',*,*,#344,.T.);
#344 = EDGE_CURVE('',#337,#345,#347,.T.);
#345 = VERTEX_POINT('',#346);
#346 = CARTESIAN_POINT('',(5.,-2.,0.));
#347 = LINE('',#348,#349);
#348 = CARTESIAN_POINT('',(-2.5,-2.,0.));
#349 = VECTOR('',#350,1.);
#350 = DIRECTION('',(1.,0.,-0.));
#351 = ORIENTED_EDGE('',*,*,#352,.F.);
#352 = EDGE_CURVE('',#329,#345,#353,.T.);
#353 = LINE('',#354,#355);
#354 = CARTESIAN_POINT('',(5.,-1.,0.));
#355 = VECTOR('',#356,1.);
#356 = DIRECTION('',(0.,-1.,0.));
#357 = FACE_BOUND('',#358,.T.);
#358 = EDGE_LOOP('',(#359,#369,#377,#385));
#359 = ORIENTED_EDGE('',*,*,#360,.F.);
#360 = EDGE_CURVE('',#361,#363,#365,.T.);
#361 = VERTEX_POINT('',#362);
#362 = CARTESIAN_POINT('',(-17.,-5.2,0.));
#363 = VERTEX_POINT('',#364);
#364 = CARTESIAN_POINT('',(-17.,-10.8,0.));
#365 = LINE('',#366,#367);
#366 = CARTESIAN_POINT('',(-17.,-5.4,0.));
#367 = VECTOR('',#368,1.);
#368 = DIRECTION('',(0.,-1.,0.));
#369 = ORIENTED_EDGE('',*,*,#370,.T.);
#370 = EDGE_CURVE('',#361,#371,#373,.T.);
#371 = VERTEX_POINT('',#372);
#372 = CARTESIAN_POINT('',(-18.,-5.2,0.));
#373 = LINE('',#374,#375);
#374 = CARTESIAN_POINT('',(-8.5,-5.2,0.));
#375 = VECTOR('',#376,1.);
#376 = DIRECTION('',(-1.,0.,0.));
#377 = ORIENTED_EDGE('',*,*,#378,.T.);
#378 = EDGE_CURVE('',#371,#379,#381,.T.);
#379 = VERTEX_POINT('',#380);
#380 = CARTESIAN_POINT('',(-18.,-10.8,0.));
#381 = LINE('',#382,#383);
#382 = CARTESIAN_POINT('',(-18.,-5.4,0.));
#383 = VECTOR('',#384,1.);
#384 = DIRECTION('',(0.,-1.,0.));
#385 = ORIENTED_EDGE('',*,*,#386,.F.);
#386 = EDGE_CURVE('',#363,#379,#387,.T.);
#387 = LINE('',#388,#389);
#388 = CARTESIAN_POINT('',(-8.5,-10.8,0.));
#389 = VECTOR('',#390,1.);
#390 = DIRECTION('',(-1.,0.,0.));
#391 = FACE_BOUND('',#392,.T.);
#392 = EDGE_LOOP('',(#393,#403,#411,#419));
#393 = ORIENTED_EDGE('',*,*,#394,.F.);
#394 = EDGE_CURVE('',#395,#397,#399,.T.);
#395 = VERTEX_POINT('',#396);
#396 = CARTESIAN_POINT('',(17.,10.8,0.));
#397 = VERTEX_POINT('',#398);
#398 = CARTESIAN_POINT('',(18.,10.8,0.));
#399 = LINE('',#400,#401);
#400 = CARTESIAN_POINT('',(8.5,10.8,0.));
#401 = VECTOR('',#402,1.);
#402 = DIRECTION('',(1.,0.,-0.));
#403 = ORIENTED_EDGE('',*,*,#404,.T.);
#404 = EDGE_CURVE('',#395,#405,#407,.T.);
#405 = VERTEX_POINT('',#406);
#406 = CARTESIAN_POINT('',(17.,5.2,0.));
#407 = LINE('',#408,#409);
#408 = CARTESIAN_POINT('',(17.,2.6,0.));
#409 = VECTOR('',#410,1.);
#410 = DIRECTION('',(0.,-1.,0.));
#411 = ORIENTED_EDGE('',*,*,#412,.T.);
#412 = EDGE_CURVE('',#405,#413,#415,.T.);
#413 = VERTEX_POINT('',#414);
#414 = CARTESIAN_POINT('',(18.,5.2,0.));
#415 = LINE('',#416,#417);
#416 = CARTESIAN_POINT('',(8.5,5.2,0.));
#417 = VECTOR('',#418,1.);
#418 = DIRECTION('',(1.,0.,-0.));
#419 = ORIENTED_EDGE('',*,*,#420,.F.);
#420 = EDGE_CURVE('',#397,#413,#421,.T.);
#421 = LINE('',#422,#423);
#422 = CARTESIAN_POINT('',(18.,2.6,0.));
#423 = VECTOR('',#424,1.);
#424 = DIRECTION('',(0.,-1.,0.));
#425 = FACE_BOUND('',#426,.T.);
#426 = EDGE_LOOP('',(#427));
#427 = ORIENTED_EDGE('',*,*,#428,.T.);
#428 = EDGE_CURVE('',#429,#429,#431,.T.);
#429 = VERTEX_POINT('',#430);
#430 = CARTESIAN_POINT('',(13.1,19.5,0.));
#431 = CIRCLE('',#432,2.1);
#432 = AXIS2_PLACEMENT_3D('',#433,#434,#435);
#433 = CARTESIAN_POINT('',(11.,19.5,0.));
#434 = DIRECTION('',(0.,0.,1.));
#435 = DIRECTION('',(1.,0.,-0.));
#436 = FACE_BOUND('',#437,.T.);
#437 = EDGE_LOOP('',(#438,#448,#456,#464));
#438 = ORIENTED_EDGE('',*,*,#439,.F.);
#439 = EDGE_CURVE('',#440,#442,#444,.T.);
#440 = VERTEX_POINT('',#441);
#441 = CARTESIAN_POINT('',(-5.,6.,0.));
#442 = VERTEX_POINT('',#443);
#443 = CARTESIAN_POINT('',(5.,6.,0.));
#444 = LINE('',#445,#446);
#445 = CARTESIAN_POINT('',(-2.5,6.,0.));
#446 = VECTOR('',#447,1.);
#447 = DIRECTION('',(1.,0.,-0.));
#448 = ORIENTED_EDGE('',*,*,#449,.T.);
#449 = EDGE_CURVE('',#440,#450,#452,.T.);
#450 = VERTEX_POINT('',#451);
#451 = CARTESIAN_POINT('',(-5.,4.,0.));
#452 = LINE('',#453,#454);
#453 = CARTESIAN_POINT('',(-5.,2.,0.));
#454 = VECTOR('',#455,1.);
#455 = DIRECTION('',(0.,-1.,0.));
#456 = ORIENTED_EDGE('',*,*,#457,.T.);
#457 = EDGE_CURVE('',#450,#458,#460,.T.);
#458 = VERTEX_POINT('',#459);
#459 = CARTESIAN_POINT('',(5.,4.,0.));
#460 = LINE('',#461,#462);
#461 = CARTESIAN_POINT('',(-2.5,4.,0.));
#462 = VECTOR('',#463,1.);
#463 = DIRECTION('',(1.,0.,-0.));
#464 = ORIENTED_EDGE('',*,*,#465,.F.);
#465 = EDGE_CURVE('',#442,#458,#466,.T.);
#466 = LINE('',#467,#468);
#467 = CARTESIAN_POINT('',(5.,2.,0.));
#468 = VECTOR('',#469,1.);
#469 = DIRECTION('',(0.,-1.,0.));
#470 = FACE_BOUND('',#471,.T.);
#471 = EDGE_LOOP('',(#472,#482,#490,#498));
#472 = ORIENTED_EDGE('',*,*,#473,.F.);
#473 = EDGE_CURVE('',#474,#476,#478,.T.);
#474 = VERTEX_POINT('',#475);
#475 = CARTESIAN_POINT('',(-17.,10.8,0.));
#476 = VERTEX_POINT('',#477);
#477 = CARTESIAN_POINT('',(-17.,5.2,0.));
#478 = LINE('',#479,#480);
#479 = CARTESIAN_POINT('',(-17.,2.6,0.));
#480 = VECTOR('',#481,1.);
#481 = DIRECTION('',(0.,-1.,0.));
#482 = ORIENTED_EDGE('',*,*,#483,.T.);
#483 = EDGE_CURVE('',#474,#484,#486,.T.);
#484 = VERTEX_POINT('',#485);
#485 = CARTESIAN_POINT('',(-18.,10.8,0.));
#486 = LINE('',#487,#488);
#487 = CARTESIAN_POINT('',(-8.5,10.8,0.));
#488 = VECTOR('',#489,1.);
#489 = DIRECTION('',(-1.,0.,0.));
#490 = ORIENTED_EDGE('',*,*,#491,.T.);
#491 = EDGE_CURVE('',#484,#492,#494,.T.);
#492 = VERTEX_POINT('',#493);
#493 = CARTESIAN_POINT('',(-18.,5.2,0.));
#494 = LINE('',#495,#496);
#495 = CARTESIAN_POINT('',(-18.,2.6,0.));
#496 = VECTOR('',#497,1.);
#497 = DIRECTION('',(0.,-1.,0.));
#498 = ORIENTED_EDGE('',*,*,#499,.F.);
#499 = EDGE_CURVE('',#476,#492,#500,.T.);
#500 = LINE('',#501,#502);
#501 = CARTESIAN_POINT('',(-8.5,5.2,0.));
#502 = VECTOR('',#503,1.);
#503 = DIRECTION('',(-1.,0.,0.));
#504 = FACE_BOUND('',#505,.T.);
#505 = EDGE_LOOP('',(#506,#516,#524,#532));
#506 = ORIENTED_EDGE('',*,*,#507,.F.);
#507 = EDGE_CURVE('',#508,#510,#512,.T.);
#508 = VERTEX_POINT('',#509);
#509 = CARTESIAN_POINT('',(-5.,12.,0.));
#510 = VERTEX_POINT('',#511);
#511 = CARTESIAN_POINT('',(5.,12.,0.));
#512 = LINE('',#513,#514);
#513 = CARTESIAN_POINT('',(-2.5,12.,0.));
#514 = VECTOR('',#515,1.);
#515 = DIRECTION('',(1.,0.,-0.));
#516 = ORIENTED_EDGE('',*,*,#517,.T.);
#517 = EDGE_CURVE('',#508,#518,#520,.T.);
#518 = VERTEX_POINT('',#519);
#519 = CARTESIAN_POINT('',(-5.,10.,0.));
#520 = LINE('',#521,#522);
#521 = CARTESIAN_POINT('',(-5.,5.,0.));
#522 = VECTOR('',#523,1.);
#523 = DIRECTION('',(0.,-1.,0.));
#524 = ORIENTED_EDGE('',*,*,#525,.T.);
#525 = EDGE_CURVE('',#518,#526,#528,.T.);
#526 = VERTEX_POINT('',#527);
#527 = CARTESIAN_POINT('',(5.,10.,0.));
#528 = LINE('',#529,#530);
#529 = CARTESIAN_POINT('',(-2.5,10.,0.));
#530 = VECTOR('',#531,1.);
#531 = DIRECTION('',(1.,0.,-0.));
#532 = ORIENTED_EDGE('',*,*,#533,.F.);
#533 = EDGE_CURVE('',#510,#526,#534,.T.);
#534 = LINE('',#535,#536);
#535 = CARTESIAN_POINT('',(5.,5.,0.));
#536 = VECTOR('',#537,1.);
#537 = DIRECTION('',(0.,-1.,0.));
#538 = FACE_BOUND('',#539,.T.);
#539 = EDGE_LOOP('',(#540));
#540 = ORIENTED_EDGE('',*,*,#541,.T.);
#541 = EDGE_CURVE('',#542,#542,#544,.T.);
#542 = VERTEX_POINT('',#543);
#543 = CARTESIAN_POINT('',(-8.9,19.5,0.));
#544 = CIRCLE('',#545,2.1);
#545 = AXIS2_PLACEMENT_3D('',#546,#547,#548);
#546 = CARTESIAN_POINT('',(-11.,19.5,0.));
#547 = DIRECTION('',(0.,0.,1.));
#548 = DIRECTION('',(1.,0.,-0.));
#549 = PLANE('',#550);
#550 = AXIS2_PLACEMENT_3D('',#551,#552,#553);
#551 = CARTESIAN_POINT('',(0.,-2.431046290648E-15,0.));
#552 = DIRECTION('',(-0.,-0.,-1.));
#553 = DIRECTION('',(-1.,0.,0.));
#554 = ADVANCED_FACE('',(#555),#598,.F.);
#555 = FACE_BOUND('',#556,.F.);
#556 = EDGE_LOOP('',(#557,#558,#559,#567,#575,#583,#591,#597));
#557 = ORIENTED_EDGE('',*,*,#32,.F.);
#558 = ORIENTED_EDGE('',*,*,#184,.T.);
#559 = ORIENTED_EDGE('',*,*,#560,.T.);
#560 = EDGE_CURVE('',#185,#561,#563,.T.);
#561 = VERTEX_POINT('',#562);
#562 = CARTESIAN_POINT('',(-21.,23.,8.));
#563 = LINE('',#564,#565);
#564 = CARTESIAN_POINT('',(-21.,23.,0.));
#565 = VECTOR('',#566,1.);
#566 = DIRECTION('',(0.,0.,1.));
#567 = ORIENTED_EDGE('',*,*,#568,.F.);
#568 = EDGE_CURVE('',#569,#561,#571,.T.);
#569 = VERTEX_POINT('',#570);
#570 = CARTESIAN_POINT('',(-21.,-10.,8.));
#571 = LINE('',#572,#573);
#572 = CARTESIAN_POINT('',(-21.,-23.,8.));
#573 = VECTOR('',#574,1.);
#574 = DIRECTION('',(-0.,1.,0.));
#575 = ORIENTED_EDGE('',*,*,#576,.F.);
#576 = EDGE_CURVE('',#577,#569,#579,.T.);
#577 = VERTEX_POINT('',#578);
#578 = CARTESIAN_POINT('',(-21.,-10.,4.));
#579 = LINE('',#580,#581);
#580 = CARTESIAN_POINT('',(-21.,-10.,2.));
#581 = VECTOR('',#582,1.);
#582 = DIRECTION('',(0.,0.,1.));
#583 = ORIENTED_EDGE('',*,*,#584,.T.);
#584 = EDGE_CURVE('',#577,#585,#587,.T.);
#585 = VERTEX_POINT('',#586);
#586 = CARTESIAN_POINT('',(-21.,-20.,4.));
#587 = LINE('',#588,#589);
#588 = CARTESIAN_POINT('',(-21.,-21.5,4.));
#589 = VECTOR('',#590,1.);
#590 = DIRECTION('',(0.,-1.,0.));
#591 = ORIENTED_EDGE('',*,*,#592,.T.);
#592 = EDGE_CURVE('',#585,#64,#593,.T.);
#593 = LINE('',#594,#595);
#594 = CARTESIAN_POINT('',(-21.,-20.,2.));
#595 = VECTOR('',#596,1.);
#596 = DIRECTION('',(0.,0.,1.));
#597 = ORIENTED_EDGE('',*,*,#63,.F.);
#598 = PLANE('',#599);
#599 = AXIS2_PLACEMENT_3D('',#600,#601,#602);
#600 = CARTESIAN_POINT('',(-21.,-23.,0.));
#601 = DIRECTION('',(1.,0.,-0.));
#602 = DIRECTION('',(0.,0.,1.));
#603 = ADVANCED_FACE('',(#604),#638,.T.);
#604 = FACE_BOUND('',#605,.T.);
#605 = EDGE_LOOP('',(#606,#614,#615,#616,#624,#632));
#606 = ORIENTED_EDGE('',*,*,#607,.F.);
#607 = EDGE_CURVE('',#585,#608,#610,.T.);
#608 = VERTEX_POINT('',#609);
#609 = CARTESIAN_POINT('',(-14.81410196625,-20.,4.));
#610 = LINE('',#611,#612);
#611 = CARTESIAN_POINT('',(-22.,-20.,4.));
#612 = VECTOR('',#613,1.);
#613 = DIRECTION('',(1.,0.,-0.));
#614 = ORIENTED_EDGE('',*,*,#592,.T.);
#615 = ORIENTED_EDGE('',*,*,#113,.F.);
#616 = ORIENTED_EDGE('',*,*,#617,.T.);
#617 = EDGE_CURVE('',#106,#618,#620,.T.);
#618 = VERTEX_POINT('',#619);
#619 = CARTESIAN_POINT('',(-19.,-20.,10.));
#620 = LINE('',#621,#622);
#621 = CARTESIAN_POINT('',(-19.,-20.,5.95));
#622 = VECTOR('',#623,1.);
#623 = DIRECTION('',(0.,0.,1.));
#624 = ORIENTED_EDGE('',*,*,#625,.T.);
#625 = EDGE_CURVE('',#618,#626,#628,.T.);
#626 = VERTEX_POINT('',#627);
#627 = CARTESIAN_POINT('',(-14.81410196625,-20.,10.));
#628 = LINE('',#629,#630);
#629 = CARTESIAN_POINT('',(-22.,-20.,10.));
#630 = VECTOR('',#631,1.);
#631 = DIRECTION('',(1.,0.,-0.));
#632 = ORIENTED_EDGE('',*,*,#633,.F.);
#633 = EDGE_CURVE('',#608,#626,#634,.T.);
#634 = LINE('',#635,#636);
#635 = CARTESIAN_POINT('',(-14.81410196625,-20.,2.8));
#636 = VECTOR('',#637,1.);
#637 = DIRECTION('',(0.,0.,1.));
#638 = PLANE('',#639);
#639 = AXIS2_PLACEMENT_3D('',#640,#641,#642);
#640 = CARTESIAN_POINT('',(-22.,-20.,4.));
#641 = DIRECTION('',(-0.,1.,0.));
#642 = DIRECTION('',(0.,0.,1.));
#643 = ADVANCED_FACE('',(#644),#678,.F.);
#644 = FACE_BOUND('',#645,.F.);
#645 = EDGE_LOOP('',(#646,#654,#655,#656,#664,#672));
#646 = ORIENTED_EDGE('',*,*,#647,.F.);
#647 = EDGE_CURVE('',#97,#648,#650,.T.);
#648 = VERTEX_POINT('',#649);
#649 = CARTESIAN_POINT('',(-19.,-23.,10.8));
#650 = LINE('',#651,#652);
#651 = CARTESIAN_POINT('',(-19.,-23.,7.9));
#652 = VECTOR('',#653,1.);
#653 = DIRECTION('',(0.,0.,1.));
#654 = ORIENTED_EDGE('',*,*,#105,.T.);
#655 = ORIENTED_EDGE('',*,*,#617,.T.);
#656 = ORIENTED_EDGE('',*,*,#657,.F.);
#657 = EDGE_CURVE('',#658,#618,#660,.T.);
#658 = VERTEX_POINT('',#659);
#659 = CARTESIAN_POINT('',(-19.,-10.8,10.));
#660 = LINE('',#661,#662);
#661 = CARTESIAN_POINT('',(-19.,-21.5,10.));
#662 = VECTOR('',#663,1.);
#663 = DIRECTION('',(0.,-1.,0.));
#664 = ORIENTED_EDGE('',*,*,#665,.F.);
#665 = EDGE_CURVE('',#666,#658,#668,.T.);
#666 = VERTEX_POINT('',#667);
#667 = CARTESIAN_POINT('',(-19.,-10.8,10.8));
#668 = LINE('',#669,#670);
#669 = CARTESIAN_POINT('',(-19.,-10.8,5.35));
#670 = VECTOR('',#671,1.);
#671 = DIRECTION('',(0.,-0.,-1.));
#672 = ORIENTED_EDGE('',*,*,#673,.F.);
#673 = EDGE_CURVE('',#648,#666,#674,.T.);
#674 = LINE('',#675,#676);
#675 = CARTESIAN_POINT('',(-19.,-23.,10.8));
#676 = VECTOR('',#677,1.);
#677 = DIRECTION('',(-0.,1.,0.));
#678 = PLANE('',#679);
#679 = AXIS2_PLACEMENT_3D('',#680,#681,#682);
#680 = CARTESIAN_POINT('',(-19.,-23.,7.9));
#681 = DIRECTION('',(1.,0.,-0.));
#682 = DIRECTION('',(0.,0.,1.));
#683 = ADVANCED_FACE('',(#684),#703,.T.);
#684 = FACE_BOUND('',#685,.T.);
#685 = EDGE_LOOP('',(#686,#695,#696,#697));
#686 = ORIENTED_EDGE('',*,*,#687,.F.);
#687 = EDGE_CURVE('',#648,#688,#690,.T.);
#688 = VERTEX_POINT('',#689);
#689 = CARTESIAN_POINT('',(-16.,-26.,10.8));
#690 = CIRCLE('',#691,3.);
#691 = AXIS2_PLACEMENT_3D('',#692,#693,#694);
#692 = CARTESIAN_POINT('',(-16.,-23.,10.8));
#693 = DIRECTION('',(0.,0.,1.));
#694 = DIRECTION('',(1.,0.,-0.));
#695 = ORIENTED_EDGE('',*,*,#647,.F.);
#696 = ORIENTED_EDGE('',*,*,#96,.T.);
#697 = ORIENTED_EDGE('',*,*,#698,.T.);
#698 = EDGE_CURVE('',#89,#688,#699,.T.);
#699 = LINE('',#700,#701);
#700 = CARTESIAN_POINT('',(-16.,-26.,7.9));
#701 = VECTOR('',#702,1.);
#702 = DIRECTION('',(0.,0.,1.));
#703 = CYLINDRICAL_SURFACE('',#704,3.);
#704 = AXIS2_PLACEMENT_3D('',#705,#706,#707);
#705 = CARTESIAN_POINT('',(-16.,-23.,7.9));
#706 = DIRECTION('',(0.,0.,1.));
#707 = DIRECTION('',(1.,0.,-0.));
#708 = ADVANCED_FACE('',(#709),#727,.F.);
#709 = FACE_BOUND('',#710,.F.);
#710 = EDGE_LOOP('',(#711,#719,#720,#721));
#711 = ORIENTED_EDGE('',*,*,#712,.T.);
#712 = EDGE_CURVE('',#713,#81,#715,.T.);
#713 = VERTEX_POINT('',#714);
#714 = CARTESIAN_POINT('',(-8.,-26.,10.8));
#715 = LINE('',#716,#717);
#716 = CARTESIAN_POINT('',(-8.,-26.,5.55));
#717 = VECTOR('',#718,1.);
#718 = DIRECTION('',(-0.,0.,-1.));
#719 = ORIENTED_EDGE('',*,*,#88,.T.);
#720 = ORIENTED_EDGE('',*,*,#698,.T.);
#721 = ORIENTED_EDGE('',*,*,#722,.T.);
#722 = EDGE_CURVE('',#688,#713,#723,.T.);
#723 = LINE('',#724,#725);
#724 = CARTESIAN_POINT('',(-16.,-26.,10.8));
#725 = VECTOR('',#726,1.);
#726 = DIRECTION('',(1.,0.,-0.));
#727 = PLANE('',#728);
#728 = AXIS2_PLACEMENT_3D('',#729,#730,#731);
#729 = CARTESIAN_POINT('',(-16.,-26.,7.9));
#730 = DIRECTION('',(-0.,1.,0.));
#731 = DIRECTION('',(0.,0.,1.));
#732 = ADVANCED_FACE('',(#733),#760,.T.);
#733 = FACE_BOUND('',#734,.T.);
#734 = EDGE_LOOP('',(#735,#736,#744,#752,#758,#759));
#735 = ORIENTED_EDGE('',*,*,#137,.T.);
#736 = ORIENTED_EDGE('',*,*,#737,.T.);
#737 = EDGE_CURVE('',#138,#738,#740,.T.);
#738 = VERTEX_POINT('',#739);
#739 = CARTESIAN_POINT('',(-8.,-22.5,3.2));
#740 = LINE('',#741,#742);
#741 = CARTESIAN_POINT('',(-8.,-29.,3.2));
#742 = VECTOR('',#743,1.);
#743 = DIRECTION('',(-0.,1.,0.));
#744 = ORIENTED_EDGE('',*,*,#745,.F.);
#745 = EDGE_CURVE('',#746,#738,#748,.T.);
#746 = VERTEX_POINT('',#747);
#747 = CARTESIAN_POINT('',(-8.,-22.5,10.8));
#748 = LINE('',#749,#750);
#749 = CARTESIAN_POINT('',(-8.,-22.5,3.));
#750 = VECTOR('',#751,1.);
#751 = DIRECTION('',(-0.,0.,-1.));
#752 = ORIENTED_EDGE('',*,*,#753,.F.);
#753 = EDGE_CURVE('',#713,#746,#754,.T.);
#754 = LINE('',#755,#756);
#755 = CARTESIAN_POINT('',(-8.,-14.5,10.8));
#756 = VECTOR('',#757,1.);
#757 = DIRECTION('',(-0.,1.,0.));
#758 = ORIENTED_EDGE('',*,*,#712,.T.);
#759 = ORIENTED_EDGE('',*,*,#80,.F.);
#760 = PLANE('',#761);
#761 = AXIS2_PLACEMENT_3D('',#762,#763,#764);
#762 = CARTESIAN_POINT('',(-8.,-29.,3.2));
#763 = DIRECTION('',(1.,0.,-0.));
#764 = DIRECTION('',(0.,0.,1.));
#765 = ADVANCED_FACE('',(#766),#785,.T.);
#766 = FACE_BOUND('',#767,.T.);
#767 = EDGE_LOOP('',(#768,#777,#778,#779));
#768 = ORIENTED_EDGE('',*,*,#769,.F.);
#769 = EDGE_CURVE('',#162,#770,#772,.T.);
#770 = VERTEX_POINT('',#771);
#771 = CARTESIAN_POINT('',(21.,-23.,8.));
#772 = CIRCLE('',#773,5.);
#773 = AXIS2_PLACEMENT_3D('',#774,#775,#776);
#774 = CARTESIAN_POINT('',(16.,-23.,8.));
#775 = DIRECTION('',(0.,0.,1.));
#776 = DIRECTION('',(1.,0.,-0.));
#777 = ORIENTED_EDGE('',*,*,#169,.F.);
#778 = ORIENTED_EDGE('',*,*,#226,.T.);
#779 = ORIENTED_EDGE('',*,*,#780,.T.);
#780 = EDGE_CURVE('',#219,#770,#781,.T.);
#781 = LINE('',#782,#783);
#782 = CARTESIAN_POINT('',(21.,-23.,0.));
#783 = VECTOR('',#784,1.);
#784 = DIRECTION('',(0.,0.,1.));
#785 = CYLINDRICAL_SURFACE('',#786,5.);
#786 = AXIS2_PLACEMENT_3D('',#787,#788,#789);
#787 = CARTESIAN_POINT('',(16.,-23.,0.));
#788 = DIRECTION('',(0.,0.,1.));
#789 = DIRECTION('',(1.,0.,-0.));
#790 = ADVANCED_FACE('',(#791),#842,.T.);
#791 = FACE_BOUND('',#792,.T.);
#792 = EDGE_LOOP('',(#793,#801,#809,#817,#826,#834,#840,#841));
#793 = ORIENTED_EDGE('',*,*,#794,.T.);
#794 = EDGE_CURVE('',#770,#795,#797,.T.);
#795 = VERTEX_POINT('',#796);
#796 = CARTESIAN_POINT('',(21.,-20.,8.));
#797 = LINE('',#798,#799);
#798 = CARTESIAN_POINT('',(21.,-23.,8.));
#799 = VECTOR('',#800,1.);
#800 = DIRECTION('',(-0.,1.,0.));
#801 = ORIENTED_EDGE('',*,*,#802,.T.);
#802 = EDGE_CURVE('',#795,#803,#805,.T.);
#803 = VERTEX_POINT('',#804);
#804 = CARTESIAN_POINT('',(19.,-20.,8.));
#805 = LINE('',#806,#807);
#806 = CARTESIAN_POINT('',(7.,-20.,8.));
#807 = VECTOR('',#808,1.);
#808 = DIRECTION('',(-1.,-0.,0.));
#809 = ORIENTED_EDGE('',*,*,#810,.F.);
#810 = EDGE_CURVE('',#811,#803,#813,.T.);
#811 = VERTEX_POINT('',#812);
#812 = CARTESIAN_POINT('',(19.,-23.,8.));
#813 = LINE('',#814,#815);
#814 = CARTESIAN_POINT('',(19.,-11.5,8.));
#815 = VECTOR('',#816,1.);
#816 = DIRECTION('',(-0.,1.,0.));
#817 = ORIENTED_EDGE('',*,*,#818,.F.);
#818 = EDGE_CURVE('',#819,#811,#821,.T.);
#819 = VERTEX_POINT('',#820);
#820 = CARTESIAN_POINT('',(16.,-26.,8.));
#821 = CIRCLE('',#822,3.);
#822 = AXIS2_PLACEMENT_3D('',#823,#824,#825);
#823 = CARTESIAN_POINT('',(16.,-23.,8.));
#824 = DIRECTION('',(0.,0.,1.));
#825 = DIRECTION('',(1.,0.,-0.));
#826 = ORIENTED_EDGE('',*,*,#827,.T.);
#827 = EDGE_CURVE('',#819,#828,#830,.T.);
#828 = VERTEX_POINT('',#829);
#829 = CARTESIAN_POINT('',(8.,-26.,8.));
#830 = LINE('',#831,#832);
#831 = CARTESIAN_POINT('',(-8.,-26.,8.));
#832 = VECTOR('',#833,1.);
#833 = DIRECTION('',(-1.,-0.,0.));
#834 = ORIENTED_EDGE('',*,*,#835,.F.);
#835 = EDGE_CURVE('',#154,#828,#836,.T.);
#836 = LINE('',#837,#838);
#837 = CARTESIAN_POINT('',(8.,-14.5,8.));
#838 = VECTOR('',#839,1.);
#839 = DIRECTION('',(-0.,1.,0.));
#840 = ORIENTED_EDGE('',*,*,#161,.T.);
#841 = ORIENTED_EDGE('',*,*,#769,.T.);
#842 = PLANE('',#843);
#843 = AXIS2_PLACEMENT_3D('',#844,#845,#846);
#844 = CARTESIAN_POINT('',(0.,-1.215523145324E-15,8.));
#845 = DIRECTION('',(0.,0.,1.));
#846 = DIRECTION('',(1.,0.,-0.));
#847 = ADVANCED_FACE('',(#848),#882,.F.);
#848 = FACE_BOUND('',#849,.F.);
#849 = EDGE_LOOP('',(#850,#851,#859,#867,#875,#881));
#850 = ORIENTED_EDGE('',*,*,#153,.T.);
#851 = ORIENTED_EDGE('',*,*,#852,.T.);
#852 = EDGE_CURVE('',#146,#853,#855,.T.);
#853 = VERTEX_POINT('',#854);
#854 = CARTESIAN_POINT('',(8.,-22.5,3.2));
#855 = LINE('',#856,#857);
#856 = CARTESIAN_POINT('',(8.,-29.,3.2));
#857 = VECTOR('',#858,1.);
#858 = DIRECTION('',(-0.,1.,0.));
#859 = ORIENTED_EDGE('',*,*,#860,.F.);
#860 = EDGE_CURVE('',#861,#853,#863,.T.);
#861 = VERTEX_POINT('',#862);
#862 = CARTESIAN_POINT('',(8.,-22.5,10.8));
#863 = LINE('',#864,#865);
#864 = CARTESIAN_POINT('',(8.,-22.5,3.));
#865 = VECTOR('',#866,1.);
#866 = DIRECTION('',(-0.,0.,-1.));
#867 = ORIENTED_EDGE('',*,*,#868,.F.);
#868 = EDGE_CURVE('',#869,#861,#871,.T.);
#869 = VERTEX_POINT('',#870);
#870 = CARTESIAN_POINT('',(8.,-26.,10.8));
#871 = LINE('',#872,#873);
#872 = CARTESIAN_POINT('',(8.,-14.5,10.8));
#873 = VECTOR('',#874,1.);
#874 = DIRECTION('',(-0.,1.,0.));
#875 = ORIENTED_EDGE('',*,*,#876,.T.);
#876 = EDGE_CURVE('',#869,#828,#877,.T.);
#877 = LINE('',#878,#879);
#878 = CARTESIAN_POINT('',(8.,-26.,5.55));
#879 = VECTOR('',#880,1.);
#880 = DIRECTION('',(-0.,0.,-1.));
#881 = ORIENTED_EDGE('',*,*,#835,.F.);
#882 = PLANE('',#883);
#883 = AXIS2_PLACEMENT_3D('',#884,#885,#886);
#884 = CARTESIAN_POINT('',(8.,-29.,3.2));
#885 = DIRECTION('',(1.,0.,-0.));
#886 = DIRECTION('',(0.,0.,1.));
#887 = ADVANCED_FACE('',(#888),#899,.T.);
#888 = FACE_BOUND('',#889,.T.);
#889 = EDGE_LOOP('',(#890,#891,#892,#893));
#890 = ORIENTED_EDGE('',*,*,#737,.F.);
#891 = ORIENTED_EDGE('',*,*,#145,.T.);
#892 = ORIENTED_EDGE('',*,*,#852,.T.);
#893 = ORIENTED_EDGE('',*,*,#894,.F.);
#894 = EDGE_CURVE('',#738,#853,#895,.T.);
#895 = LINE('',#896,#897);
#896 = CARTESIAN_POINT('',(-9.73,-22.5,3.2));
#897 = VECTOR('',#898,1.);
#898 = DIRECTION('',(1.,0.,-0.));
#899 = PLANE('',#900);
#900 = AXIS2_PLACEMENT_3D('',#901,#902,#903);
#901 = CARTESIAN_POINT('',(-8.,-29.,3.2));
#902 = DIRECTION('',(0.,0.,1.));
#903 = DIRECTION('',(1.,0.,-0.));
#904 = ADVANCED_FACE('',(#905),#924,.T.);
#905 = FACE_BOUND('',#906,.T.);
#906 = EDGE_LOOP('',(#907,#916,#922,#923));
#907 = ORIENTED_EDGE('',*,*,#908,.F.);
#908 = EDGE_CURVE('',#909,#561,#911,.T.);
#909 = VERTEX_POINT('',#910);
#910 = CARTESIAN_POINT('',(-16.,28.,8.));
#911 = CIRCLE('',#912,5.);
#912 = AXIS2_PLACEMENT_3D('',#913,#914,#915);
#913 = CARTESIAN_POINT('',(-16.,23.,8.));
#914 = DIRECTION('',(0.,0.,1.));
#915 = DIRECTION('',(1.,0.,-0.));
#916 = ORIENTED_EDGE('',*,*,#917,.F.);
#917 = EDGE_CURVE('',#193,#909,#918,.T.);
#918 = LINE('',#919,#920);
#919 = CARTESIAN_POINT('',(-16.,28.,0.));
#920 = VECTOR('',#921,1.);
#921 = DIRECTION('',(0.,0.,1.));
#922 = ORIENTED_EDGE('',*,*,#192,.T.);
#923 = ORIENTED_EDGE('',*,*,#560,.T.);
#924 = CYLINDRICAL_SURFACE('',#925,5.);
#925 = AXIS2_PLACEMENT_3D('',#926,#927,#928);
#926 = CARTESIAN_POINT('',(-16.,23.,0.));
#927 = DIRECTION('',(0.,0.,1.));
#928 = DIRECTION('',(1.,0.,-0.));
#929 = ADVANCED_FACE('',(#930),#948,.T.);
#930 = FACE_BOUND('',#931,.T.);
#931 = EDGE_LOOP('',(#932,#933,#934,#942));
#932 = ORIENTED_EDGE('',*,*,#201,.F.);
#933 = ORIENTED_EDGE('',*,*,#917,.T.);
#934 = ORIENTED_EDGE('',*,*,#935,.T.);
#935 = EDGE_CURVE('',#909,#936,#938,.T.);
#936 = VERTEX_POINT('',#937);
#937 = CARTESIAN_POINT('',(16.,28.,8.));
#938 = LINE('',#939,#940);
#939 = CARTESIAN_POINT('',(-16.,28.,8.));
#940 = VECTOR('',#941,1.);
#941 = DIRECTION('',(1.,0.,-0.));
#942 = ORIENTED_EDGE('',*,*,#943,.F.);
#943 = EDGE_CURVE('',#202,#936,#944,.T.);
#944 = LINE('',#945,#946);
#945 = CARTESIAN_POINT('',(16.,28.,0.));
#946 = VECTOR('',#947,1.);
#947 = DIRECTION('',(0.,0.,1.));
#948 = PLANE('',#949);
#949 = AXIS2_PLACEMENT_3D('',#950,#951,#952);
#950 = CARTESIAN_POINT('',(-16.,28.,0.));
#951 = DIRECTION('',(-0.,1.,0.));
#952 = DIRECTION('',(0.,0.,1.));
#953 = ADVANCED_FACE('',(#954),#997,.T.);
#954 = FACE_BOUND('',#955,.T.);
#955 = EDGE_LOOP('',(#956,#957,#958,#966,#974,#982,#990,#996));
#956 = ORIENTED_EDGE('',*,*,#780,.F.);
#957 = ORIENTED_EDGE('',*,*,#218,.T.);
#958 = ORIENTED_EDGE('',*,*,#959,.T.);
#959 = EDGE_CURVE('',#210,#960,#962,.T.);
#960 = VERTEX_POINT('',#961);
#961 = CARTESIAN_POINT('',(21.,23.,8.));
#962 = LINE('',#963,#964);
#963 = CARTESIAN_POINT('',(21.,23.,0.));
#964 = VECTOR('',#965,1.);
#965 = DIRECTION('',(0.,0.,1.));
#966 = ORIENTED_EDGE('',*,*,#967,.F.);
#967 = EDGE_CURVE('',#968,#960,#970,.T.);
#968 = VERTEX_POINT('',#969);
#969 = CARTESIAN_POINT('',(21.,-10.,8.));
#970 = LINE('',#971,#972);
#971 = CARTESIAN_POINT('',(21.,-23.,8.));
#972 = VECTOR('',#973,1.);
#973 = DIRECTION('',(-0.,1.,0.));
#974 = ORIENTED_EDGE('',*,*,#975,.F.);
#975 = EDGE_CURVE('',#976,#968,#978,.T.);
#976 = VERTEX_POINT('',#977);
#977 = CARTESIAN_POINT('',(21.,-10.,4.));
#978 = LINE('',#979,#980);
#979 = CARTESIAN_POINT('',(21.,-10.,2.));
#980 = VECTOR('',#981,1.);
#981 = DIRECTION('',(0.,0.,1.));
#982 = ORIENTED_EDGE('',*,*,#983,.T.);
#983 = EDGE_CURVE('',#976,#984,#986,.T.);
#984 = VERTEX_POINT('',#985);
#985 = CARTESIAN_POINT('',(21.,-20.,4.));
#986 = LINE('',#987,#988);
#987 = CARTESIAN_POINT('',(21.,-21.5,4.));
#988 = VECTOR('',#989,1.);
#989 = DIRECTION('',(0.,-1.,0.));
#990 = ORIENTED_EDGE('',*,*,#991,.T.);
#991 = EDGE_CURVE('',#984,#795,#992,.T.);
#992 = LINE('',#993,#994);
#993 = CARTESIAN_POINT('',(21.,-20.,2.));
#994 = VECTOR('',#995,1.);
#995 = DIRECTION('',(0.,0.,1.));
#996 = ORIENTED_EDGE('',*,*,#794,.F.);
#997 = PLANE('',#998);
#998 = AXIS2_PLACEMENT_3D('',#999,#1000,#1001);
#999 = CARTESIAN_POINT('',(21.,-23.,0.));
#1000 = DIRECTION('',(1.,0.,-0.));
#1001 = DIRECTION('',(0.,0.,1.));
#1002 = ADVANCED_FACE('',(#1003),#1015,.T.);
#1003 = FACE_BOUND('',#1004,.T.);
#1004 = EDGE_LOOP('',(#1005,#1012,#1013,#1014));
#1005 = ORIENTED_EDGE('',*,*,#1006,.F.);
#1006 = EDGE_CURVE('',#960,#936,#1007,.T.);
#1007 = CIRCLE('',#1008,5.);
#1008 = AXIS2_PLACEMENT_3D('',#1009,#1010,#1011);
#1009 = CARTESIAN_POINT('',(16.,23.,8.));
#1010 = DIRECTION('',(0.,0.,1.));
#1011 = DIRECTION('',(1.,0.,-0.));
#1012 = ORIENTED_EDGE('',*,*,#959,.F.);
#1013 = ORIENTED_EDGE('',*,*,#209,.T.);
#1014 = ORIENTED_EDGE('',*,*,#943,.T.);
#1015 = CYLINDRICAL_SURFACE('',#1016,5.);
#1016 = AXIS2_PLACEMENT_3D('',#1017,#1018,#1019);
#1017 = CARTESIAN_POINT('',(16.,23.,0.));
#1018 = DIRECTION('',(0.,0.,1.));
#1019 = DIRECTION('',(1.,0.,-0.));
#1020 = ADVANCED_FACE('',(#1021),#1040,.F.);
#1021 = FACE_BOUND('',#1022,.F.);
#1022 = EDGE_LOOP('',(#1023,#1031,#1038,#1039));
#1023 = ORIENTED_EDGE('',*,*,#1024,.T.);
#1024 = EDGE_CURVE('',#237,#1025,#1027,.T.);
#1025 = VERTEX_POINT('',#1026);
#1026 = CARTESIAN_POINT('',(13.1,-19.5,1.3));
#1027 = LINE('',#1028,#1029);
#1028 = CARTESIAN_POINT('',(13.1,-19.5,-0.1));
#1029 = VECTOR('',#1030,1.);
#1030 = DIRECTION('',(0.,0.,1.));
#1031 = ORIENTED_EDGE('',*,*,#1032,.F.);
#1032 = EDGE_CURVE('',#1025,#1025,#1033,.T.);
#1033 = CIRCLE('',#1034,2.1);
#1034 = AXIS2_PLACEMENT_3D('',#1035,#1036,#1037);
#1035 = CARTESIAN_POINT('',(11.,-19.5,1.3));
#1036 = DIRECTION('',(0.,0.,1.));
#1037 = DIRECTION('',(1.,0.,-0.));
#1038 = ORIENTED_EDGE('',*,*,#1024,.F.);
#1039 = ORIENTED_EDGE('',*,*,#236,.T.);
#1040 = CYLINDRICAL_SURFACE('',#1041,2.1);
#1041 = AXIS2_PLACEMENT_3D('',#1042,#1043,#1044);
#1042 = CARTESIAN_POINT('',(11.,-19.5,-0.1));
#1043 = DIRECTION('',(0.,0.,1.));
#1044 = DIRECTION('',(1.,0.,-0.));
#1045 = ADVANCED_FACE('',(#1046),#1065,.F.);
#1046 = FACE_BOUND('',#1047,.F.);
#1047 = EDGE_LOOP('',(#1048,#1056,#1063,#1064));
#1048 = ORIENTED_EDGE('',*,*,#1049,.T.);
#1049 = EDGE_CURVE('',#282,#1050,#1052,.T.);
#1050 = VERTEX_POINT('',#1051);
#1051 = CARTESIAN_POINT('',(-8.9,-19.5,1.3));
#1052 = LINE('',#1053,#1054);
#1053 = CARTESIAN_POINT('',(-8.9,-19.5,-0.1));
#1054 = VECTOR('',#1055,1.);
#1055 = DIRECTION('',(0.,0.,1.));
#1056 = ORIENTED_EDGE('',*,*,#1057,.F.);
#1057 = EDGE_CURVE('',#1050,#1050,#1058,.T.);
#1058 = CIRCLE('',#1059,2.1);
#1059 = AXIS2_PLACEMENT_3D('',#1060,#1061,#1062);
#1060 = CARTESIAN_POINT('',(-11.,-19.5,1.3));
#1061 = DIRECTION('',(0.,0.,1.));
#1062 = DIRECTION('',(1.,0.,-0.));
#1063 = ORIENTED_EDGE('',*,*,#1049,.F.);
#1064 = ORIENTED_EDGE('',*,*,#281,.T.);
#1065 = CYLINDRICAL_SURFACE('',#1066,2.1);
#1066 = AXIS2_PLACEMENT_3D('',#1067,#1068,#1069);
#1067 = CARTESIAN_POINT('',(-11.,-19.5,-0.1));
#1068 = DIRECTION('',(0.,0.,1.));
#1069 = DIRECTION('',(1.,0.,-0.));
#1070 = ADVANCED_FACE('',(#1071),#1096,.F.);
#1071 = FACE_BOUND('',#1072,.F.);
#1072 = EDGE_LOOP('',(#1073,#1081,#1082,#1090));
#1073 = ORIENTED_EDGE('',*,*,#1074,.F.);
#1074 = EDGE_CURVE('',#295,#1075,#1077,.T.);
#1075 = VERTEX_POINT('',#1076);
#1076 = CARTESIAN_POINT('',(5.,-6.,2.8));
#1077 = LINE('',#1078,#1079);
#1078 = CARTESIAN_POINT('',(5.,-6.,-0.1));
#1079 = VECTOR('',#1080,1.);
#1080 = DIRECTION('',(0.,0.,1.));
#1081 = ORIENTED_EDGE('',*,*,#292,.F.);
#1082 = ORIENTED_EDGE('',*,*,#1083,.T.);
#1083 = EDGE_CURVE('',#293,#1084,#1086,.T.);
#1084 = VERTEX_POINT('',#1085);
#1085 = CARTESIAN_POINT('',(-5.,-6.,2.8));
#1086 = LINE('',#1087,#1088);
#1087 = CARTESIAN_POINT('',(-5.,-6.,-0.1));
#1088 = VECTOR('',#1089,1.);
#1089 = DIRECTION('',(0.,0.,1.));
#1090 = ORIENTED_EDGE('',*,*,#1091,.T.);
#1091 = EDGE_CURVE('',#1084,#1075,#1092,.T.);
#1092 = LINE('',#1093,#1094);
#1093 = CARTESIAN_POINT('',(-2.5,-6.,2.8));
#1094 = VECTOR('',#1095,1.);
#1095 = DIRECTION('',(1.,0.,-0.));
#1096 = PLANE('',#1097);
#1097 = AXIS2_PLACEMENT_3D('',#1098,#1099,#1100);
#1098 = CARTESIAN_POINT('',(-5.,-6.,-0.1));
#1099 = DIRECTION('',(-0.,1.,0.));
#1100 = DIRECTION('',(0.,0.,1.));
#1101 = ADVANCED_FACE('',(#1102),#1120,.T.);
#1102 = FACE_BOUND('',#1103,.T.);
#1103 = EDGE_LOOP('',(#1104,#1112,#1113,#1114));
#1104 = ORIENTED_EDGE('',*,*,#1105,.F.);
#1105 = EDGE_CURVE('',#303,#1106,#1108,.T.);
#1106 = VERTEX_POINT('',#1107);
#1107 = CARTESIAN_POINT('',(-5.,-8.,2.8));
#1108 = LINE('',#1109,#1110);
#1109 = CARTESIAN_POINT('',(-5.,-8.,-0.1));
#1110 = VECTOR('',#1111,1.);
#1111 = DIRECTION('',(0.,0.,1.));
#1112 = ORIENTED_EDGE('',*,*,#302,.F.);
#1113 = ORIENTED_EDGE('',*,*,#1083,.T.);
#1114 = ORIENTED_EDGE('',*,*,#1115,.T.);
#1115 = EDGE_CURVE('',#1084,#1106,#1116,.T.);
#1116 = LINE('',#1117,#1118);
#1117 = CARTESIAN_POINT('',(-5.,-4.,2.8));
#1118 = VECTOR('',#1119,1.);
#1119 = DIRECTION('',(0.,-1.,0.));
#1120 = PLANE('',#1121);
#1121 = AXIS2_PLACEMENT_3D('',#1122,#1123,#1124);
#1122 = CARTESIAN_POINT('',(-5.,-8.,-0.1));
#1123 = DIRECTION('',(1.,0.,-0.));
#1124 = DIRECTION('',(0.,0.,1.));
#1125 = ADVANCED_FACE('',(#1126),#1144,.F.);
#1126 = FACE_BOUND('',#1127,.F.);
#1127 = EDGE_LOOP('',(#1128,#1136,#1137,#1138));
#1128 = ORIENTED_EDGE('',*,*,#1129,.F.);
#1129 = EDGE_CURVE('',#311,#1130,#1132,.T.);
#1130 = VERTEX_POINT('',#1131);
#1131 = CARTESIAN_POINT('',(5.,-8.,2.8));
#1132 = LINE('',#1133,#1134);
#1133 = CARTESIAN_POINT('',(5.,-8.,-0.1));
#1134 = VECTOR('',#1135,1.);
#1135 = DIRECTION('',(0.,0.,1.));
#1136 = ORIENTED_EDGE('',*,*,#318,.F.);
#1137 = ORIENTED_EDGE('',*,*,#1074,.T.);
#1138 = ORIENTED_EDGE('',*,*,#1139,.T.);
#1139 = EDGE_CURVE('',#1075,#1130,#1140,.T.);
#1140 = LINE('',#1141,#1142);
#1141 = CARTESIAN_POINT('',(5.,-4.,2.8));
#1142 = VECTOR('',#1143,1.);
#1143 = DIRECTION('',(0.,-1.,0.));
#1144 = PLANE('',#1145);
#1145 = AXIS2_PLACEMENT_3D('',#1146,#1147,#1148);
#1146 = CARTESIAN_POINT('',(5.,-8.,-0.1));
#1147 = DIRECTION('',(1.,0.,-0.));
#1148 = DIRECTION('',(0.,0.,1.));
#1149 = ADVANCED_FACE('',(#1150),#1161,.T.);
#1150 = FACE_BOUND('',#1151,.T.);
#1151 = EDGE_LOOP('',(#1152,#1153,#1154,#1155));
#1152 = ORIENTED_EDGE('',*,*,#1129,.F.);
#1153 = ORIENTED_EDGE('',*,*,#310,.F.);
#1154 = ORIENTED_EDGE('',*,*,#1105,.T.);
#1155 = ORIENTED_EDGE('',*,*,#1156,.T.);
#1156 = EDGE_CURVE('',#1106,#1130,#1157,.T.);
#1157 = LINE('',#1158,#1159);
#1158 = CARTESIAN_POINT('',(-2.5,-8.,2.8));
#1159 = VECTOR('',#1160,1.);
#1160 = DIRECTION('',(1.,0.,-0.));
#1161 = PLANE('',#1162);
#1162 = AXIS2_PLACEMENT_3D('',#1163,#1164,#1165);
#1163 = CARTESIAN_POINT('',(-5.,-8.,-0.1));
#1164 = DIRECTION('',(-0.,1.,0.));
#1165 = DIRECTION('',(0.,0.,1.));
#1166 = ADVANCED_FACE('',(#1167),#1192,.F.);
#1167 = FACE_BOUND('',#1168,.F.);
#1168 = EDGE_LOOP('',(#1169,#1177,#1178,#1186));
#1169 = ORIENTED_EDGE('',*,*,#1170,.F.);
#1170 = EDGE_CURVE('',#329,#1171,#1173,.T.);
#1171 = VERTEX_POINT('',#1172);
#1172 = CARTESIAN_POINT('',(5.,0.,2.8));
#1173 = LINE('',#1174,#1175);
#1174 = CARTESIAN_POINT('',(5.,0.,-0.1));
#1175 = VECTOR('',#1176,1.);
#1176 = DIRECTION('',(0.,0.,1.));
#1177 = ORIENTED_EDGE('',*,*,#326,.F.);
#1178 = ORIENTED_EDGE('',*,*,#1179,.T.);
#1179 = EDGE_CURVE('',#327,#1180,#1182,.T.);
#1180 = VERTEX_POINT('',#1181);
#1181 = CARTESIAN_POINT('',(-5.,0.,2.8));
#1182 = LINE('',#1183,#1184);
#1183 = CARTESIAN_POINT('',(-5.,0.,-0.1));
#1184 = VECTOR('',#1185,1.);
#1185 = DIRECTION('',(0.,0.,1.));
#1186 = ORIENTED_EDGE('',*,*,#1187,.T.);
#1187 = EDGE_CURVE('',#1180,#1171,#1188,.T.);
#1188 = LINE('',#1189,#1190);
#1189 = CARTESIAN_POINT('',(-2.5,0.,2.8));
#1190 = VECTOR('',#1191,1.);
#1191 = DIRECTION('',(1.,0.,-0.));
#1192 = PLANE('',#1193);
#1193 = AXIS2_PLACEMENT_3D('',#1194,#1195,#1196);
#1194 = CARTESIAN_POINT('',(-5.,0.,-0.1));
#1195 = DIRECTION('',(-0.,1.,0.));
#1196 = DIRECTION('',(0.,0.,1.));
#1197 = ADVANCED_FACE('',(#1198),#1216,.T.);
#1198 = FACE_BOUND('',#1199,.T.);
#1199 = EDGE_LOOP('',(#1200,#1208,#1209,#1210));
#1200 = ORIENTED_EDGE('',*,*,#1201,.F.);
#1201 = EDGE_CURVE('',#337,#1202,#1204,.T.);
#1202 = VERTEX_POINT('',#1203);
#1203 = CARTESIAN_POINT('',(-5.,-2.,2.8));
#1204 = LINE('',#1205,#1206);
#1205 = CARTESIAN_POINT('',(-5.,-2.,-0.1));
#1206 = VECTOR('',#1207,1.);
#1207 = DIRECTION('',(0.,0.,1.));
#1208 = ORIENTED_EDGE('',*,*,#336,.F.);
#1209 = ORIENTED_EDGE('',*,*,#1179,.T.);
#1210 = ORIENTED_EDGE('',*,*,#1211,.T.);
#1211 = EDGE_CURVE('',#1180,#1202,#1212,.T.);
#1212 = LINE('',#1213,#1214);
#1213 = CARTESIAN_POINT('',(-5.,-1.,2.8));
#1214 = VECTOR('',#1215,1.);
#1215 = DIRECTION('',(0.,-1.,0.));
#1216 = PLANE('',#1217);
#1217 = AXIS2_PLACEMENT_3D('',#1218,#1219,#1220);
#1218 = CARTESIAN_POINT('',(-5.,-2.,-0.1));
#1219 = DIRECTION('',(1.,0.,-0.));
#1220 = DIRECTION('',(0.,0.,1.));
#1221 = ADVANCED_FACE('',(#1222),#1240,.F.);
#1222 = FACE_BOUND('',#1223,.F.);
#1223 = EDGE_LOOP('',(#1224,#1232,#1233,#1234));
#1224 = ORIENTED_EDGE('',*,*,#1225,.F.);
#1225 = EDGE_CURVE('',#345,#1226,#1228,.T.);
#1226 = VERTEX_POINT('',#1227);
#1227 = CARTESIAN_POINT('',(5.,-2.,2.8));
#1228 = LINE('',#1229,#1230);
#1229 = CARTESIAN_POINT('',(5.,-2.,-0.1));
#1230 = VECTOR('',#1231,1.);
#1231 = DIRECTION('',(0.,0.,1.));
#1232 = ORIENTED_EDGE('',*,*,#352,.F.);
#1233 = ORIENTED_EDGE('',*,*,#1170,.T.);
#1234 = ORIENTED_EDGE('',*,*,#1235,.T.);
#1235 = EDGE_CURVE('',#1171,#1226,#1236,.T.);
#1236 = LINE('',#1237,#1238);
#1237 = CARTESIAN_POINT('',(5.,-1.,2.8));
#1238 = VECTOR('',#1239,1.);
#1239 = DIRECTION('',(0.,-1.,0.));
#1240 = PLANE('',#1241);
#1241 = AXIS2_PLACEMENT_3D('',#1242,#1243,#1244);
#1242 = CARTESIAN_POINT('',(5.,-2.,-0.1));
#1243 = DIRECTION('',(1.,0.,-0.));
#1244 = DIRECTION('',(0.,0.,1.));
#1245 = ADVANCED_FACE('',(#1246),#1257,.T.);
#1246 = FACE_BOUND('',#1247,.T.);
#1247 = EDGE_LOOP('',(#1248,#1249,#1250,#1251));
#1248 = ORIENTED_EDGE('',*,*,#1225,.F.);
#1249 = ORIENTED_EDGE('',*,*,#344,.F.);
#1250 = ORIENTED_EDGE('',*,*,#1201,.T.);
#1251 = ORIENTED_EDGE('',*,*,#1252,.T.);
#1252 = EDGE_CURVE('',#1202,#1226,#1253,.T.);
#1253 = LINE('',#1254,#1255);
#1254 = CARTESIAN_POINT('',(-2.5,-2.,2.8));
#1255 = VECTOR('',#1256,1.);
#1256 = DIRECTION('',(1.,0.,-0.));
#1257 = PLANE('',#1258);
#1258 = AXIS2_PLACEMENT_3D('',#1259,#1260,#1261);
#1259 = CARTESIAN_POINT('',(-5.,-2.,-0.1));
#1260 = DIRECTION('',(-0.,1.,0.));
#1261 = DIRECTION('',(0.,0.,1.));
#1262 = ADVANCED_FACE('',(#1263),#1282,.F.);
#1263 = FACE_BOUND('',#1264,.F.);
#1264 = EDGE_LOOP('',(#1265,#1273,#1280,#1281));
#1265 = ORIENTED_EDGE('',*,*,#1266,.T.);
#1266 = EDGE_CURVE('',#429,#1267,#1269,.T.);
#1267 = VERTEX_POINT('',#1268);
#1268 = CARTESIAN_POINT('',(13.1,19.5,1.3));
#1269 = LINE('',#1270,#1271);
#1270 = CARTESIAN_POINT('',(13.1,19.5,-0.1));
#1271 = VECTOR('',#1272,1.);
#1272 = DIRECTION('',(0.,0.,1.));
#1273 = ORIENTED_EDGE('',*,*,#1274,.F.);
#1274 = EDGE_CURVE('',#1267,#1267,#1275,.T.);
#1275 = CIRCLE('',#1276,2.1);
#1276 = AXIS2_PLACEMENT_3D('',#1277,#1278,#1279);
#1277 = CARTESIAN_POINT('',(11.,19.5,1.3));
#1278 = DIRECTION('',(0.,0.,1.));
#1279 = DIRECTION('',(1.,0.,-0.));
#1280 = ORIENTED_EDGE('',*,*,#1266,.F.);
#1281 = ORIENTED_EDGE('',*,*,#428,.T.);
#1282 = CYLINDRICAL_SURFACE('',#1283,2.1);
#1283 = AXIS2_PLACEMENT_3D('',#1284,#1285,#1286);
#1284 = CARTESIAN_POINT('',(11.,19.5,-0.1));
#1285 = DIRECTION('',(0.,0.,1.));
#1286 = DIRECTION('',(1.,0.,-0.));
#1287 = ADVANCED_FACE('',(#1288),#1313,.F.);
#1288 = FACE_BOUND('',#1289,.F.);
#1289 = EDGE_LOOP('',(#1290,#1298,#1299,#1307));
#1290 = ORIENTED_EDGE('',*,*,#1291,.F.);
#1291 = EDGE_CURVE('',#442,#1292,#1294,.T.);
#1292 = VERTEX_POINT('',#1293);
#1293 = CARTESIAN_POINT('',(5.,6.,2.8));
#1294 = LINE('',#1295,#1296);
#1295 = CARTESIAN_POINT('',(5.,6.,-0.1));
#1296 = VECTOR('',#1297,1.);
#1297 = DIRECTION('',(0.,0.,1.));
#1298 = ORIENTED_EDGE('',*,*,#439,.F.);
#1299 = ORIENTED_EDGE('',*,*,#1300,.T.);
#1300 = EDGE_CURVE('',#440,#1301,#1303,.T.);
#1301 = VERTEX_POINT('',#1302);
#1302 = CARTESIAN_POINT('',(-5.,6.,2.8));
#1303 = LINE('',#1304,#1305);
#1304 = CARTESIAN_POINT('',(-5.,6.,-0.1));
#1305 = VECTOR('',#1306,1.);
#1306 = DIRECTION('',(0.,0.,1.));
#1307 = ORIENTED_EDGE('',*,*,#1308,.T.);
#1308 = EDGE_CURVE('',#1301,#1292,#1309,.T.);
#1309 = LINE('',#1310,#1311);
#1310 = CARTESIAN_POINT('',(-2.5,6.,2.8));
#1311 = VECTOR('',#1312,1.);
#1312 = DIRECTION('',(1.,0.,-0.));
#1313 = PLANE('',#1314);
#1314 = AXIS2_PLACEMENT_3D('',#1315,#1316,#1317);
#1315 = CARTESIAN_POINT('',(-5.,6.,-0.1));
#1316 = DIRECTION('',(-0.,1.,0.));
#1317 = DIRECTION('',(0.,0.,1.));
#1318 = ADVANCED_FACE('',(#1319),#1337,.T.);
#1319 = FACE_BOUND('',#1320,.T.);
#1320 = EDGE_LOOP('',(#1321,#1329,#1330,#1331));
#1321 = ORIENTED_EDGE('',*,*,#1322,.F.);
#1322 = EDGE_CURVE('',#450,#1323,#1325,.T.);
#1323 = VERTEX_POINT('',#1324);
#1324 = CARTESIAN_POINT('',(-5.,4.,2.8));
#1325 = LINE('',#1326,#1327);
#1326 = CARTESIAN_POINT('',(-5.,4.,-0.1));
#1327 = VECTOR('',#1328,1.);
#1328 = DIRECTION('',(0.,0.,1.));
#1329 = ORIENTED_EDGE('',*,*,#449,.F.);
#1330 = ORIENTED_EDGE('',*,*,#1300,.T.);
#1331 = ORIENTED_EDGE('',*,*,#1332,.T.);
#1332 = EDGE_CURVE('',#1301,#1323,#1333,.T.);
#1333 = LINE('',#1334,#1335);
#1334 = CARTESIAN_POINT('',(-5.,2.,2.8));
#1335 = VECTOR('',#1336,1.);
#1336 = DIRECTION('',(0.,-1.,0.));
#1337 = PLANE('',#1338);
#1338 = AXIS2_PLACEMENT_3D('',#1339,#1340,#1341);
#1339 = CARTESIAN_POINT('',(-5.,4.,-0.1));
#1340 = DIRECTION('',(1.,0.,-0.));
#1341 = DIRECTION('',(0.,0.,1.));
#1342 = ADVANCED_FACE('',(#1343),#1361,.F.);
#1343 = FACE_BOUND('',#1344,.F.);
#1344 = EDGE_LOOP('',(#1345,#1353,#1354,#1355));
#1345 = ORIENTED_EDGE('',*,*,#1346,.F.);
#1346 = EDGE_CURVE('',#458,#1347,#1349,.T.);
#1347 = VERTEX_POINT('',#1348);
#1348 = CARTESIAN_POINT('',(5.,4.,2.8));
#1349 = LINE('',#1350,#1351);
#1350 = CARTESIAN_POINT('',(5.,4.,-0.1));
#1351 = VECTOR('',#1352,1.);
#1352 = DIRECTION('',(0.,0.,1.));
#1353 = ORIENTED_EDGE('',*,*,#465,.F.);
#1354 = ORIENTED_EDGE('',*,*,#1291,.T.);
#1355 = ORIENTED_EDGE('',*,*,#1356,.T.);
#1356 = EDGE_CURVE('',#1292,#1347,#1357,.T.);
#1357 = LINE('',#1358,#1359);
#1358 = CARTESIAN_POINT('',(5.,2.,2.8));
#1359 = VECTOR('',#1360,1.);
#1360 = DIRECTION('',(0.,-1.,0.));
#1361 = PLANE('',#1362);
#1362 = AXIS2_PLACEMENT_3D('',#1363,#1364,#1365);
#1363 = CARTESIAN_POINT('',(5.,4.,-0.1));
#1364 = DIRECTION('',(1.,0.,-0.));
#1365 = DIRECTION('',(0.,0.,1.));
#1366 = ADVANCED_FACE('',(#1367),#1378,.T.);
#1367 = FACE_BOUND('',#1368,.T.);
#1368 = EDGE_LOOP('',(#1369,#1370,#1371,#1372));
#1369 = ORIENTED_EDGE('',*,*,#1346,.F.);
#1370 = ORIENTED_EDGE('',*,*,#457,.F.);
#1371 = ORIENTED_EDGE('',*,*,#1322,.T.);
#1372 = ORIENTED_EDGE('',*,*,#1373,.T.);
#1373 = EDGE_CURVE('',#1323,#1347,#1374,.T.);
#1374 = LINE('',#1375,#1376);
#1375 = CARTESIAN_POINT('',(-2.5,4.,2.8));
#1376 = VECTOR('',#1377,1.);
#1377 = DIRECTION('',(1.,0.,-0.));
#1378 = PLANE('',#1379);
#1379 = AXIS2_PLACEMENT_3D('',#1380,#1381,#1382);
#1380 = CARTESIAN_POINT('',(-5.,4.,-0.1));
#1381 = DIRECTION('',(-0.,1.,0.));
#1382 = DIRECTION('',(0.,0.,1.));
#1383 = ADVANCED_FACE('',(#1384),#1409,.F.);
#1384 = FACE_BOUND('',#1385,.F.);
#1385 = EDGE_LOOP('',(#1386,#1394,#1395,#1403));
#1386 = ORIENTED_EDGE('',*,*,#1387,.F.);
#1387 = EDGE_CURVE('',#510,#1388,#1390,.T.);
#1388 = VERTEX_POINT('',#1389);
#1389 = CARTESIAN_POINT('',(5.,12.,2.8));
#1390 = LINE('',#1391,#1392);
#1391 = CARTESIAN_POINT('',(5.,12.,-0.1));
#1392 = VECTOR('',#1393,1.);
#1393 = DIRECTION('',(0.,0.,1.));
#1394 = ORIENTED_EDGE('',*,*,#507,.F.);
#1395 = ORIENTED_EDGE('',*,*,#1396,.T.);
#1396 = EDGE_CURVE('',#508,#1397,#1399,.T.);
#1397 = VERTEX_POINT('',#1398);
#1398 = CARTESIAN_POINT('',(-5.,12.,2.8));
#1399 = LINE('',#1400,#1401);
#1400 = CARTESIAN_POINT('',(-5.,12.,-0.1));
#1401 = VECTOR('',#1402,1.);
#1402 = DIRECTION('',(0.,0.,1.));
#1403 = ORIENTED_EDGE('',*,*,#1404,.T.);
#1404 = EDGE_CURVE('',#1397,#1388,#1405,.T.);
#1405 = LINE('',#1406,#1407);
#1406 = CARTESIAN_POINT('',(-2.5,12.,2.8));
#1407 = VECTOR('',#1408,1.);
#1408 = DIRECTION('',(1.,0.,-0.));
#1409 = PLANE('',#1410);
#1410 = AXIS2_PLACEMENT_3D('',#1411,#1412,#1413);
#1411 = CARTESIAN_POINT('',(-5.,12.,-0.1));
#1412 = DIRECTION('',(-0.,1.,0.));
#1413 = DIRECTION('',(0.,0.,1.));
#1414 = ADVANCED_FACE('',(#1415),#1433,.F.);
#1415 = FACE_BOUND('',#1416,.F.);
#1416 = EDGE_LOOP('',(#1417,#1425,#1426,#1427));
#1417 = ORIENTED_EDGE('',*,*,#1418,.F.);
#1418 = EDGE_CURVE('',#526,#1419,#1421,.T.);
#1419 = VERTEX_POINT('',#1420);
#1420 = CARTESIAN_POINT('',(5.,10.,2.8));
#1421 = LINE('',#1422,#1423);
#1422 = CARTESIAN_POINT('',(5.,10.,-0.1));
#1423 = VECTOR('',#1424,1.);
#1424 = DIRECTION('',(0.,0.,1.));
#1425 = ORIENTED_EDGE('',*,*,#533,.F.);
#1426 = ORIENTED_EDGE('',*,*,#1387,.T.);
#1427 = ORIENTED_EDGE('',*,*,#1428,.T.);
#1428 = EDGE_CURVE('',#1388,#1419,#1429,.T.);
#1429 = LINE('',#1430,#1431);
#1430 = CARTESIAN_POINT('',(5.,5.,2.8));
#1431 = VECTOR('',#1432,1.);
#1432 = DIRECTION('',(0.,-1.,0.));
#1433 = PLANE('',#1434);
#1434 = AXIS2_PLACEMENT_3D('',#1435,#1436,#1437);
#1435 = CARTESIAN_POINT('',(5.,10.,-0.1));
#1436 = DIRECTION('',(1.,0.,-0.));
#1437 = DIRECTION('',(0.,0.,1.));
#1438 = ADVANCED_FACE('',(#1439),#1457,.T.);
#1439 = FACE_BOUND('',#1440,.T.);
#1440 = EDGE_LOOP('',(#1441,#1442,#1443,#1451));
#1441 = ORIENTED_EDGE('',*,*,#1418,.F.);
#1442 = ORIENTED_EDGE('',*,*,#525,.F.);
#1443 = ORIENTED_EDGE('',*,*,#1444,.T.);
#1444 = EDGE_CURVE('',#518,#1445,#1447,.T.);
#1445 = VERTEX_POINT('',#1446);
#1446 = CARTESIAN_POINT('',(-5.,10.,2.8));
#1447 = LINE('',#1448,#1449);
#1448 = CARTESIAN_POINT('',(-5.,10.,-0.1));
#1449 = VECTOR('',#1450,1.);
#1450 = DIRECTION('',(0.,0.,1.));
#1451 = ORIENTED_EDGE('',*,*,#1452,.T.);
#1452 = EDGE_CURVE('',#1445,#1419,#1453,.T.);
#1453 = LINE('',#1454,#1455);
#1454 = CARTESIAN_POINT('',(-2.5,10.,2.8));
#1455 = VECTOR('',#1456,1.);
#1456 = DIRECTION('',(1.,0.,-0.));
#1457 = PLANE('',#1458);
#1458 = AXIS2_PLACEMENT_3D('',#1459,#1460,#1461);
#1459 = CARTESIAN_POINT('',(-5.,10.,-0.1));
#1460 = DIRECTION('',(-0.,1.,0.));
#1461 = DIRECTION('',(0.,0.,1.));
#1462 = ADVANCED_FACE('',(#1463),#1474,.T.);
#1463 = FACE_BOUND('',#1464,.T.);
#1464 = EDGE_LOOP('',(#1465,#1466,#1467,#1468));
#1465 = ORIENTED_EDGE('',*,*,#1444,.F.);
#1466 = ORIENTED_EDGE('',*,*,#517,.F.);
#1467 = ORIENTED_EDGE('',*,*,#1396,.T.);
#1468 = ORIENTED_EDGE('',*,*,#1469,.T.);
#1469 = EDGE_CURVE('',#1397,#1445,#1470,.T.);
#1470 = LINE('',#1471,#1472);
#1471 = CARTESIAN_POINT('',(-5.,5.,2.8));
#1472 = VECTOR('',#1473,1.);
#1473 = DIRECTION('',(0.,-1.,0.));
#1474 = PLANE('',#1475);
#1475 = AXIS2_PLACEMENT_3D('',#1476,#1477,#1478);
#1476 = CARTESIAN_POINT('',(-5.,10.,-0.1));
#1477 = DIRECTION('',(1.,0.,-0.));
#1478 = DIRECTION('',(0.,0.,1.));
#1479 = ADVANCED_FACE('',(#1480),#1499,.F.);
#1480 = FACE_BOUND('',#1481,.F.);
#1481 = EDGE_LOOP('',(#1482,#1490,#1497,#1498));
#1482 = ORIENTED_EDGE('',*,*,#1483,.T.);
#1483 = EDGE_CURVE('',#542,#1484,#1486,.T.);
#1484 = VERTEX_POINT('',#1485);
#1485 = CARTESIAN_POINT('',(-8.9,19.5,1.3));
#1486 = LINE('',#1487,#1488);
#1487 = CARTESIAN_POINT('',(-8.9,19.5,-0.1));
#1488 = VECTOR('',#1489,1.);
#1489 = DIRECTION('',(0.,0.,1.));
#1490 = ORIENTED_EDGE('',*,*,#1491,.F.);
#1491 = EDGE_CURVE('',#1484,#1484,#1492,.T.);
#1492 = CIRCLE('',#1493,2.1);
#1493 = AXIS2_PLACEMENT_3D('',#1494,#1495,#1496);
#1494 = CARTESIAN_POINT('',(-11.,19.5,1.3));
#1495 = DIRECTION('',(0.,0.,1.));
#1496 = DIRECTION('',(1.,0.,-0.));
#1497 = ORIENTED_EDGE('',*,*,#1483,.F.);
#1498 = ORIENTED_EDGE('',*,*,#541,.T.);
#1499 = CYLINDRICAL_SURFACE('',#1500,2.1);
#1500 = AXIS2_PLACEMENT_3D('',#1501,#1502,#1503);
#1501 = CARTESIAN_POINT('',(-11.,19.5,-0.1));
#1502 = DIRECTION('',(0.,0.,1.));
#1503 = DIRECTION('',(1.,0.,-0.));
#1504 = ADVANCED_FACE('',(#1505),#1564,.T.);
#1505 = FACE_BOUND('',#1506,.T.);
#1506 = EDGE_LOOP('',(#1507,#1515,#1516,#1517,#1526,#1534,#1542,#1550,
    #1558));
#1507 = ORIENTED_EDGE('',*,*,#1508,.F.);
#1508 = EDGE_CURVE('',#577,#1509,#1511,.T.);
#1509 = VERTEX_POINT('',#1510);
#1510 = CARTESIAN_POINT('',(-20.,-10.,4.));
#1511 = LINE('',#1512,#1513);
#1512 = CARTESIAN_POINT('',(-22.,-10.,4.));
#1513 = VECTOR('',#1514,1.);
#1514 = DIRECTION('',(1.,0.,-0.));
#1515 = ORIENTED_EDGE('',*,*,#584,.T.);
#1516 = ORIENTED_EDGE('',*,*,#607,.T.);
#1517 = ORIENTED_EDGE('',*,*,#1518,.F.);
#1518 = EDGE_CURVE('',#1519,#608,#1521,.T.);
#1519 = VERTEX_POINT('',#1520);
#1520 = CARTESIAN_POINT('',(-14.96,-19.,4.));
#1521 = CIRCLE('',#1522,3.5);
#1522 = AXIS2_PLACEMENT_3D('',#1523,#1524,#1525);
#1523 = CARTESIAN_POINT('',(-11.46,-19.,4.));
#1524 = DIRECTION('',(0.,0.,1.));
#1525 = DIRECTION('',(1.,0.,-0.));
#1526 = ORIENTED_EDGE('',*,*,#1527,.F.);
#1527 = EDGE_CURVE('',#1528,#1519,#1530,.T.);
#1528 = VERTEX_POINT('',#1529);
#1529 = CARTESIAN_POINT('',(-14.96,-10.,4.));
#1530 = LINE('',#1531,#1532);
#1531 = CARTESIAN_POINT('',(-14.96,-19.5,4.));
#1532 = VECTOR('',#1533,1.);
#1533 = DIRECTION('',(0.,-1.,0.));
#1534 = ORIENTED_EDGE('',*,*,#1535,.F.);
#1535 = EDGE_CURVE('',#1536,#1528,#1538,.T.);
#1536 = VERTEX_POINT('',#1537);
#1537 = CARTESIAN_POINT('',(-17.,-10.,4.));
#1538 = LINE('',#1539,#1540);
#1539 = CARTESIAN_POINT('',(-22.,-10.,4.));
#1540 = VECTOR('',#1541,1.);
#1541 = DIRECTION('',(1.,0.,-0.));
#1542 = ORIENTED_EDGE('',*,*,#1543,.F.);
#1543 = EDGE_CURVE('',#1544,#1536,#1546,.T.);
#1544 = VERTEX_POINT('',#1545);
#1545 = CARTESIAN_POINT('',(-17.,-10.8,4.));
#1546 = LINE('',#1547,#1548);
#1547 = CARTESIAN_POINT('',(-17.,-15.4,4.));
#1548 = VECTOR('',#1549,1.);
#1549 = DIRECTION('',(0.,1.,0.));
#1550 = ORIENTED_EDGE('',*,*,#1551,.F.);
#1551 = EDGE_CURVE('',#1552,#1544,#1554,.T.);
#1552 = VERTEX_POINT('',#1553);
#1553 = CARTESIAN_POINT('',(-20.,-10.8,4.));
#1554 = LINE('',#1555,#1556);
#1555 = CARTESIAN_POINT('',(-19.5,-10.8,4.));
#1556 = VECTOR('',#1557,1.);
#1557 = DIRECTION('',(1.,0.,-0.));
#1558 = ORIENTED_EDGE('',*,*,#1559,.T.);
#1559 = EDGE_CURVE('',#1552,#1509,#1560,.T.);
#1560 = LINE('',#1561,#1562);
#1561 = CARTESIAN_POINT('',(-20.,-15.4,4.));
#1562 = VECTOR('',#1563,1.);
#1563 = DIRECTION('',(0.,1.,0.));
#1564 = PLANE('',#1565);
#1565 = AXIS2_PLACEMENT_3D('',#1566,#1567,#1568);
#1566 = CARTESIAN_POINT('',(-22.,-20.,4.));
#1567 = DIRECTION('',(0.,0.,1.));
#1568 = DIRECTION('',(1.,0.,-0.));
#1569 = ADVANCED_FACE('',(#1570),#1588,.F.);
#1570 = FACE_BOUND('',#1571,.F.);
#1571 = EDGE_LOOP('',(#1572,#1573,#1574,#1582));
#1572 = ORIENTED_EDGE('',*,*,#1508,.F.);
#1573 = ORIENTED_EDGE('',*,*,#576,.T.);
#1574 = ORIENTED_EDGE('',*,*,#1575,.F.);
#1575 = EDGE_CURVE('',#1576,#569,#1578,.T.);
#1576 = VERTEX_POINT('',#1577);
#1577 = CARTESIAN_POINT('',(-20.,-10.,8.));
#1578 = LINE('',#1579,#1580);
#1579 = CARTESIAN_POINT('',(-11.,-10.,8.));
#1580 = VECTOR('',#1581,1.);
#1581 = DIRECTION('',(-1.,-0.,0.));
#1582 = ORIENTED_EDGE('',*,*,#1583,.T.);
#1583 = EDGE_CURVE('',#1576,#1509,#1584,.T.);
#1584 = LINE('',#1585,#1586);
#1585 = CARTESIAN_POINT('',(-20.,-10.,3.4));
#1586 = VECTOR('',#1587,1.);
#1587 = DIRECTION('',(0.,0.,-1.));
#1588 = PLANE('',#1589);
#1589 = AXIS2_PLACEMENT_3D('',#1590,#1591,#1592);
#1590 = CARTESIAN_POINT('',(-22.,-10.,4.));
#1591 = DIRECTION('',(-0.,1.,0.));
#1592 = DIRECTION('',(0.,0.,1.));
#1593 = ADVANCED_FACE('',(#1594),#1746,.T.);
#1594 = FACE_BOUND('',#1595,.T.);
#1595 = EDGE_LOOP('',(#1596,#1597,#1598,#1606,#1614,#1622,#1630,#1638,
    #1646,#1654,#1663,#1671,#1680,#1688,#1696,#1704,#1712,#1720,#1728,
    #1736,#1742,#1743,#1744,#1745));
#1596 = ORIENTED_EDGE('',*,*,#568,.F.);
#1597 = ORIENTED_EDGE('',*,*,#1575,.F.);
#1598 = ORIENTED_EDGE('',*,*,#1599,.T.);
#1599 = EDGE_CURVE('',#1576,#1600,#1602,.T.);
#1600 = VERTEX_POINT('',#1601);
#1601 = CARTESIAN_POINT('',(-20.,-5.2,8.));
#1602 = LINE('',#1603,#1604);
#1603 = CARTESIAN_POINT('',(-20.,-5.4,8.));
#1604 = VECTOR('',#1605,1.);
#1605 = DIRECTION('',(0.,1.,0.));
#1606 = ORIENTED_EDGE('',*,*,#1607,.T.);
#1607 = EDGE_CURVE('',#1600,#1608,#1610,.T.);
#1608 = VERTEX_POINT('',#1609);
#1609 = CARTESIAN_POINT('',(-19.,-5.2,8.));
#1610 = LINE('',#1611,#1612);
#1611 = CARTESIAN_POINT('',(-8.5,-5.2,8.));
#1612 = VECTOR('',#1613,1.);
#1613 = DIRECTION('',(1.,0.,-0.));
#1614 = ORIENTED_EDGE('',*,*,#1615,.T.);
#1615 = EDGE_CURVE('',#1608,#1616,#1618,.T.);
#1616 = VERTEX_POINT('',#1617);
#1617 = CARTESIAN_POINT('',(-19.,5.2,8.));
#1618 = LINE('',#1619,#1620);
#1619 = CARTESIAN_POINT('',(-19.,-11.5,8.));
#1620 = VECTOR('',#1621,1.);
#1621 = DIRECTION('',(-0.,1.,0.));
#1622 = ORIENTED_EDGE('',*,*,#1623,.F.);
#1623 = EDGE_CURVE('',#1624,#1616,#1626,.T.);
#1624 = VERTEX_POINT('',#1625);
#1625 = CARTESIAN_POINT('',(-20.,5.2,8.));
#1626 = LINE('',#1627,#1628);
#1627 = CARTESIAN_POINT('',(-8.5,5.2,8.));
#1628 = VECTOR('',#1629,1.);
#1629 = DIRECTION('',(1.,0.,-0.));
#1630 = ORIENTED_EDGE('',*,*,#1631,.T.);
#1631 = EDGE_CURVE('',#1624,#1632,#1634,.T.);
#1632 = VERTEX_POINT('',#1633);
#1633 = CARTESIAN_POINT('',(-20.,10.8,8.));
#1634 = LINE('',#1635,#1636);
#1635 = CARTESIAN_POINT('',(-20.,2.6,8.));
#1636 = VECTOR('',#1637,1.);
#1637 = DIRECTION('',(0.,1.,0.));
#1638 = ORIENTED_EDGE('',*,*,#1639,.T.);
#1639 = EDGE_CURVE('',#1632,#1640,#1642,.T.);
#1640 = VERTEX_POINT('',#1641);
#1641 = CARTESIAN_POINT('',(-19.,10.8,8.));
#1642 = LINE('',#1643,#1644);
#1643 = CARTESIAN_POINT('',(-8.5,10.8,8.));
#1644 = VECTOR('',#1645,1.);
#1645 = DIRECTION('',(1.,0.,-0.));
#1646 = ORIENTED_EDGE('',*,*,#1647,.T.);
#1647 = EDGE_CURVE('',#1640,#1648,#1650,.T.);
#1648 = VERTEX_POINT('',#1649);
#1649 = CARTESIAN_POINT('',(-19.,23.,8.));
#1650 = LINE('',#1651,#1652);
#1651 = CARTESIAN_POINT('',(-19.,-11.5,8.));
#1652 = VECTOR('',#1653,1.);
#1653 = DIRECTION('',(-0.,1.,0.));
#1654 = ORIENTED_EDGE('',*,*,#1655,.F.);
#1655 = EDGE_CURVE('',#1656,#1648,#1658,.T.);
#1656 = VERTEX_POINT('',#1657);
#1657 = CARTESIAN_POINT('',(-16.,26.,8.));
#1658 = CIRCLE('',#1659,3.);
#1659 = AXIS2_PLACEMENT_3D('',#1660,#1661,#1662);
#1660 = CARTESIAN_POINT('',(-16.,23.,8.));
#1661 = DIRECTION('',(0.,0.,1.));
#1662 = DIRECTION('',(1.,0.,-0.));
#1663 = ORIENTED_EDGE('',*,*,#1664,.F.);
#1664 = EDGE_CURVE('',#1665,#1656,#1667,.T.);
#1665 = VERTEX_POINT('',#1666);
#1666 = CARTESIAN_POINT('',(16.,26.,8.));
#1667 = LINE('',#1668,#1669);
#1668 = CARTESIAN_POINT('',(-8.,26.,8.));
#1669 = VECTOR('',#1670,1.);
#1670 = DIRECTION('',(-1.,-0.,0.));
#1671 = ORIENTED_EDGE('',*,*,#1672,.F.);
#1672 = EDGE_CURVE('',#1673,#1665,#1675,.T.);
#1673 = VERTEX_POINT('',#1674);
#1674 = CARTESIAN_POINT('',(19.,23.,8.));
#1675 = CIRCLE('',#1676,3.);
#1676 = AXIS2_PLACEMENT_3D('',#1677,#1678,#1679);
#1677 = CARTESIAN_POINT('',(16.,23.,8.));
#1678 = DIRECTION('',(0.,0.,1.));
#1679 = DIRECTION('',(1.,0.,-0.));
#1680 = ORIENTED_EDGE('',*,*,#1681,.F.);
#1681 = EDGE_CURVE('',#1682,#1673,#1684,.T.);
#1682 = VERTEX_POINT('',#1683);
#1683 = CARTESIAN_POINT('',(19.,10.8,8.));
#1684 = LINE('',#1685,#1686);
#1685 = CARTESIAN_POINT('',(19.,-11.5,8.));
#1686 = VECTOR('',#1687,1.);
#1687 = DIRECTION('',(-0.,1.,0.));
#1688 = ORIENTED_EDGE('',*,*,#1689,.F.);
#1689 = EDGE_CURVE('',#1690,#1682,#1692,.T.);
#1690 = VERTEX_POINT('',#1691);
#1691 = CARTESIAN_POINT('',(20.,10.8,8.));
#1692 = LINE('',#1693,#1694);
#1693 = CARTESIAN_POINT('',(8.5,10.8,8.));
#1694 = VECTOR('',#1695,1.);
#1695 = DIRECTION('',(-1.,-0.,0.));
#1696 = ORIENTED_EDGE('',*,*,#1697,.F.);
#1697 = EDGE_CURVE('',#1698,#1690,#1700,.T.);
#1698 = VERTEX_POINT('',#1699);
#1699 = CARTESIAN_POINT('',(20.,5.2,8.));
#1700 = LINE('',#1701,#1702);
#1701 = CARTESIAN_POINT('',(20.,2.6,8.));
#1702 = VECTOR('',#1703,1.);
#1703 = DIRECTION('',(-0.,1.,0.));
#1704 = ORIENTED_EDGE('',*,*,#1705,.T.);
#1705 = EDGE_CURVE('',#1698,#1706,#1708,.T.);
#1706 = VERTEX_POINT('',#1707);
#1707 = CARTESIAN_POINT('',(19.,5.2,8.));
#1708 = LINE('',#1709,#1710);
#1709 = CARTESIAN_POINT('',(8.5,5.2,8.));
#1710 = VECTOR('',#1711,1.);
#1711 = DIRECTION('',(-1.,-0.,0.));
#1712 = ORIENTED_EDGE('',*,*,#1713,.F.);
#1713 = EDGE_CURVE('',#1714,#1706,#1716,.T.);
#1714 = VERTEX_POINT('',#1715);
#1715 = CARTESIAN_POINT('',(19.,-5.2,8.));
#1716 = LINE('',#1717,#1718);
#1717 = CARTESIAN_POINT('',(19.,-11.5,8.));
#1718 = VECTOR('',#1719,1.);
#1719 = DIRECTION('',(-0.,1.,0.));
#1720 = ORIENTED_EDGE('',*,*,#1721,.F.);
#1721 = EDGE_CURVE('',#1722,#1714,#1724,.T.);
#1722 = VERTEX_POINT('',#1723);
#1723 = CARTESIAN_POINT('',(20.,-5.2,8.));
#1724 = LINE('',#1725,#1726);
#1725 = CARTESIAN_POINT('',(8.5,-5.2,8.));
#1726 = VECTOR('',#1727,1.);
#1727 = DIRECTION('',(-1.,-0.,0.));
#1728 = ORIENTED_EDGE('',*,*,#1729,.F.);
#1729 = EDGE_CURVE('',#1730,#1722,#1732,.T.);
#1730 = VERTEX_POINT('',#1731);
#1731 = CARTESIAN_POINT('',(20.,-10.,8.));
#1732 = LINE('',#1733,#1734);
#1733 = CARTESIAN_POINT('',(20.,-5.4,8.));
#1734 = VECTOR('',#1735,1.);
#1735 = DIRECTION('',(-0.,1.,0.));
#1736 = ORIENTED_EDGE('',*,*,#1737,.F.);
#1737 = EDGE_CURVE('',#968,#1730,#1738,.T.);
#1738 = LINE('',#1739,#1740);
#1739 = CARTESIAN_POINT('',(7.,-10.,8.));
#1740 = VECTOR('',#1741,1.);
#1741 = DIRECTION('',(-1.,-0.,0.));
#1742 = ORIENTED_EDGE('',*,*,#967,.T.);
#1743 = ORIENTED_EDGE('',*,*,#1006,.T.);
#1744 = ORIENTED_EDGE('',*,*,#935,.F.);
#1745 = ORIENTED_EDGE('',*,*,#908,.T.);
#1746 = PLANE('',#1747);
#1747 = AXIS2_PLACEMENT_3D('',#1748,#1749,#1750);
#1748 = CARTESIAN_POINT('',(0.,-1.215523145324E-15,8.));
#1749 = DIRECTION('',(0.,0.,1.));
#1750 = DIRECTION('',(1.,0.,-0.));
#1751 = ADVANCED_FACE('',(#1752),#1805,.F.);
#1752 = FACE_BOUND('',#1753,.F.);
#1753 = EDGE_LOOP('',(#1754,#1765,#1773,#1780,#1781,#1782,#1790,#1799));
#1754 = ORIENTED_EDGE('',*,*,#1755,.F.);
#1755 = EDGE_CURVE('',#1756,#1758,#1760,.T.);
#1756 = VERTEX_POINT('',#1757);
#1757 = CARTESIAN_POINT('',(-14.96,-19.,10.8));
#1758 = VERTEX_POINT('',#1759);
#1759 = CARTESIAN_POINT('',(-11.46,-22.5,10.8));
#1760 = CIRCLE('',#1761,3.5);
#1761 = AXIS2_PLACEMENT_3D('',#1762,#1763,#1764);
#1762 = CARTESIAN_POINT('',(-11.46,-19.,10.8));
#1763 = DIRECTION('',(0.,0.,1.));
#1764 = DIRECTION('',(1.,0.,-0.));
#1765 = ORIENTED_EDGE('',*,*,#1766,.F.);
#1766 = EDGE_CURVE('',#1767,#1756,#1769,.T.);
#1767 = VERTEX_POINT('',#1768);
#1768 = CARTESIAN_POINT('',(-14.96,-19.,10.));
#1769 = LINE('',#1770,#1771);
#1770 = CARTESIAN_POINT('',(-14.96,-19.,2.8));
#1771 = VECTOR('',#1772,1.);
#1772 = DIRECTION('',(0.,0.,1.));
#1773 = ORIENTED_EDGE('',*,*,#1774,.T.);
#1774 = EDGE_CURVE('',#1767,#626,#1775,.T.);
#1775 = CIRCLE('',#1776,3.5);
#1776 = AXIS2_PLACEMENT_3D('',#1777,#1778,#1779);
#1777 = CARTESIAN_POINT('',(-11.46,-19.,10.));
#1778 = DIRECTION('',(0.,0.,1.));
#1779 = DIRECTION('',(1.,0.,-0.));
#1780 = ORIENTED_EDGE('',*,*,#633,.F.);
#1781 = ORIENTED_EDGE('',*,*,#1518,.F.);
#1782 = ORIENTED_EDGE('',*,*,#1783,.F.);
#1783 = EDGE_CURVE('',#1784,#1519,#1786,.T.);
#1784 = VERTEX_POINT('',#1785);
#1785 = CARTESIAN_POINT('',(-14.96,-19.,2.8));
#1786 = LINE('',#1787,#1788);
#1787 = CARTESIAN_POINT('',(-14.96,-19.,2.8));
#1788 = VECTOR('',#1789,1.);
#1789 = DIRECTION('',(0.,0.,1.));
#1790 = ORIENTED_EDGE('',*,*,#1791,.T.);
#1791 = EDGE_CURVE('',#1784,#1792,#1794,.T.);
#1792 = VERTEX_POINT('',#1793);
#1793 = CARTESIAN_POINT('',(-11.46,-22.5,2.8));
#1794 = CIRCLE('',#1795,3.5);
#1795 = AXIS2_PLACEMENT_3D('',#1796,#1797,#1798);
#1796 = CARTESIAN_POINT('',(-11.46,-19.,2.8));
#1797 = DIRECTION('',(0.,0.,1.));
#1798 = DIRECTION('',(1.,0.,-0.));
#1799 = ORIENTED_EDGE('',*,*,#1800,.T.);
#1800 = EDGE_CURVE('',#1792,#1758,#1801,.T.);
#1801 = LINE('',#1802,#1803);
#1802 = CARTESIAN_POINT('',(-11.46,-22.5,2.8));
#1803 = VECTOR('',#1804,1.);
#1804 = DIRECTION('',(0.,0.,1.));
#1805 = CYLINDRICAL_SURFACE('',#1806,3.5);
#1806 = AXIS2_PLACEMENT_3D('',#1807,#1808,#1809);
#1807 = CARTESIAN_POINT('',(-11.46,-19.,2.8));
#1808 = DIRECTION('',(0.,0.,1.));
#1809 = DIRECTION('',(1.,0.,-0.));
#1810 = ADVANCED_FACE('',(#1811),#1846,.F.);
#1811 = FACE_BOUND('',#1812,.F.);
#1812 = EDGE_LOOP('',(#1813,#1823,#1831,#1837,#1838,#1839,#1840));
#1813 = ORIENTED_EDGE('',*,*,#1814,.F.);
#1814 = EDGE_CURVE('',#1815,#1817,#1819,.T.);
#1815 = VERTEX_POINT('',#1816);
#1816 = CARTESIAN_POINT('',(-17.,-10.,10.));
#1817 = VERTEX_POINT('',#1818);
#1818 = CARTESIAN_POINT('',(-14.96,-10.,10.));
#1819 = LINE('',#1820,#1821);
#1820 = CARTESIAN_POINT('',(-22.,-10.,10.));
#1821 = VECTOR('',#1822,1.);
#1822 = DIRECTION('',(1.,0.,-0.));
#1823 = ORIENTED_EDGE('',*,*,#1824,.F.);
#1824 = EDGE_CURVE('',#1825,#1815,#1827,.T.);
#1825 = VERTEX_POINT('',#1826);
#1826 = CARTESIAN_POINT('',(-17.,-10.8,10.));
#1827 = LINE('',#1828,#1829);
#1828 = CARTESIAN_POINT('',(-17.,-15.4,10.));
#1829 = VECTOR('',#1830,1.);
#1830 = DIRECTION('',(0.,1.,0.));
#1831 = ORIENTED_EDGE('',*,*,#1832,.F.);
#1832 = EDGE_CURVE('',#658,#1825,#1833,.T.);
#1833 = LINE('',#1834,#1835);
#1834 = CARTESIAN_POINT('',(-19.5,-10.8,10.));
#1835 = VECTOR('',#1836,1.);
#1836 = DIRECTION('',(1.,0.,-0.));
#1837 = ORIENTED_EDGE('',*,*,#657,.T.);
#1838 = ORIENTED_EDGE('',*,*,#625,.T.);
#1839 = ORIENTED_EDGE('',*,*,#1774,.F.);
#1840 = ORIENTED_EDGE('',*,*,#1841,.F.);
#1841 = EDGE_CURVE('',#1817,#1767,#1842,.T.);
#1842 = LINE('',#1843,#1844);
#1843 = CARTESIAN_POINT('',(-14.96,-19.5,10.));
#1844 = VECTOR('',#1845,1.);
#1845 = DIRECTION('',(0.,-1.,0.));
#1846 = PLANE('',#1847);
#1847 = AXIS2_PLACEMENT_3D('',#1848,#1849,#1850);
#1848 = CARTESIAN_POINT('',(-22.,-20.,10.));
#1849 = DIRECTION('',(0.,0.,1.));
#1850 = DIRECTION('',(1.,0.,-0.));
#1851 = ADVANCED_FACE('',(#1852),#2100,.T.);
#1852 = FACE_BOUND('',#1853,.T.);
#1853 = EDGE_LOOP('',(#1854,#1855,#1856,#1857,#1858,#1864,#1865,#1873,
    #1882,#1890,#1899,#1907,#1916,#1922,#1923,#1931,#1940,#1948,#1956,
    #1964,#1972,#1980,#1988,#1996,#2004,#2012,#2021,#2029,#2038,#2046,
    #2054,#2062,#2070,#2078,#2086,#2094));
#1854 = ORIENTED_EDGE('',*,*,#673,.F.);
#1855 = ORIENTED_EDGE('',*,*,#687,.T.);
#1856 = ORIENTED_EDGE('',*,*,#722,.T.);
#1857 = ORIENTED_EDGE('',*,*,#753,.T.);
#1858 = ORIENTED_EDGE('',*,*,#1859,.T.);
#1859 = EDGE_CURVE('',#746,#1758,#1860,.T.);
#1860 = LINE('',#1861,#1862);
#1861 = CARTESIAN_POINT('',(-5.73,-22.5,10.8));
#1862 = VECTOR('',#1863,1.);
#1863 = DIRECTION('',(-1.,-0.,0.));
#1864 = ORIENTED_EDGE('',*,*,#1755,.F.);
#1865 = ORIENTED_EDGE('',*,*,#1866,.T.);
#1866 = EDGE_CURVE('',#1756,#1867,#1869,.T.);
#1867 = VERTEX_POINT('',#1868);
#1868 = CARTESIAN_POINT('',(-14.96,19.,10.8));
#1869 = LINE('',#1870,#1871);
#1870 = CARTESIAN_POINT('',(-14.96,-9.5,10.8));
#1871 = VECTOR('',#1872,1.);
#1872 = DIRECTION('',(-0.,1.,0.));
#1873 = ORIENTED_EDGE('',*,*,#1874,.F.);
#1874 = EDGE_CURVE('',#1875,#1867,#1877,.T.);
#1875 = VERTEX_POINT('',#1876);
#1876 = CARTESIAN_POINT('',(-11.46,22.5,10.8));
#1877 = CIRCLE('',#1878,3.5);
#1878 = AXIS2_PLACEMENT_3D('',#1879,#1880,#1881);
#1879 = CARTESIAN_POINT('',(-11.46,19.,10.8));
#1880 = DIRECTION('',(0.,0.,1.));
#1881 = DIRECTION('',(1.,0.,-0.));
#1882 = ORIENTED_EDGE('',*,*,#1883,.F.);
#1883 = EDGE_CURVE('',#1884,#1875,#1886,.T.);
#1884 = VERTEX_POINT('',#1885);
#1885 = CARTESIAN_POINT('',(11.46,22.5,10.8));
#1886 = LINE('',#1887,#1888);
#1887 = CARTESIAN_POINT('',(-5.73,22.5,10.8));
#1888 = VECTOR('',#1889,1.);
#1889 = DIRECTION('',(-1.,-0.,0.));
#1890 = ORIENTED_EDGE('',*,*,#1891,.F.);
#1891 = EDGE_CURVE('',#1892,#1884,#1894,.T.);
#1892 = VERTEX_POINT('',#1893);
#1893 = CARTESIAN_POINT('',(14.96,19.,10.8));
#1894 = CIRCLE('',#1895,3.5);
#1895 = AXIS2_PLACEMENT_3D('',#1896,#1897,#1898);
#1896 = CARTESIAN_POINT('',(11.46,19.,10.8));
#1897 = DIRECTION('',(0.,0.,1.));
#1898 = DIRECTION('',(1.,0.,-0.));
#1899 = ORIENTED_EDGE('',*,*,#1900,.F.);
#1900 = EDGE_CURVE('',#1901,#1892,#1903,.T.);
#1901 = VERTEX_POINT('',#1902);
#1902 = CARTESIAN_POINT('',(14.96,-19.,10.8));
#1903 = LINE('',#1904,#1905);
#1904 = CARTESIAN_POINT('',(14.96,-9.5,10.8));
#1905 = VECTOR('',#1906,1.);
#1906 = DIRECTION('',(-0.,1.,0.));
#1907 = ORIENTED_EDGE('',*,*,#1908,.F.);
#1908 = EDGE_CURVE('',#1909,#1901,#1911,.T.);
#1909 = VERTEX_POINT('',#1910);
#1910 = CARTESIAN_POINT('',(11.46,-22.5,10.8));
#1911 = CIRCLE('',#1912,3.5);
#1912 = AXIS2_PLACEMENT_3D('',#1913,#1914,#1915);
#1913 = CARTESIAN_POINT('',(11.46,-19.,10.8));
#1914 = DIRECTION('',(0.,0.,1.));
#1915 = DIRECTION('',(1.,0.,-0.));
#1916 = ORIENTED_EDGE('',*,*,#1917,.T.);
#1917 = EDGE_CURVE('',#1909,#861,#1918,.T.);
#1918 = LINE('',#1919,#1920);
#1919 = CARTESIAN_POINT('',(-5.73,-22.5,10.8));
#1920 = VECTOR('',#1921,1.);
#1921 = DIRECTION('',(-1.,-0.,0.));
#1922 = ORIENTED_EDGE('',*,*,#868,.F.);
#1923 = ORIENTED_EDGE('',*,*,#1924,.T.);
#1924 = EDGE_CURVE('',#869,#1925,#1927,.T.);
#1925 = VERTEX_POINT('',#1926);
#1926 = CARTESIAN_POINT('',(16.,-26.,10.8));
#1927 = LINE('',#1928,#1929);
#1928 = CARTESIAN_POINT('',(-16.,-26.,10.8));
#1929 = VECTOR('',#1930,1.);
#1930 = DIRECTION('',(1.,0.,-0.));
#1931 = ORIENTED_EDGE('',*,*,#1932,.T.);
#1932 = EDGE_CURVE('',#1925,#1933,#1935,.T.);
#1933 = VERTEX_POINT('',#1934);
#1934 = CARTESIAN_POINT('',(19.,-23.,10.8));
#1935 = CIRCLE('',#1936,3.);
#1936 = AXIS2_PLACEMENT_3D('',#1937,#1938,#1939);
#1937 = CARTESIAN_POINT('',(16.,-23.,10.8));
#1938 = DIRECTION('',(0.,0.,1.));
#1939 = DIRECTION('',(1.,0.,-0.));
#1940 = ORIENTED_EDGE('',*,*,#1941,.T.);
#1941 = EDGE_CURVE('',#1933,#1942,#1944,.T.);
#1942 = VERTEX_POINT('',#1943);
#1943 = CARTESIAN_POINT('',(19.,-10.8,10.8));
#1944 = LINE('',#1945,#1946);
#1945 = CARTESIAN_POINT('',(19.,-23.,10.8));
#1946 = VECTOR('',#1947,1.);
#1947 = DIRECTION('',(-0.,1.,0.));
#1948 = ORIENTED_EDGE('',*,*,#1949,.T.);
#1949 = EDGE_CURVE('',#1942,#1950,#1952,.T.);
#1950 = VERTEX_POINT('',#1951);
#1951 = CARTESIAN_POINT('',(17.,-10.8,10.8));
#1952 = LINE('',#1953,#1954);
#1953 = CARTESIAN_POINT('',(8.5,-10.8,10.8));
#1954 = VECTOR('',#1955,1.);
#1955 = DIRECTION('',(-1.,-0.,0.));
#1956 = ORIENTED_EDGE('',*,*,#1957,.T.);
#1957 = EDGE_CURVE('',#1950,#1958,#1960,.T.);
#1958 = VERTEX_POINT('',#1959);
#1959 = CARTESIAN_POINT('',(17.,-5.2,10.8));
#1960 = LINE('',#1961,#1962);
#1961 = CARTESIAN_POINT('',(17.,-5.4,10.8));
#1962 = VECTOR('',#1963,1.);
#1963 = DIRECTION('',(-0.,1.,0.));
#1964 = ORIENTED_EDGE('',*,*,#1965,.F.);
#1965 = EDGE_CURVE('',#1966,#1958,#1968,.T.);
#1966 = VERTEX_POINT('',#1967);
#1967 = CARTESIAN_POINT('',(19.,-5.2,10.8));
#1968 = LINE('',#1969,#1970);
#1969 = CARTESIAN_POINT('',(8.5,-5.2,10.8));
#1970 = VECTOR('',#1971,1.);
#1971 = DIRECTION('',(-1.,-0.,0.));
#1972 = ORIENTED_EDGE('',*,*,#1973,.T.);
#1973 = EDGE_CURVE('',#1966,#1974,#1976,.T.);
#1974 = VERTEX_POINT('',#1975);
#1975 = CARTESIAN_POINT('',(19.,5.2,10.8));
#1976 = LINE('',#1977,#1978);
#1977 = CARTESIAN_POINT('',(19.,-23.,10.8));
#1978 = VECTOR('',#1979,1.);
#1979 = DIRECTION('',(-0.,1.,0.));
#1980 = ORIENTED_EDGE('',*,*,#1981,.T.);
#1981 = EDGE_CURVE('',#1974,#1982,#1984,.T.);
#1982 = VERTEX_POINT('',#1983);
#1983 = CARTESIAN_POINT('',(17.,5.2,10.8));
#1984 = LINE('',#1985,#1986);
#1985 = CARTESIAN_POINT('',(8.5,5.2,10.8));
#1986 = VECTOR('',#1987,1.);
#1987 = DIRECTION('',(-1.,-0.,0.));
#1988 = ORIENTED_EDGE('',*,*,#1989,.T.);
#1989 = EDGE_CURVE('',#1982,#1990,#1992,.T.);
#1990 = VERTEX_POINT('',#1991);
#1991 = CARTESIAN_POINT('',(17.,10.8,10.8));
#1992 = LINE('',#1993,#1994);
#1993 = CARTESIAN_POINT('',(17.,2.6,10.8));
#1994 = VECTOR('',#1995,1.);
#1995 = DIRECTION('',(-0.,1.,0.));
#1996 = ORIENTED_EDGE('',*,*,#1997,.F.);
#1997 = EDGE_CURVE('',#1998,#1990,#2000,.T.);
#1998 = VERTEX_POINT('',#1999);
#1999 = CARTESIAN_POINT('',(19.,10.8,10.8));
#2000 = LINE('',#2001,#2002);
#2001 = CARTESIAN_POINT('',(8.5,10.8,10.8));
#2002 = VECTOR('',#2003,1.);
#2003 = DIRECTION('',(-1.,-0.,0.));
#2004 = ORIENTED_EDGE('',*,*,#2005,.T.);
#2005 = EDGE_CURVE('',#1998,#2006,#2008,.T.);
#2006 = VERTEX_POINT('',#2007);
#2007 = CARTESIAN_POINT('',(19.,23.,10.8));
#2008 = LINE('',#2009,#2010);
#2009 = CARTESIAN_POINT('',(19.,-23.,10.8));
#2010 = VECTOR('',#2011,1.);
#2011 = DIRECTION('',(-0.,1.,0.));
#2012 = ORIENTED_EDGE('',*,*,#2013,.T.);
#2013 = EDGE_CURVE('',#2006,#2014,#2016,.T.);
#2014 = VERTEX_POINT('',#2015);
#2015 = CARTESIAN_POINT('',(16.,26.,10.8));
#2016 = CIRCLE('',#2017,3.);
#2017 = AXIS2_PLACEMENT_3D('',#2018,#2019,#2020);
#2018 = CARTESIAN_POINT('',(16.,23.,10.8));
#2019 = DIRECTION('',(0.,0.,1.));
#2020 = DIRECTION('',(1.,0.,-0.));
#2021 = ORIENTED_EDGE('',*,*,#2022,.F.);
#2022 = EDGE_CURVE('',#2023,#2014,#2025,.T.);
#2023 = VERTEX_POINT('',#2024);
#2024 = CARTESIAN_POINT('',(-16.,26.,10.8));
#2025 = LINE('',#2026,#2027);
#2026 = CARTESIAN_POINT('',(-16.,26.,10.8));
#2027 = VECTOR('',#2028,1.);
#2028 = DIRECTION('',(1.,0.,-0.));
#2029 = ORIENTED_EDGE('',*,*,#2030,.T.);
#2030 = EDGE_CURVE('',#2023,#2031,#2033,.T.);
#2031 = VERTEX_POINT('',#2032);
#2032 = CARTESIAN_POINT('',(-19.,23.,10.8));
#2033 = CIRCLE('',#2034,3.);
#2034 = AXIS2_PLACEMENT_3D('',#2035,#2036,#2037);
#2035 = CARTESIAN_POINT('',(-16.,23.,10.8));
#2036 = DIRECTION('',(0.,0.,1.));
#2037 = DIRECTION('',(1.,0.,-0.));
#2038 = ORIENTED_EDGE('',*,*,#2039,.F.);
#2039 = EDGE_CURVE('',#2040,#2031,#2042,.T.);
#2040 = VERTEX_POINT('',#2041);
#2041 = CARTESIAN_POINT('',(-19.,10.8,10.8));
#2042 = LINE('',#2043,#2044);
#2043 = CARTESIAN_POINT('',(-19.,-23.,10.8));
#2044 = VECTOR('',#2045,1.);
#2045 = DIRECTION('',(-0.,1.,0.));
#2046 = ORIENTED_EDGE('',*,*,#2047,.T.);
#2047 = EDGE_CURVE('',#2040,#2048,#2050,.T.);
#2048 = VERTEX_POINT('',#2049);
#2049 = CARTESIAN_POINT('',(-17.,10.8,10.8));
#2050 = LINE('',#2051,#2052);
#2051 = CARTESIAN_POINT('',(-8.5,10.8,10.8));
#2052 = VECTOR('',#2053,1.);
#2053 = DIRECTION('',(1.,0.,-0.));
#2054 = ORIENTED_EDGE('',*,*,#2055,.F.);
#2055 = EDGE_CURVE('',#2056,#2048,#2058,.T.);
#2056 = VERTEX_POINT('',#2057);
#2057 = CARTESIAN_POINT('',(-17.,5.2,10.8));
#2058 = LINE('',#2059,#2060);
#2059 = CARTESIAN_POINT('',(-17.,2.6,10.8));
#2060 = VECTOR('',#2061,1.);
#2061 = DIRECTION('',(0.,1.,0.));
#2062 = ORIENTED_EDGE('',*,*,#2063,.F.);
#2063 = EDGE_CURVE('',#2064,#2056,#2066,.T.);
#2064 = VERTEX_POINT('',#2065);
#2065 = CARTESIAN_POINT('',(-19.,5.2,10.8));
#2066 = LINE('',#2067,#2068);
#2067 = CARTESIAN_POINT('',(-8.5,5.2,10.8));
#2068 = VECTOR('',#2069,1.);
#2069 = DIRECTION('',(1.,0.,-0.));
#2070 = ORIENTED_EDGE('',*,*,#2071,.F.);
#2071 = EDGE_CURVE('',#2072,#2064,#2074,.T.);
#2072 = VERTEX_POINT('',#2073);
#2073 = CARTESIAN_POINT('',(-19.,-5.2,10.8));
#2074 = LINE('',#2075,#2076);
#2075 = CARTESIAN_POINT('',(-19.,-23.,10.8));
#2076 = VECTOR('',#2077,1.);
#2077 = DIRECTION('',(-0.,1.,0.));
#2078 = ORIENTED_EDGE('',*,*,#2079,.T.);
#2079 = EDGE_CURVE('',#2072,#2080,#2082,.T.);
#2080 = VERTEX_POINT('',#2081);
#2081 = CARTESIAN_POINT('',(-17.,-5.2,10.8));
#2082 = LINE('',#2083,#2084);
#2083 = CARTESIAN_POINT('',(-8.5,-5.2,10.8));
#2084 = VECTOR('',#2085,1.);
#2085 = DIRECTION('',(1.,0.,-0.));
#2086 = ORIENTED_EDGE('',*,*,#2087,.F.);
#2087 = EDGE_CURVE('',#2088,#2080,#2090,.T.);
#2088 = VERTEX_POINT('',#2089);
#2089 = CARTESIAN_POINT('',(-17.,-10.8,10.8));
#2090 = LINE('',#2091,#2092);
#2091 = CARTESIAN_POINT('',(-17.,-5.4,10.8));
#2092 = VECTOR('',#2093,1.);
#2093 = DIRECTION('',(0.,1.,0.));
#2094 = ORIENTED_EDGE('',*,*,#2095,.F.);
#2095 = EDGE_CURVE('',#666,#2088,#2096,.T.);
#2096 = LINE('',#2097,#2098);
#2097 = CARTESIAN_POINT('',(-8.5,-10.8,10.8));
#2098 = VECTOR('',#2099,1.);
#2099 = DIRECTION('',(1.,0.,-0.));
#2100 = PLANE('',#2101);
#2101 = AXIS2_PLACEMENT_3D('',#2102,#2103,#2104);
#2102 = CARTESIAN_POINT('',(0.,6.509969733414E-16,10.8));
#2103 = DIRECTION('',(0.,0.,1.));
#2104 = DIRECTION('',(1.,0.,-0.));
#2105 = ADVANCED_FACE('',(#2106),#2117,.T.);
#2106 = FACE_BOUND('',#2107,.F.);
#2107 = EDGE_LOOP('',(#2108,#2109,#2115,#2116));
#2108 = ORIENTED_EDGE('',*,*,#1832,.T.);
#2109 = ORIENTED_EDGE('',*,*,#2110,.T.);
#2110 = EDGE_CURVE('',#1825,#2088,#2111,.T.);
#2111 = LINE('',#2112,#2113);
#2112 = CARTESIAN_POINT('',(-17.,-10.8,2.8));
#2113 = VECTOR('',#2114,1.);
#2114 = DIRECTION('',(-0.,-0.,1.));
#2115 = ORIENTED_EDGE('',*,*,#2095,.F.);
#2116 = ORIENTED_EDGE('',*,*,#665,.T.);
#2117 = PLANE('',#2118);
#2118 = AXIS2_PLACEMENT_3D('',#2119,#2120,#2121);
#2119 = CARTESIAN_POINT('',(-17.,-10.8,2.8));
#2120 = DIRECTION('',(-0.,1.,-0.));
#2121 = DIRECTION('',(0.,0.,-1.));
#2122 = ADVANCED_FACE('',(#2123),#2145,.T.);
#2123 = FACE_BOUND('',#2124,.T.);
#2124 = EDGE_LOOP('',(#2125,#2133,#2134,#2135,#2136,#2137,#2138,#2139));
#2125 = ORIENTED_EDGE('',*,*,#2126,.F.);
#2126 = EDGE_CURVE('',#1792,#2127,#2129,.T.);
#2127 = VERTEX_POINT('',#2128);
#2128 = CARTESIAN_POINT('',(11.46,-22.5,2.8));
#2129 = LINE('',#2130,#2131);
#2130 = CARTESIAN_POINT('',(-11.46,-22.5,2.8));
#2131 = VECTOR('',#2132,1.);
#2132 = DIRECTION('',(1.,0.,-0.));
#2133 = ORIENTED_EDGE('',*,*,#1800,.T.);
#2134 = ORIENTED_EDGE('',*,*,#1859,.F.);
#2135 = ORIENTED_EDGE('',*,*,#745,.T.);
#2136 = ORIENTED_EDGE('',*,*,#894,.T.);
#2137 = ORIENTED_EDGE('',*,*,#860,.F.);
#2138 = ORIENTED_EDGE('',*,*,#1917,.F.);
#2139 = ORIENTED_EDGE('',*,*,#2140,.F.);
#2140 = EDGE_CURVE('',#2127,#1909,#2141,.T.);
#2141 = LINE('',#2142,#2143);
#2142 = CARTESIAN_POINT('',(11.46,-22.5,2.8));
#2143 = VECTOR('',#2144,1.);
#2144 = DIRECTION('',(0.,0.,1.));
#2145 = PLANE('',#2146);
#2146 = AXIS2_PLACEMENT_3D('',#2147,#2148,#2149);
#2147 = CARTESIAN_POINT('',(-11.46,-22.5,2.8));
#2148 = DIRECTION('',(-0.,1.,0.));
#2149 = DIRECTION('',(0.,0.,1.));
#2150 = ADVANCED_FACE('',(#2151),#2162,.F.);
#2151 = FACE_BOUND('',#2152,.F.);
#2152 = EDGE_LOOP('',(#2153,#2159,#2160,#2161));
#2153 = ORIENTED_EDGE('',*,*,#2154,.F.);
#2154 = EDGE_CURVE('',#819,#1925,#2155,.T.);
#2155 = LINE('',#2156,#2157);
#2156 = CARTESIAN_POINT('',(16.,-26.,7.9));
#2157 = VECTOR('',#2158,1.);
#2158 = DIRECTION('',(0.,0.,1.));
#2159 = ORIENTED_EDGE('',*,*,#827,.T.);
#2160 = ORIENTED_EDGE('',*,*,#876,.F.);
#2161 = ORIENTED_EDGE('',*,*,#1924,.T.);
#2162 = PLANE('',#2163);
#2163 = AXIS2_PLACEMENT_3D('',#2164,#2165,#2166);
#2164 = CARTESIAN_POINT('',(-16.,-26.,7.9));
#2165 = DIRECTION('',(-0.,1.,0.));
#2166 = DIRECTION('',(0.,0.,1.));
#2167 = ADVANCED_FACE('',(#2168),#2179,.T.);
#2168 = FACE_BOUND('',#2169,.T.);
#2169 = EDGE_LOOP('',(#2170,#2171,#2172,#2173));
#2170 = ORIENTED_EDGE('',*,*,#1932,.F.);
#2171 = ORIENTED_EDGE('',*,*,#2154,.F.);
#2172 = ORIENTED_EDGE('',*,*,#818,.T.);
#2173 = ORIENTED_EDGE('',*,*,#2174,.T.);
#2174 = EDGE_CURVE('',#811,#1933,#2175,.T.);
#2175 = LINE('',#2176,#2177);
#2176 = CARTESIAN_POINT('',(19.,-23.,7.9));
#2177 = VECTOR('',#2178,1.);
#2178 = DIRECTION('',(0.,0.,1.));
#2179 = CYLINDRICAL_SURFACE('',#2180,3.);
#2180 = AXIS2_PLACEMENT_3D('',#2181,#2182,#2183);
#2181 = CARTESIAN_POINT('',(16.,-23.,7.9));
#2182 = DIRECTION('',(0.,0.,1.));
#2183 = DIRECTION('',(1.,0.,-0.));
#2184 = ADVANCED_FACE('',(#2185),#2212,.T.);
#2185 = FACE_BOUND('',#2186,.T.);
#2186 = EDGE_LOOP('',(#2187,#2188,#2189,#2197,#2205,#2211));
#2187 = ORIENTED_EDGE('',*,*,#2174,.F.);
#2188 = ORIENTED_EDGE('',*,*,#810,.T.);
#2189 = ORIENTED_EDGE('',*,*,#2190,.T.);
#2190 = EDGE_CURVE('',#803,#2191,#2193,.T.);
#2191 = VERTEX_POINT('',#2192);
#2192 = CARTESIAN_POINT('',(19.,-20.,10.));
#2193 = LINE('',#2194,#2195);
#2194 = CARTESIAN_POINT('',(19.,-20.,5.95));
#2195 = VECTOR('',#2196,1.);
#2196 = DIRECTION('',(0.,0.,1.));
#2197 = ORIENTED_EDGE('',*,*,#2198,.F.);
#2198 = EDGE_CURVE('',#2199,#2191,#2201,.T.);
#2199 = VERTEX_POINT('',#2200);
#2200 = CARTESIAN_POINT('',(19.,-10.8,10.));
#2201 = LINE('',#2202,#2203);
#2202 = CARTESIAN_POINT('',(19.,-21.5,10.));
#2203 = VECTOR('',#2204,1.);
#2204 = DIRECTION('',(0.,-1.,0.));
#2205 = ORIENTED_EDGE('',*,*,#2206,.T.);
#2206 = EDGE_CURVE('',#2199,#1942,#2207,.T.);
#2207 = LINE('',#2208,#2209);
#2208 = CARTESIAN_POINT('',(19.,-10.8,5.35));
#2209 = VECTOR('',#2210,1.);
#2210 = DIRECTION('',(0.,0.,1.));
#2211 = ORIENTED_EDGE('',*,*,#1941,.F.);
#2212 = PLANE('',#2213);
#2213 = AXIS2_PLACEMENT_3D('',#2214,#2215,#2216);
#2214 = CARTESIAN_POINT('',(19.,-23.,7.9));
#2215 = DIRECTION('',(1.,0.,-0.));
#2216 = DIRECTION('',(0.,0.,1.));
#2217 = ADVANCED_FACE('',(#2218),#2245,.T.);
#2218 = FACE_BOUND('',#2219,.T.);
#2219 = EDGE_LOOP('',(#2220,#2228,#2236,#2242,#2243,#2244));
#2220 = ORIENTED_EDGE('',*,*,#2221,.F.);
#2221 = EDGE_CURVE('',#2222,#984,#2224,.T.);
#2222 = VERTEX_POINT('',#2223);
#2223 = CARTESIAN_POINT('',(14.81410196625,-20.,4.));
#2224 = LINE('',#2225,#2226);
#2225 = CARTESIAN_POINT('',(14.,-20.,4.));
#2226 = VECTOR('',#2227,1.);
#2227 = DIRECTION('',(1.,0.,-0.));
#2228 = ORIENTED_EDGE('',*,*,#2229,.T.);
#2229 = EDGE_CURVE('',#2222,#2230,#2232,.T.);
#2230 = VERTEX_POINT('',#2231);
#2231 = CARTESIAN_POINT('',(14.81410196625,-20.,10.));
#2232 = LINE('',#2233,#2234);
#2233 = CARTESIAN_POINT('',(14.81410196625,-20.,2.8));
#2234 = VECTOR('',#2235,1.);
#2235 = DIRECTION('',(0.,0.,1.));
#2236 = ORIENTED_EDGE('',*,*,#2237,.T.);
#2237 = EDGE_CURVE('',#2230,#2191,#2238,.T.);
#2238 = LINE('',#2239,#2240);
#2239 = CARTESIAN_POINT('',(14.,-20.,10.));
#2240 = VECTOR('',#2241,1.);
#2241 = DIRECTION('',(1.,0.,-0.));
#2242 = ORIENTED_EDGE('',*,*,#2190,.F.);
#2243 = ORIENTED_EDGE('',*,*,#802,.F.);
#2244 = ORIENTED_EDGE('',*,*,#991,.F.);
#2245 = PLANE('',#2246);
#2246 = AXIS2_PLACEMENT_3D('',#2247,#2248,#2249);
#2247 = CARTESIAN_POINT('',(14.,-20.,4.));
#2248 = DIRECTION('',(-0.,1.,0.));
#2249 = DIRECTION('',(0.,0.,1.));
#2250 = ADVANCED_FACE('',(#2251),#2310,.T.);
#2251 = FACE_BOUND('',#2252,.T.);
#2252 = EDGE_LOOP('',(#2253,#2263,#2271,#2278,#2279,#2280,#2288,#2296,
    #2304));
#2253 = ORIENTED_EDGE('',*,*,#2254,.F.);
#2254 = EDGE_CURVE('',#2255,#2257,#2259,.T.);
#2255 = VERTEX_POINT('',#2256);
#2256 = CARTESIAN_POINT('',(14.96,-10.,4.));
#2257 = VERTEX_POINT('',#2258);
#2258 = CARTESIAN_POINT('',(17.,-10.,4.));
#2259 = LINE('',#2260,#2261);
#2260 = CARTESIAN_POINT('',(14.,-10.,4.));
#2261 = VECTOR('',#2262,1.);
#2262 = DIRECTION('',(1.,0.,-0.));
#2263 = ORIENTED_EDGE('',*,*,#2264,.T.);
#2264 = EDGE_CURVE('',#2255,#2265,#2267,.T.);
#2265 = VERTEX_POINT('',#2266);
#2266 = CARTESIAN_POINT('',(14.96,-19.,4.));
#2267 = LINE('',#2268,#2269);
#2268 = CARTESIAN_POINT('',(14.96,-19.5,4.));
#2269 = VECTOR('',#2270,1.);
#2270 = DIRECTION('',(0.,-1.,0.));
#2271 = ORIENTED_EDGE('',*,*,#2272,.F.);
#2272 = EDGE_CURVE('',#2222,#2265,#2273,.T.);
#2273 = CIRCLE('',#2274,3.5);
#2274 = AXIS2_PLACEMENT_3D('',#2275,#2276,#2277);
#2275 = CARTESIAN_POINT('',(11.46,-19.,4.));
#2276 = DIRECTION('',(0.,0.,1.));
#2277 = DIRECTION('',(1.,0.,-0.));
#2278 = ORIENTED_EDGE('',*,*,#2221,.T.);
#2279 = ORIENTED_EDGE('',*,*,#983,.F.);
#2280 = ORIENTED_EDGE('',*,*,#2281,.F.);
#2281 = EDGE_CURVE('',#2282,#976,#2284,.T.);
#2282 = VERTEX_POINT('',#2283);
#2283 = CARTESIAN_POINT('',(20.,-10.,4.));
#2284 = LINE('',#2285,#2286);
#2285 = CARTESIAN_POINT('',(14.,-10.,4.));
#2286 = VECTOR('',#2287,1.);
#2287 = DIRECTION('',(1.,0.,-0.));
#2288 = ORIENTED_EDGE('',*,*,#2289,.F.);
#2289 = EDGE_CURVE('',#2290,#2282,#2292,.T.);
#2290 = VERTEX_POINT('',#2291);
#2291 = CARTESIAN_POINT('',(20.,-10.8,4.));
#2292 = LINE('',#2293,#2294);
#2293 = CARTESIAN_POINT('',(20.,-15.4,4.));
#2294 = VECTOR('',#2295,1.);
#2295 = DIRECTION('',(-0.,1.,0.));
#2296 = ORIENTED_EDGE('',*,*,#2297,.T.);
#2297 = EDGE_CURVE('',#2290,#2298,#2300,.T.);
#2298 = VERTEX_POINT('',#2299);
#2299 = CARTESIAN_POINT('',(17.,-10.8,4.));
#2300 = LINE('',#2301,#2302);
#2301 = CARTESIAN_POINT('',(15.5,-10.8,4.));
#2302 = VECTOR('',#2303,1.);
#2303 = DIRECTION('',(-1.,-0.,0.));
#2304 = ORIENTED_EDGE('',*,*,#2305,.T.);
#2305 = EDGE_CURVE('',#2298,#2257,#2306,.T.);
#2306 = LINE('',#2307,#2308);
#2307 = CARTESIAN_POINT('',(17.,-15.4,4.));
#2308 = VECTOR('',#2309,1.);
#2309 = DIRECTION('',(-0.,1.,0.));
#2310 = PLANE('',#2311);
#2311 = AXIS2_PLACEMENT_3D('',#2312,#2313,#2314);
#2312 = CARTESIAN_POINT('',(14.,-20.,4.));
#2313 = DIRECTION('',(0.,0.,1.));
#2314 = DIRECTION('',(1.,0.,-0.));
#2315 = ADVANCED_FACE('',(#2316),#2327,.F.);
#2316 = FACE_BOUND('',#2317,.F.);
#2317 = EDGE_LOOP('',(#2318,#2319,#2325,#2326));
#2318 = ORIENTED_EDGE('',*,*,#2281,.F.);
#2319 = ORIENTED_EDGE('',*,*,#2320,.F.);
#2320 = EDGE_CURVE('',#1730,#2282,#2321,.T.);
#2321 = LINE('',#2322,#2323);
#2322 = CARTESIAN_POINT('',(20.,-10.,3.4));
#2323 = VECTOR('',#2324,1.);
#2324 = DIRECTION('',(-0.,0.,-1.));
#2325 = ORIENTED_EDGE('',*,*,#1737,.F.);
#2326 = ORIENTED_EDGE('',*,*,#975,.F.);
#2327 = PLANE('',#2328);
#2328 = AXIS2_PLACEMENT_3D('',#2329,#2330,#2331);
#2329 = CARTESIAN_POINT('',(14.,-10.,4.));
#2330 = DIRECTION('',(-0.,1.,0.));
#2331 = DIRECTION('',(0.,0.,1.));
#2332 = ADVANCED_FACE('',(#2333,#2336),#2347,.F.);
#2333 = FACE_BOUND('',#2334,.F.);
#2334 = EDGE_LOOP('',(#2335));
#2335 = ORIENTED_EDGE('',*,*,#1032,.T.);
#2336 = FACE_BOUND('',#2337,.F.);
#2337 = EDGE_LOOP('',(#2338));
#2338 = ORIENTED_EDGE('',*,*,#2339,.F.);
#2339 = EDGE_CURVE('',#2340,#2340,#2342,.T.);
#2340 = VERTEX_POINT('',#2341);
#2341 = CARTESIAN_POINT('',(12.15,-19.5,1.3));
#2342 = CIRCLE('',#2343,1.15);
#2343 = AXIS2_PLACEMENT_3D('',#2344,#2345,#2346);
#2344 = CARTESIAN_POINT('',(11.,-19.5,1.3));
#2345 = DIRECTION('',(0.,0.,1.));
#2346 = DIRECTION('',(1.,0.,-0.));
#2347 = PLANE('',#2348);
#2348 = AXIS2_PLACEMENT_3D('',#2349,#2350,#2351);
#2349 = CARTESIAN_POINT('',(11.,-19.5,1.3));
#2350 = DIRECTION('',(0.,0.,1.));
#2351 = DIRECTION('',(1.,0.,-0.));
#2352 = ADVANCED_FACE('',(#2353,#2356),#2367,.F.);
#2353 = FACE_BOUND('',#2354,.F.);
#2354 = EDGE_LOOP('',(#2355));
#2355 = ORIENTED_EDGE('',*,*,#1057,.T.);
#2356 = FACE_BOUND('',#2357,.F.);
#2357 = EDGE_LOOP('',(#2358));
#2358 = ORIENTED_EDGE('',*,*,#2359,.F.);
#2359 = EDGE_CURVE('',#2360,#2360,#2362,.T.);
#2360 = VERTEX_POINT('',#2361);
#2361 = CARTESIAN_POINT('',(-9.85,-19.5,1.3));
#2362 = CIRCLE('',#2363,1.15);
#2363 = AXIS2_PLACEMENT_3D('',#2364,#2365,#2366);
#2364 = CARTESIAN_POINT('',(-11.,-19.5,1.3));
#2365 = DIRECTION('',(0.,0.,1.));
#2366 = DIRECTION('',(1.,0.,-0.));
#2367 = PLANE('',#2368);
#2368 = AXIS2_PLACEMENT_3D('',#2369,#2370,#2371);
#2369 = CARTESIAN_POINT('',(-11.,-19.5,1.3));
#2370 = DIRECTION('',(0.,0.,1.));
#2371 = DIRECTION('',(1.,0.,-0.));
#2372 = ADVANCED_FACE('',(#2373,#2426,#2437,#2448,#2454,#2460,#2471,
    #2477,#2483),#2494,.F.);
#2373 = FACE_BOUND('',#2374,.F.);
#2374 = EDGE_LOOP('',(#2375,#2376,#2384,#2393,#2401,#2410,#2418,#2425));
#2375 = ORIENTED_EDGE('',*,*,#1791,.F.);
#2376 = ORIENTED_EDGE('',*,*,#2377,.T.);
#2377 = EDGE_CURVE('',#1784,#2378,#2380,.T.);
#2378 = VERTEX_POINT('',#2379);
#2379 = CARTESIAN_POINT('',(-14.96,19.,2.8));
#2380 = LINE('',#2381,#2382);
#2381 = CARTESIAN_POINT('',(-14.96,-19.,2.8));
#2382 = VECTOR('',#2383,1.);
#2383 = DIRECTION('',(-0.,1.,0.));
#2384 = ORIENTED_EDGE('',*,*,#2385,.F.);
#2385 = EDGE_CURVE('',#2386,#2378,#2388,.T.);
#2386 = VERTEX_POINT('',#2387);
#2387 = CARTESIAN_POINT('',(-11.46,22.5,2.8));
#2388 = CIRCLE('',#2389,3.5);
#2389 = AXIS2_PLACEMENT_3D('',#2390,#2391,#2392);
#2390 = CARTESIAN_POINT('',(-11.46,19.,2.8));
#2391 = DIRECTION('',(0.,0.,1.));
#2392 = DIRECTION('',(1.,0.,-0.));
#2393 = ORIENTED_EDGE('',*,*,#2394,.T.);
#2394 = EDGE_CURVE('',#2386,#2395,#2397,.T.);
#2395 = VERTEX_POINT('',#2396);
#2396 = CARTESIAN_POINT('',(11.46,22.5,2.8));
#2397 = LINE('',#2398,#2399);
#2398 = CARTESIAN_POINT('',(-11.46,22.5,2.8));
#2399 = VECTOR('',#2400,1.);
#2400 = DIRECTION('',(1.,0.,-0.));
#2401 = ORIENTED_EDGE('',*,*,#2402,.F.);
#2402 = EDGE_CURVE('',#2403,#2395,#2405,.T.);
#2403 = VERTEX_POINT('',#2404);
#2404 = CARTESIAN_POINT('',(14.96,19.,2.8));
#2405 = CIRCLE('',#2406,3.5);
#2406 = AXIS2_PLACEMENT_3D('',#2407,#2408,#2409);
#2407 = CARTESIAN_POINT('',(11.46,19.,2.8));
#2408 = DIRECTION('',(0.,0.,1.));
#2409 = DIRECTION('',(1.,0.,-0.));
#2410 = ORIENTED_EDGE('',*,*,#2411,.F.);
#2411 = EDGE_CURVE('',#2412,#2403,#2414,.T.);
#2412 = VERTEX_POINT('',#2413);
#2413 = CARTESIAN_POINT('',(14.96,-19.,2.8));
#2414 = LINE('',#2415,#2416);
#2415 = CARTESIAN_POINT('',(14.96,-19.,2.8));
#2416 = VECTOR('',#2417,1.);
#2417 = DIRECTION('',(-0.,1.,0.));
#2418 = ORIENTED_EDGE('',*,*,#2419,.F.);
#2419 = EDGE_CURVE('',#2127,#2412,#2420,.T.);
#2420 = CIRCLE('',#2421,3.5);
#2421 = AXIS2_PLACEMENT_3D('',#2422,#2423,#2424);
#2422 = CARTESIAN_POINT('',(11.46,-19.,2.8));
#2423 = DIRECTION('',(0.,0.,1.));
#2424 = DIRECTION('',(1.,0.,-0.));
#2425 = ORIENTED_EDGE('',*,*,#2126,.F.);
#2426 = FACE_BOUND('',#2427,.F.);
#2427 = EDGE_LOOP('',(#2428));
#2428 = ORIENTED_EDGE('',*,*,#2429,.T.);
#2429 = EDGE_CURVE('',#2430,#2430,#2432,.T.);
#2430 = VERTEX_POINT('',#2431);
#2431 = CARTESIAN_POINT('',(12.15,-19.5,2.8));
#2432 = CIRCLE('',#2433,1.15);
#2433 = AXIS2_PLACEMENT_3D('',#2434,#2435,#2436);
#2434 = CARTESIAN_POINT('',(11.,-19.5,2.8));
#2435 = DIRECTION('',(0.,0.,1.));
#2436 = DIRECTION('',(1.,0.,-0.));
#2437 = FACE_BOUND('',#2438,.F.);
#2438 = EDGE_LOOP('',(#2439));
#2439 = ORIENTED_EDGE('',*,*,#2440,.T.);
#2440 = EDGE_CURVE('',#2441,#2441,#2443,.T.);
#2441 = VERTEX_POINT('',#2442);
#2442 = CARTESIAN_POINT('',(-9.85,-19.5,2.8));
#2443 = CIRCLE('',#2444,1.15);
#2444 = AXIS2_PLACEMENT_3D('',#2445,#2446,#2447);
#2445 = CARTESIAN_POINT('',(-11.,-19.5,2.8));
#2446 = DIRECTION('',(0.,0.,1.));
#2447 = DIRECTION('',(1.,0.,-0.));
#2448 = FACE_BOUND('',#2449,.F.);
#2449 = EDGE_LOOP('',(#2450,#2451,#2452,#2453));
#2450 = ORIENTED_EDGE('',*,*,#1091,.F.);
#2451 = ORIENTED_EDGE('',*,*,#1115,.T.);
#2452 = ORIENTED_EDGE('',*,*,#1156,.T.);
#2453 = ORIENTED_EDGE('',*,*,#1139,.F.);
#2454 = FACE_BOUND('',#2455,.F.);
#2455 = EDGE_LOOP('',(#2456,#2457,#2458,#2459));
#2456 = ORIENTED_EDGE('',*,*,#1187,.F.);
#2457 = ORIENTED_EDGE('',*,*,#1211,.T.);
#2458 = ORIENTED_EDGE('',*,*,#1252,.T.);
#2459 = ORIENTED_EDGE('',*,*,#1235,.F.);
#2460 = FACE_BOUND('',#2461,.F.);
#2461 = EDGE_LOOP('',(#2462));
#2462 = ORIENTED_EDGE('',*,*,#2463,.T.);
#2463 = EDGE_CURVE('',#2464,#2464,#2466,.T.);
#2464 = VERTEX_POINT('',#2465);
#2465 = CARTESIAN_POINT('',(12.15,19.5,2.8));
#2466 = CIRCLE('',#2467,1.15);
#2467 = AXIS2_PLACEMENT_3D('',#2468,#2469,#2470);
#2468 = CARTESIAN_POINT('',(11.,19.5,2.8));
#2469 = DIRECTION('',(0.,0.,1.));
#2470 = DIRECTION('',(1.,0.,-0.));
#2471 = FACE_BOUND('',#2472,.F.);
#2472 = EDGE_LOOP('',(#2473,#2474,#2475,#2476));
#2473 = ORIENTED_EDGE('',*,*,#1308,.F.);
#2474 = ORIENTED_EDGE('',*,*,#1332,.T.);
#2475 = ORIENTED_EDGE('',*,*,#1373,.T.);
#2476 = ORIENTED_EDGE('',*,*,#1356,.F.);
#2477 = FACE_BOUND('',#2478,.F.);
#2478 = EDGE_LOOP('',(#2479,#2480,#2481,#2482));
#2479 = ORIENTED_EDGE('',*,*,#1404,.F.);
#2480 = ORIENTED_EDGE('',*,*,#1469,.T.);
#2481 = ORIENTED_EDGE('',*,*,#1452,.T.);
#2482 = ORIENTED_EDGE('',*,*,#1428,.F.);
#2483 = FACE_BOUND('',#2484,.F.);
#2484 = EDGE_LOOP('',(#2485));
#2485 = ORIENTED_EDGE('',*,*,#2486,.T.);
#2486 = EDGE_CURVE('',#2487,#2487,#2489,.T.);
#2487 = VERTEX_POINT('',#2488);
#2488 = CARTESIAN_POINT('',(-9.85,19.5,2.8));
#2489 = CIRCLE('',#2490,1.15);
#2490 = AXIS2_PLACEMENT_3D('',#2491,#2492,#2493);
#2491 = CARTESIAN_POINT('',(-11.,19.5,2.8));
#2492 = DIRECTION('',(0.,0.,1.));
#2493 = DIRECTION('',(1.,0.,-0.));
#2494 = PLANE('',#2495);
#2495 = AXIS2_PLACEMENT_3D('',#2496,#2497,#2498);
#2496 = CARTESIAN_POINT('',(1.979492346626E-16,0.,2.8));
#2497 = DIRECTION('',(-0.,-0.,-1.));
#2498 = DIRECTION('',(-1.,0.,0.));
#2499 = ADVANCED_FACE('',(#2500,#2503),#2514,.F.);
#2500 = FACE_BOUND('',#2501,.F.);
#2501 = EDGE_LOOP('',(#2502));
#2502 = ORIENTED_EDGE('',*,*,#1274,.T.);
#2503 = FACE_BOUND('',#2504,.F.);
#2504 = EDGE_LOOP('',(#2505));
#2505 = ORIENTED_EDGE('',*,*,#2506,.F.);
#2506 = EDGE_CURVE('',#2507,#2507,#2509,.T.);
#2507 = VERTEX_POINT('',#2508);
#2508 = CARTESIAN_POINT('',(12.15,19.5,1.3));
#2509 = CIRCLE('',#2510,1.15);
#2510 = AXIS2_PLACEMENT_3D('',#2511,#2512,#2513);
#2511 = CARTESIAN_POINT('',(11.,19.5,1.3));
#2512 = DIRECTION('',(0.,0.,1.));
#2513 = DIRECTION('',(1.,0.,-0.));
#2514 = PLANE('',#2515);
#2515 = AXIS2_PLACEMENT_3D('',#2516,#2517,#2518);
#2516 = CARTESIAN_POINT('',(11.,19.5,1.3));
#2517 = DIRECTION('',(0.,0.,1.));
#2518 = DIRECTION('',(1.,0.,-0.));
#2519 = ADVANCED_FACE('',(#2520,#2523),#2534,.F.);
#2520 = FACE_BOUND('',#2521,.F.);
#2521 = EDGE_LOOP('',(#2522));
#2522 = ORIENTED_EDGE('',*,*,#1491,.T.);
#2523 = FACE_BOUND('',#2524,.F.);
#2524 = EDGE_LOOP('',(#2525));
#2525 = ORIENTED_EDGE('',*,*,#2526,.F.);
#2526 = EDGE_CURVE('',#2527,#2527,#2529,.T.);
#2527 = VERTEX_POINT('',#2528);
#2528 = CARTESIAN_POINT('',(-9.85,19.5,1.3));
#2529 = CIRCLE('',#2530,1.15);
#2530 = AXIS2_PLACEMENT_3D('',#2531,#2532,#2533);
#2531 = CARTESIAN_POINT('',(-11.,19.5,1.3));
#2532 = DIRECTION('',(0.,0.,1.));
#2533 = DIRECTION('',(1.,0.,-0.));
#2534 = PLANE('',#2535);
#2535 = AXIS2_PLACEMENT_3D('',#2536,#2537,#2538);
#2536 = CARTESIAN_POINT('',(-11.,19.5,1.3));
#2537 = DIRECTION('',(0.,0.,1.));
#2538 = DIRECTION('',(1.,0.,-0.));
#2539 = ADVANCED_FACE('',(#2540),#2567,.F.);
#2540 = FACE_BOUND('',#2541,.T.);
#2541 = EDGE_LOOP('',(#2542,#2550,#2558,#2564,#2565,#2566));
#2542 = ORIENTED_EDGE('',*,*,#2543,.F.);
#2543 = EDGE_CURVE('',#2544,#1552,#2546,.T.);
#2544 = VERTEX_POINT('',#2545);
#2545 = CARTESIAN_POINT('',(-20.,-10.8,2.8));
#2546 = LINE('',#2547,#2548);
#2547 = CARTESIAN_POINT('',(-20.,-10.8,2.8));
#2548 = VECTOR('',#2549,1.);
#2549 = DIRECTION('',(-0.,-0.,1.));
#2550 = ORIENTED_EDGE('',*,*,#2551,.T.);
#2551 = EDGE_CURVE('',#2544,#2552,#2554,.T.);
#2552 = VERTEX_POINT('',#2553);
#2553 = CARTESIAN_POINT('',(-20.,-5.2,2.8));
#2554 = LINE('',#2555,#2556);
#2555 = CARTESIAN_POINT('',(-20.,-10.8,2.8));
#2556 = VECTOR('',#2557,1.);
#2557 = DIRECTION('',(-0.,1.,-0.));
#2558 = ORIENTED_EDGE('',*,*,#2559,.T.);
#2559 = EDGE_CURVE('',#2552,#1600,#2560,.T.);
#2560 = LINE('',#2561,#2562);
#2561 = CARTESIAN_POINT('',(-20.,-5.2,2.8));
#2562 = VECTOR('',#2563,1.);
#2563 = DIRECTION('',(-0.,-0.,1.));
#2564 = ORIENTED_EDGE('',*,*,#1599,.F.);
#2565 = ORIENTED_EDGE('',*,*,#1583,.T.);
#2566 = ORIENTED_EDGE('',*,*,#1559,.F.);
#2567 = PLANE('',#2568);
#2568 = AXIS2_PLACEMENT_3D('',#2569,#2570,#2571);
#2569 = CARTESIAN_POINT('',(-20.,-10.8,2.8));
#2570 = DIRECTION('',(-1.,-0.,-0.));
#2571 = DIRECTION('',(0.,0.,-1.));
#2572 = ADVANCED_FACE('',(#2573),#2630,.T.);
#2573 = FACE_BOUND('',#2574,.F.);
#2574 = EDGE_LOOP('',(#2575,#2585,#2591,#2592,#2600,#2608,#2616,#2624));
#2575 = ORIENTED_EDGE('',*,*,#2576,.T.);
#2576 = EDGE_CURVE('',#2577,#2579,#2581,.T.);
#2577 = VERTEX_POINT('',#2578);
#2578 = CARTESIAN_POINT('',(-18.,-10.5,2.8));
#2579 = VERTEX_POINT('',#2580);
#2580 = CARTESIAN_POINT('',(-18.,-10.8,2.8));
#2581 = LINE('',#2582,#2583);
#2582 = CARTESIAN_POINT('',(-18.,-10.8,2.8));
#2583 = VECTOR('',#2584,1.);
#2584 = DIRECTION('',(0.,-1.,0.));
#2585 = ORIENTED_EDGE('',*,*,#2586,.T.);
#2586 = EDGE_CURVE('',#2579,#2544,#2587,.T.);
#2587 = LINE('',#2588,#2589);
#2588 = CARTESIAN_POINT('',(-17.,-10.8,2.8));
#2589 = VECTOR('',#2590,1.);
#2590 = DIRECTION('',(-1.,-0.,-0.));
#2591 = ORIENTED_EDGE('',*,*,#2551,.T.);
#2592 = ORIENTED_EDGE('',*,*,#2593,.F.);
#2593 = EDGE_CURVE('',#2594,#2552,#2596,.T.);
#2594 = VERTEX_POINT('',#2595);
#2595 = CARTESIAN_POINT('',(-18.,-5.2,2.8));
#2596 = LINE('',#2597,#2598);
#2597 = CARTESIAN_POINT('',(-17.,-5.2,2.8));
#2598 = VECTOR('',#2599,1.);
#2599 = DIRECTION('',(-1.,-0.,-0.));
#2600 = ORIENTED_EDGE('',*,*,#2601,.T.);
#2601 = EDGE_CURVE('',#2594,#2602,#2604,.T.);
#2602 = VERTEX_POINT('',#2603);
#2603 = CARTESIAN_POINT('',(-18.,-5.5,2.8));
#2604 = LINE('',#2605,#2606);
#2605 = CARTESIAN_POINT('',(-18.,-10.8,2.8));
#2606 = VECTOR('',#2607,1.);
#2607 = DIRECTION('',(0.,-1.,0.));
#2608 = ORIENTED_EDGE('',*,*,#2609,.T.);
#2609 = EDGE_CURVE('',#2602,#2610,#2612,.T.);
#2610 = VERTEX_POINT('',#2611);
#2611 = CARTESIAN_POINT('',(-19.,-5.5,2.8));
#2612 = LINE('',#2613,#2614);
#2613 = CARTESIAN_POINT('',(-18.,-5.5,2.8));
#2614 = VECTOR('',#2615,1.);
#2615 = DIRECTION('',(-1.,-0.,-0.));
#2616 = ORIENTED_EDGE('',*,*,#2617,.F.);
#2617 = EDGE_CURVE('',#2618,#2610,#2620,.T.);
#2618 = VERTEX_POINT('',#2619);
#2619 = CARTESIAN_POINT('',(-19.,-10.5,2.8));
#2620 = LINE('',#2621,#2622);
#2621 = CARTESIAN_POINT('',(-19.,-10.5,2.8));
#2622 = VECTOR('',#2623,1.);
#2623 = DIRECTION('',(-0.,1.,-0.));
#2624 = ORIENTED_EDGE('',*,*,#2625,.F.);
#2625 = EDGE_CURVE('',#2577,#2618,#2626,.T.);
#2626 = LINE('',#2627,#2628);
#2627 = CARTESIAN_POINT('',(-18.,-10.5,2.8));
#2628 = VECTOR('',#2629,1.);
#2629 = DIRECTION('',(-1.,-0.,-0.));
#2630 = PLANE('',#2631);
#2631 = AXIS2_PLACEMENT_3D('',#2632,#2633,#2634);
#2632 = CARTESIAN_POINT('',(-17.,-10.8,2.8));
#2633 = DIRECTION('',(-0.,-0.,1.));
#2634 = DIRECTION('',(1.,0.,0.));
#2635 = ADVANCED_FACE('',(#2636),#2652,.F.);
#2636 = FACE_BOUND('',#2637,.F.);
#2637 = EDGE_LOOP('',(#2638,#2639,#2645,#2646));
#2638 = ORIENTED_EDGE('',*,*,#1535,.F.);
#2639 = ORIENTED_EDGE('',*,*,#2640,.F.);
#2640 = EDGE_CURVE('',#1815,#1536,#2641,.T.);
#2641 = LINE('',#2642,#2643);
#2642 = CARTESIAN_POINT('',(-17.,-10.,3.4));
#2643 = VECTOR('',#2644,1.);
#2644 = DIRECTION('',(0.,0.,-1.));
#2645 = ORIENTED_EDGE('',*,*,#1814,.T.);
#2646 = ORIENTED_EDGE('',*,*,#2647,.F.);
#2647 = EDGE_CURVE('',#1528,#1817,#2648,.T.);
#2648 = LINE('',#2649,#2650);
#2649 = CARTESIAN_POINT('',(-14.96,-10.,3.4));
#2650 = VECTOR('',#2651,1.);
#2651 = DIRECTION('',(0.,0.,1.));
#2652 = PLANE('',#2653);
#2653 = AXIS2_PLACEMENT_3D('',#2654,#2655,#2656);
#2654 = CARTESIAN_POINT('',(-22.,-10.,4.));
#2655 = DIRECTION('',(-0.,1.,0.));
#2656 = DIRECTION('',(0.,0.,1.));
#2657 = ADVANCED_FACE('',(#2658),#2673,.T.);
#2658 = FACE_BOUND('',#2659,.T.);
#2659 = EDGE_LOOP('',(#2660,#2661,#2662,#2668,#2669,#2670,#2671,#2672));
#2660 = ORIENTED_EDGE('',*,*,#1783,.F.);
#2661 = ORIENTED_EDGE('',*,*,#2377,.T.);
#2662 = ORIENTED_EDGE('',*,*,#2663,.T.);
#2663 = EDGE_CURVE('',#2378,#1867,#2664,.T.);
#2664 = LINE('',#2665,#2666);
#2665 = CARTESIAN_POINT('',(-14.96,19.,2.8));
#2666 = VECTOR('',#2667,1.);
#2667 = DIRECTION('',(0.,0.,1.));
#2668 = ORIENTED_EDGE('',*,*,#1866,.F.);
#2669 = ORIENTED_EDGE('',*,*,#1766,.F.);
#2670 = ORIENTED_EDGE('',*,*,#1841,.F.);
#2671 = ORIENTED_EDGE('',*,*,#2647,.F.);
#2672 = ORIENTED_EDGE('',*,*,#1527,.T.);
#2673 = PLANE('',#2674);
#2674 = AXIS2_PLACEMENT_3D('',#2675,#2676,#2677);
#2675 = CARTESIAN_POINT('',(-14.96,-19.,2.8));
#2676 = DIRECTION('',(1.,0.,-0.));
#2677 = DIRECTION('',(0.,0.,1.));
#2678 = ADVANCED_FACE('',(#2679),#2706,.F.);
#2679 = FACE_BOUND('',#2680,.F.);
#2680 = EDGE_LOOP('',(#2681,#2689,#2697,#2703,#2704,#2705));
#2681 = ORIENTED_EDGE('',*,*,#2682,.F.);
#2682 = EDGE_CURVE('',#2683,#2290,#2685,.T.);
#2683 = VERTEX_POINT('',#2684);
#2684 = CARTESIAN_POINT('',(20.,-10.8,2.8));
#2685 = LINE('',#2686,#2687);
#2686 = CARTESIAN_POINT('',(20.,-10.8,2.8));
#2687 = VECTOR('',#2688,1.);
#2688 = DIRECTION('',(0.,0.,1.));
#2689 = ORIENTED_EDGE('',*,*,#2690,.T.);
#2690 = EDGE_CURVE('',#2683,#2691,#2693,.T.);
#2691 = VERTEX_POINT('',#2692);
#2692 = CARTESIAN_POINT('',(20.,-5.2,2.8));
#2693 = LINE('',#2694,#2695);
#2694 = CARTESIAN_POINT('',(20.,-10.8,2.8));
#2695 = VECTOR('',#2696,1.);
#2696 = DIRECTION('',(-0.,1.,0.));
#2697 = ORIENTED_EDGE('',*,*,#2698,.T.);
#2698 = EDGE_CURVE('',#2691,#1722,#2699,.T.);
#2699 = LINE('',#2700,#2701);
#2700 = CARTESIAN_POINT('',(20.,-5.2,2.8));
#2701 = VECTOR('',#2702,1.);
#2702 = DIRECTION('',(0.,0.,1.));
#2703 = ORIENTED_EDGE('',*,*,#1729,.F.);
#2704 = ORIENTED_EDGE('',*,*,#2320,.T.);
#2705 = ORIENTED_EDGE('',*,*,#2289,.F.);
#2706 = PLANE('',#2707);
#2707 = AXIS2_PLACEMENT_3D('',#2708,#2709,#2710);
#2708 = CARTESIAN_POINT('',(20.,-10.8,2.8));
#2709 = DIRECTION('',(1.,0.,-0.));
#2710 = DIRECTION('',(0.,0.,1.));
#2711 = ADVANCED_FACE('',(#2712),#2769,.T.);
#2712 = FACE_BOUND('',#2713,.T.);
#2713 = EDGE_LOOP('',(#2714,#2724,#2730,#2731,#2739,#2747,#2755,#2763));
#2714 = ORIENTED_EDGE('',*,*,#2715,.F.);
#2715 = EDGE_CURVE('',#2716,#2718,#2720,.T.);
#2716 = VERTEX_POINT('',#2717);
#2717 = CARTESIAN_POINT('',(18.,-10.8,2.8));
#2718 = VERTEX_POINT('',#2719);
#2719 = CARTESIAN_POINT('',(18.,-10.5,2.8));
#2720 = LINE('',#2721,#2722);
#2721 = CARTESIAN_POINT('',(18.,-10.8,2.8));
#2722 = VECTOR('',#2723,1.);
#2723 = DIRECTION('',(-0.,1.,0.));
#2724 = ORIENTED_EDGE('',*,*,#2725,.T.);
#2725 = EDGE_CURVE('',#2716,#2683,#2726,.T.);
#2726 = LINE('',#2727,#2728);
#2727 = CARTESIAN_POINT('',(17.,-10.8,2.8));
#2728 = VECTOR('',#2729,1.);
#2729 = DIRECTION('',(1.,0.,-0.));
#2730 = ORIENTED_EDGE('',*,*,#2690,.T.);
#2731 = ORIENTED_EDGE('',*,*,#2732,.F.);
#2732 = EDGE_CURVE('',#2733,#2691,#2735,.T.);
#2733 = VERTEX_POINT('',#2734);
#2734 = CARTESIAN_POINT('',(18.,-5.2,2.8));
#2735 = LINE('',#2736,#2737);
#2736 = CARTESIAN_POINT('',(17.,-5.2,2.8));
#2737 = VECTOR('',#2738,1.);
#2738 = DIRECTION('',(1.,0.,-0.));
#2739 = ORIENTED_EDGE('',*,*,#2740,.F.);
#2740 = EDGE_CURVE('',#2741,#2733,#2743,.T.);
#2741 = VERTEX_POINT('',#2742);
#2742 = CARTESIAN_POINT('',(18.,-5.5,2.8));
#2743 = LINE('',#2744,#2745);
#2744 = CARTESIAN_POINT('',(18.,-10.8,2.8));
#2745 = VECTOR('',#2746,1.);
#2746 = DIRECTION('',(-0.,1.,0.));
#2747 = ORIENTED_EDGE('',*,*,#2748,.T.);
#2748 = EDGE_CURVE('',#2741,#2749,#2751,.T.);
#2749 = VERTEX_POINT('',#2750);
#2750 = CARTESIAN_POINT('',(19.,-5.5,2.8));
#2751 = LINE('',#2752,#2753);
#2752 = CARTESIAN_POINT('',(18.,-5.5,2.8));
#2753 = VECTOR('',#2754,1.);
#2754 = DIRECTION('',(1.,0.,-0.));
#2755 = ORIENTED_EDGE('',*,*,#2756,.F.);
#2756 = EDGE_CURVE('',#2757,#2749,#2759,.T.);
#2757 = VERTEX_POINT('',#2758);
#2758 = CARTESIAN_POINT('',(19.,-10.5,2.8));
#2759 = LINE('',#2760,#2761);
#2760 = CARTESIAN_POINT('',(19.,-10.5,2.8));
#2761 = VECTOR('',#2762,1.);
#2762 = DIRECTION('',(-0.,1.,0.));
#2763 = ORIENTED_EDGE('',*,*,#2764,.F.);
#2764 = EDGE_CURVE('',#2718,#2757,#2765,.T.);
#2765 = LINE('',#2766,#2767);
#2766 = CARTESIAN_POINT('',(18.,-10.5,2.8));
#2767 = VECTOR('',#2768,1.);
#2768 = DIRECTION('',(1.,0.,-0.));
#2769 = PLANE('',#2770);
#2770 = AXIS2_PLACEMENT_3D('',#2771,#2772,#2773);
#2771 = CARTESIAN_POINT('',(17.,-10.8,2.8));
#2772 = DIRECTION('',(0.,0.,1.));
#2773 = DIRECTION('',(1.,0.,-0.));
#2774 = ADVANCED_FACE('',(#2775),#2791,.T.);
#2775 = FACE_BOUND('',#2776,.T.);
#2776 = EDGE_LOOP('',(#2777,#2778,#2784,#2785));
#2777 = ORIENTED_EDGE('',*,*,#1973,.F.);
#2778 = ORIENTED_EDGE('',*,*,#2779,.F.);
#2779 = EDGE_CURVE('',#1714,#1966,#2780,.T.);
#2780 = LINE('',#2781,#2782);
#2781 = CARTESIAN_POINT('',(19.,-5.2,5.35));
#2782 = VECTOR('',#2783,1.);
#2783 = DIRECTION('',(0.,0.,1.));
#2784 = ORIENTED_EDGE('',*,*,#1713,.T.);
#2785 = ORIENTED_EDGE('',*,*,#2786,.T.);
#2786 = EDGE_CURVE('',#1706,#1974,#2787,.T.);
#2787 = LINE('',#2788,#2789);
#2788 = CARTESIAN_POINT('',(19.,5.2,5.35));
#2789 = VECTOR('',#2790,1.);
#2790 = DIRECTION('',(0.,0.,1.));
#2791 = PLANE('',#2792);
#2792 = AXIS2_PLACEMENT_3D('',#2793,#2794,#2795);
#2793 = CARTESIAN_POINT('',(19.,-23.,7.9));
#2794 = DIRECTION('',(1.,0.,-0.));
#2795 = DIRECTION('',(0.,0.,1.));
#2796 = ADVANCED_FACE('',(#2797),#2822,.F.);
#2797 = FACE_BOUND('',#2798,.F.);
#2798 = EDGE_LOOP('',(#2799,#2807,#2815,#2821));
#2799 = ORIENTED_EDGE('',*,*,#2800,.F.);
#2800 = EDGE_CURVE('',#2801,#1698,#2803,.T.);
#2801 = VERTEX_POINT('',#2802);
#2802 = CARTESIAN_POINT('',(20.,5.2,2.8));
#2803 = LINE('',#2804,#2805);
#2804 = CARTESIAN_POINT('',(20.,5.2,2.8));
#2805 = VECTOR('',#2806,1.);
#2806 = DIRECTION('',(0.,0.,1.));
#2807 = ORIENTED_EDGE('',*,*,#2808,.T.);
#2808 = EDGE_CURVE('',#2801,#2809,#2811,.T.);
#2809 = VERTEX_POINT('',#2810);
#2810 = CARTESIAN_POINT('',(20.,10.8,2.8));
#2811 = LINE('',#2812,#2813);
#2812 = CARTESIAN_POINT('',(20.,5.2,2.8));
#2813 = VECTOR('',#2814,1.);
#2814 = DIRECTION('',(-0.,1.,0.));
#2815 = ORIENTED_EDGE('',*,*,#2816,.T.);
#2816 = EDGE_CURVE('',#2809,#1690,#2817,.T.);
#2817 = LINE('',#2818,#2819);
#2818 = CARTESIAN_POINT('',(20.,10.8,2.8));
#2819 = VECTOR('',#2820,1.);
#2820 = DIRECTION('',(0.,0.,1.));
#2821 = ORIENTED_EDGE('',*,*,#1697,.F.);
#2822 = PLANE('',#2823);
#2823 = AXIS2_PLACEMENT_3D('',#2824,#2825,#2826);
#2824 = CARTESIAN_POINT('',(20.,5.2,2.8));
#2825 = DIRECTION('',(1.,0.,-0.));
#2826 = DIRECTION('',(0.,0.,1.));
#2827 = ADVANCED_FACE('',(#2828),#2885,.T.);
#2828 = FACE_BOUND('',#2829,.T.);
#2829 = EDGE_LOOP('',(#2830,#2840,#2846,#2847,#2855,#2863,#2871,#2879));
#2830 = ORIENTED_EDGE('',*,*,#2831,.F.);
#2831 = EDGE_CURVE('',#2832,#2834,#2836,.T.);
#2832 = VERTEX_POINT('',#2833);
#2833 = CARTESIAN_POINT('',(18.,5.2,2.8));
#2834 = VERTEX_POINT('',#2835);
#2835 = CARTESIAN_POINT('',(18.,5.5,2.8));
#2836 = LINE('',#2837,#2838);
#2837 = CARTESIAN_POINT('',(18.,5.2,2.8));
#2838 = VECTOR('',#2839,1.);
#2839 = DIRECTION('',(-0.,1.,0.));
#2840 = ORIENTED_EDGE('',*,*,#2841,.T.);
#2841 = EDGE_CURVE('',#2832,#2801,#2842,.T.);
#2842 = LINE('',#2843,#2844);
#2843 = CARTESIAN_POINT('',(17.,5.2,2.8));
#2844 = VECTOR('',#2845,1.);
#2845 = DIRECTION('',(1.,0.,-0.));
#2846 = ORIENTED_EDGE('',*,*,#2808,.T.);
#2847 = ORIENTED_EDGE('',*,*,#2848,.F.);
#2848 = EDGE_CURVE('',#2849,#2809,#2851,.T.);
#2849 = VERTEX_POINT('',#2850);
#2850 = CARTESIAN_POINT('',(18.,10.8,2.8));
#2851 = LINE('',#2852,#2853);
#2852 = CARTESIAN_POINT('',(17.,10.8,2.8));
#2853 = VECTOR('',#2854,1.);
#2854 = DIRECTION('',(1.,0.,-0.));
#2855 = ORIENTED_EDGE('',*,*,#2856,.F.);
#2856 = EDGE_CURVE('',#2857,#2849,#2859,.T.);
#2857 = VERTEX_POINT('',#2858);
#2858 = CARTESIAN_POINT('',(18.,10.5,2.8));
#2859 = LINE('',#2860,#2861);
#2860 = CARTESIAN_POINT('',(18.,5.2,2.8));
#2861 = VECTOR('',#2862,1.);
#2862 = DIRECTION('',(-0.,1.,0.));
#2863 = ORIENTED_EDGE('',*,*,#2864,.T.);
#2864 = EDGE_CURVE('',#2857,#2865,#2867,.T.);
#2865 = VERTEX_POINT('',#2866);
#2866 = CARTESIAN_POINT('',(19.,10.5,2.8));
#2867 = LINE('',#2868,#2869);
#2868 = CARTESIAN_POINT('',(18.,10.5,2.8));
#2869 = VECTOR('',#2870,1.);
#2870 = DIRECTION('',(1.,0.,-0.));
#2871 = ORIENTED_EDGE('',*,*,#2872,.F.);
#2872 = EDGE_CURVE('',#2873,#2865,#2875,.T.);
#2873 = VERTEX_POINT('',#2874);
#2874 = CARTESIAN_POINT('',(19.,5.5,2.8));
#2875 = LINE('',#2876,#2877);
#2876 = CARTESIAN_POINT('',(19.,5.5,2.8));
#2877 = VECTOR('',#2878,1.);
#2878 = DIRECTION('',(-0.,1.,0.));
#2879 = ORIENTED_EDGE('',*,*,#2880,.F.);
#2880 = EDGE_CURVE('',#2834,#2873,#2881,.T.);
#2881 = LINE('',#2882,#2883);
#2882 = CARTESIAN_POINT('',(18.,5.5,2.8));
#2883 = VECTOR('',#2884,1.);
#2884 = DIRECTION('',(1.,0.,-0.));
#2885 = PLANE('',#2886);
#2886 = AXIS2_PLACEMENT_3D('',#2887,#2888,#2889);
#2887 = CARTESIAN_POINT('',(17.,5.2,2.8));
#2888 = DIRECTION('',(0.,0.,1.));
#2889 = DIRECTION('',(1.,0.,-0.));
#2890 = ADVANCED_FACE('',(#2891),#2907,.T.);
#2891 = FACE_BOUND('',#2892,.T.);
#2892 = EDGE_LOOP('',(#2893,#2894,#2900,#2901));
#2893 = ORIENTED_EDGE('',*,*,#2005,.F.);
#2894 = ORIENTED_EDGE('',*,*,#2895,.F.);
#2895 = EDGE_CURVE('',#1682,#1998,#2896,.T.);
#2896 = LINE('',#2897,#2898);
#2897 = CARTESIAN_POINT('',(19.,10.8,5.35));
#2898 = VECTOR('',#2899,1.);
#2899 = DIRECTION('',(0.,0.,1.));
#2900 = ORIENTED_EDGE('',*,*,#1681,.T.);
#2901 = ORIENTED_EDGE('',*,*,#2902,.T.);
#2902 = EDGE_CURVE('',#1673,#2006,#2903,.T.);
#2903 = LINE('',#2904,#2905);
#2904 = CARTESIAN_POINT('',(19.,23.,7.9));
#2905 = VECTOR('',#2906,1.);
#2906 = DIRECTION('',(0.,0.,1.));
#2907 = PLANE('',#2908);
#2908 = AXIS2_PLACEMENT_3D('',#2909,#2910,#2911);
#2909 = CARTESIAN_POINT('',(19.,-23.,7.9));
#2910 = DIRECTION('',(1.,0.,-0.));
#2911 = DIRECTION('',(0.,0.,1.));
#2912 = ADVANCED_FACE('',(#2913),#2924,.T.);
#2913 = FACE_BOUND('',#2914,.T.);
#2914 = EDGE_LOOP('',(#2915,#2916,#2917,#2918));
#2915 = ORIENTED_EDGE('',*,*,#2013,.F.);
#2916 = ORIENTED_EDGE('',*,*,#2902,.F.);
#2917 = ORIENTED_EDGE('',*,*,#1672,.T.);
#2918 = ORIENTED_EDGE('',*,*,#2919,.T.);
#2919 = EDGE_CURVE('',#1665,#2014,#2920,.T.);
#2920 = LINE('',#2921,#2922);
#2921 = CARTESIAN_POINT('',(16.,26.,7.9));
#2922 = VECTOR('',#2923,1.);
#2923 = DIRECTION('',(0.,0.,1.));
#2924 = CYLINDRICAL_SURFACE('',#2925,3.);
#2925 = AXIS2_PLACEMENT_3D('',#2926,#2927,#2928);
#2926 = CARTESIAN_POINT('',(16.,23.,7.9));
#2927 = DIRECTION('',(0.,0.,1.));
#2928 = DIRECTION('',(1.,0.,-0.));
#2929 = ADVANCED_FACE('',(#2930),#2941,.T.);
#2930 = FACE_BOUND('',#2931,.T.);
#2931 = EDGE_LOOP('',(#2932,#2933,#2939,#2940));
#2932 = ORIENTED_EDGE('',*,*,#1664,.T.);
#2933 = ORIENTED_EDGE('',*,*,#2934,.T.);
#2934 = EDGE_CURVE('',#1656,#2023,#2935,.T.);
#2935 = LINE('',#2936,#2937);
#2936 = CARTESIAN_POINT('',(-16.,26.,7.9));
#2937 = VECTOR('',#2938,1.);
#2938 = DIRECTION('',(0.,0.,1.));
#2939 = ORIENTED_EDGE('',*,*,#2022,.T.);
#2940 = ORIENTED_EDGE('',*,*,#2919,.F.);
#2941 = PLANE('',#2942);
#2942 = AXIS2_PLACEMENT_3D('',#2943,#2944,#2945);
#2943 = CARTESIAN_POINT('',(-16.,26.,7.9));
#2944 = DIRECTION('',(-0.,1.,0.));
#2945 = DIRECTION('',(0.,0.,1.));
#2946 = ADVANCED_FACE('',(#2947),#2958,.T.);
#2947 = FACE_BOUND('',#2948,.T.);
#2948 = EDGE_LOOP('',(#2949,#2950,#2951,#2952));
#2949 = ORIENTED_EDGE('',*,*,#2030,.F.);
#2950 = ORIENTED_EDGE('',*,*,#2934,.F.);
#2951 = ORIENTED_EDGE('',*,*,#1655,.T.);
#2952 = ORIENTED_EDGE('',*,*,#2953,.T.);
#2953 = EDGE_CURVE('',#1648,#2031,#2954,.T.);
#2954 = LINE('',#2955,#2956);
#2955 = CARTESIAN_POINT('',(-19.,23.,7.9));
#2956 = VECTOR('',#2957,1.);
#2957 = DIRECTION('',(0.,0.,1.));
#2958 = CYLINDRICAL_SURFACE('',#2959,3.);
#2959 = AXIS2_PLACEMENT_3D('',#2960,#2961,#2962);
#2960 = CARTESIAN_POINT('',(-16.,23.,7.9));
#2961 = DIRECTION('',(0.,0.,1.));
#2962 = DIRECTION('',(1.,0.,-0.));
#2963 = ADVANCED_FACE('',(#2964),#2975,.F.);
#2964 = FACE_BOUND('',#2965,.F.);
#2965 = EDGE_LOOP('',(#2966,#2967,#2973,#2974));
#2966 = ORIENTED_EDGE('',*,*,#2039,.F.);
#2967 = ORIENTED_EDGE('',*,*,#2968,.T.);
#2968 = EDGE_CURVE('',#2040,#1640,#2969,.T.);
#2969 = LINE('',#2970,#2971);
#2970 = CARTESIAN_POINT('',(-19.,10.8,5.35));
#2971 = VECTOR('',#2972,1.);
#2972 = DIRECTION('',(0.,-0.,-1.));
#2973 = ORIENTED_EDGE('',*,*,#1647,.T.);
#2974 = ORIENTED_EDGE('',*,*,#2953,.T.);
#2975 = PLANE('',#2976);
#2976 = AXIS2_PLACEMENT_3D('',#2977,#2978,#2979);
#2977 = CARTESIAN_POINT('',(-19.,-23.,7.9));
#2978 = DIRECTION('',(1.,0.,-0.));
#2979 = DIRECTION('',(0.,0.,1.));
#2980 = ADVANCED_FACE('',(#2981),#3006,.F.);
#2981 = FACE_BOUND('',#2982,.T.);
#2982 = EDGE_LOOP('',(#2983,#2991,#2999,#3005));
#2983 = ORIENTED_EDGE('',*,*,#2984,.F.);
#2984 = EDGE_CURVE('',#2985,#1624,#2987,.T.);
#2985 = VERTEX_POINT('',#2986);
#2986 = CARTESIAN_POINT('',(-20.,5.2,2.8));
#2987 = LINE('',#2988,#2989);
#2988 = CARTESIAN_POINT('',(-20.,5.2,2.8));
#2989 = VECTOR('',#2990,1.);
#2990 = DIRECTION('',(-0.,-0.,1.));
#2991 = ORIENTED_EDGE('',*,*,#2992,.T.);
#2992 = EDGE_CURVE('',#2985,#2993,#2995,.T.);
#2993 = VERTEX_POINT('',#2994);
#2994 = CARTESIAN_POINT('',(-20.,10.8,2.8));
#2995 = LINE('',#2996,#2997);
#2996 = CARTESIAN_POINT('',(-20.,5.2,2.8));
#2997 = VECTOR('',#2998,1.);
#2998 = DIRECTION('',(-0.,1.,-0.));
#2999 = ORIENTED_EDGE('',*,*,#3000,.T.);
#3000 = EDGE_CURVE('',#2993,#1632,#3001,.T.);
#3001 = LINE('',#3002,#3003);
#3002 = CARTESIAN_POINT('',(-20.,10.8,2.8));
#3003 = VECTOR('',#3004,1.);
#3004 = DIRECTION('',(-0.,-0.,1.));
#3005 = ORIENTED_EDGE('',*,*,#1631,.F.);
#3006 = PLANE('',#3007);
#3007 = AXIS2_PLACEMENT_3D('',#3008,#3009,#3010);
#3008 = CARTESIAN_POINT('',(-20.,5.2,2.8));
#3009 = DIRECTION('',(-1.,-0.,-0.));
#3010 = DIRECTION('',(0.,0.,-1.));
#3011 = ADVANCED_FACE('',(#3012),#3069,.T.);
#3012 = FACE_BOUND('',#3013,.F.);
#3013 = EDGE_LOOP('',(#3014,#3024,#3030,#3031,#3039,#3047,#3055,#3063));
#3014 = ORIENTED_EDGE('',*,*,#3015,.T.);
#3015 = EDGE_CURVE('',#3016,#3018,#3020,.T.);
#3016 = VERTEX_POINT('',#3017);
#3017 = CARTESIAN_POINT('',(-18.,5.5,2.8));
#3018 = VERTEX_POINT('',#3019);
#3019 = CARTESIAN_POINT('',(-18.,5.2,2.8));
#3020 = LINE('',#3021,#3022);
#3021 = CARTESIAN_POINT('',(-18.,5.2,2.8));
#3022 = VECTOR('',#3023,1.);
#3023 = DIRECTION('',(0.,-1.,0.));
#3024 = ORIENTED_EDGE('',*,*,#3025,.T.);
#3025 = EDGE_CURVE('',#3018,#2985,#3026,.T.);
#3026 = LINE('',#3027,#3028);
#3027 = CARTESIAN_POINT('',(-17.,5.2,2.8));
#3028 = VECTOR('',#3029,1.);
#3029 = DIRECTION('',(-1.,-0.,-0.));
#3030 = ORIENTED_EDGE('',*,*,#2992,.T.);
#3031 = ORIENTED_EDGE('',*,*,#3032,.F.);
#3032 = EDGE_CURVE('',#3033,#2993,#3035,.T.);
#3033 = VERTEX_POINT('',#3034);
#3034 = CARTESIAN_POINT('',(-18.,10.8,2.8));
#3035 = LINE('',#3036,#3037);
#3036 = CARTESIAN_POINT('',(-17.,10.8,2.8));
#3037 = VECTOR('',#3038,1.);
#3038 = DIRECTION('',(-1.,-0.,-0.));
#3039 = ORIENTED_EDGE('',*,*,#3040,.T.);
#3040 = EDGE_CURVE('',#3033,#3041,#3043,.T.);
#3041 = VERTEX_POINT('',#3042);
#3042 = CARTESIAN_POINT('',(-18.,10.5,2.8));
#3043 = LINE('',#3044,#3045);
#3044 = CARTESIAN_POINT('',(-18.,5.2,2.8));
#3045 = VECTOR('',#3046,1.);
#3046 = DIRECTION('',(0.,-1.,0.));
#3047 = ORIENTED_EDGE('',*,*,#3048,.T.);
#3048 = EDGE_CURVE('',#3041,#3049,#3051,.T.);
#3049 = VERTEX_POINT('',#3050);
#3050 = CARTESIAN_POINT('',(-19.,10.5,2.8));
#3051 = LINE('',#3052,#3053);
#3052 = CARTESIAN_POINT('',(-18.,10.5,2.8));
#3053 = VECTOR('',#3054,1.);
#3054 = DIRECTION('',(-1.,-0.,-0.));
#3055 = ORIENTED_EDGE('',*,*,#3056,.F.);
#3056 = EDGE_CURVE('',#3057,#3049,#3059,.T.);
#3057 = VERTEX_POINT('',#3058);
#3058 = CARTESIAN_POINT('',(-19.,5.5,2.8));
#3059 = LINE('',#3060,#3061);
#3060 = CARTESIAN_POINT('',(-19.,5.5,2.8));
#3061 = VECTOR('',#3062,1.);
#3062 = DIRECTION('',(-0.,1.,-0.));
#3063 = ORIENTED_EDGE('',*,*,#3064,.F.);
#3064 = EDGE_CURVE('',#3016,#3057,#3065,.T.);
#3065 = LINE('',#3066,#3067);
#3066 = CARTESIAN_POINT('',(-18.,5.5,2.8));
#3067 = VECTOR('',#3068,1.);
#3068 = DIRECTION('',(-1.,-0.,-0.));
#3069 = PLANE('',#3070);
#3070 = AXIS2_PLACEMENT_3D('',#3071,#3072,#3073);
#3071 = CARTESIAN_POINT('',(-17.,5.2,2.8));
#3072 = DIRECTION('',(-0.,-0.,1.));
#3073 = DIRECTION('',(1.,0.,0.));
#3074 = ADVANCED_FACE('',(#3075),#3091,.F.);
#3075 = FACE_BOUND('',#3076,.F.);
#3076 = EDGE_LOOP('',(#3077,#3078,#3084,#3085));
#3077 = ORIENTED_EDGE('',*,*,#2071,.F.);
#3078 = ORIENTED_EDGE('',*,*,#3079,.T.);
#3079 = EDGE_CURVE('',#2072,#1608,#3080,.T.);
#3080 = LINE('',#3081,#3082);
#3081 = CARTESIAN_POINT('',(-19.,-5.2,5.35));
#3082 = VECTOR('',#3083,1.);
#3083 = DIRECTION('',(0.,-0.,-1.));
#3084 = ORIENTED_EDGE('',*,*,#1615,.T.);
#3085 = ORIENTED_EDGE('',*,*,#3086,.F.);
#3086 = EDGE_CURVE('',#2064,#1616,#3087,.T.);
#3087 = LINE('',#3088,#3089);
#3088 = CARTESIAN_POINT('',(-19.,5.2,5.35));
#3089 = VECTOR('',#3090,1.);
#3090 = DIRECTION('',(0.,-0.,-1.));
#3091 = PLANE('',#3092);
#3092 = AXIS2_PLACEMENT_3D('',#3093,#3094,#3095);
#3093 = CARTESIAN_POINT('',(-19.,-23.,7.9));
#3094 = DIRECTION('',(1.,0.,-0.));
#3095 = DIRECTION('',(0.,0.,1.));
#3096 = ADVANCED_FACE('',(#3097),#3115,.T.);
#3097 = FACE_BOUND('',#3098,.T.);
#3098 = EDGE_LOOP('',(#3099,#3107,#3113,#3114));
#3099 = ORIENTED_EDGE('',*,*,#3100,.T.);
#3100 = EDGE_CURVE('',#2199,#3101,#3103,.T.);
#3101 = VERTEX_POINT('',#3102);
#3102 = CARTESIAN_POINT('',(17.,-10.8,10.));
#3103 = LINE('',#3104,#3105);
#3104 = CARTESIAN_POINT('',(15.5,-10.8,10.));
#3105 = VECTOR('',#3106,1.);
#3106 = DIRECTION('',(-1.,-0.,0.));
#3107 = ORIENTED_EDGE('',*,*,#3108,.T.);
#3108 = EDGE_CURVE('',#3101,#1950,#3109,.T.);
#3109 = LINE('',#3110,#3111);
#3110 = CARTESIAN_POINT('',(17.,-10.8,2.8));
#3111 = VECTOR('',#3112,1.);
#3112 = DIRECTION('',(0.,0.,1.));
#3113 = ORIENTED_EDGE('',*,*,#1949,.F.);
#3114 = ORIENTED_EDGE('',*,*,#2206,.F.);
#3115 = PLANE('',#3116);
#3116 = AXIS2_PLACEMENT_3D('',#3117,#3118,#3119);
#3117 = CARTESIAN_POINT('',(17.,-10.8,2.8));
#3118 = DIRECTION('',(-0.,1.,0.));
#3119 = DIRECTION('',(0.,0.,1.));
#3120 = ADVANCED_FACE('',(#3121),#3149,.F.);
#3121 = FACE_BOUND('',#3122,.F.);
#3122 = EDGE_LOOP('',(#3123,#3124,#3125,#3131,#3132,#3133,#3142,#3148));
#3123 = ORIENTED_EDGE('',*,*,#2140,.F.);
#3124 = ORIENTED_EDGE('',*,*,#2419,.T.);
#3125 = ORIENTED_EDGE('',*,*,#3126,.T.);
#3126 = EDGE_CURVE('',#2412,#2265,#3127,.T.);
#3127 = LINE('',#3128,#3129);
#3128 = CARTESIAN_POINT('',(14.96,-19.,2.8));
#3129 = VECTOR('',#3130,1.);
#3130 = DIRECTION('',(0.,0.,1.));
#3131 = ORIENTED_EDGE('',*,*,#2272,.F.);
#3132 = ORIENTED_EDGE('',*,*,#2229,.T.);
#3133 = ORIENTED_EDGE('',*,*,#3134,.T.);
#3134 = EDGE_CURVE('',#2230,#3135,#3137,.T.);
#3135 = VERTEX_POINT('',#3136);
#3136 = CARTESIAN_POINT('',(14.96,-19.,10.));
#3137 = CIRCLE('',#3138,3.5);
#3138 = AXIS2_PLACEMENT_3D('',#3139,#3140,#3141);
#3139 = CARTESIAN_POINT('',(11.46,-19.,10.));
#3140 = DIRECTION('',(0.,0.,1.));
#3141 = DIRECTION('',(1.,0.,-0.));
#3142 = ORIENTED_EDGE('',*,*,#3143,.T.);
#3143 = EDGE_CURVE('',#3135,#1901,#3144,.T.);
#3144 = LINE('',#3145,#3146);
#3145 = CARTESIAN_POINT('',(14.96,-19.,2.8));
#3146 = VECTOR('',#3147,1.);
#3147 = DIRECTION('',(0.,0.,1.));
#3148 = ORIENTED_EDGE('',*,*,#1908,.F.);
#3149 = CYLINDRICAL_SURFACE('',#3150,3.5);
#3150 = AXIS2_PLACEMENT_3D('',#3151,#3152,#3153);
#3151 = CARTESIAN_POINT('',(11.46,-19.,2.8));
#3152 = DIRECTION('',(0.,0.,1.));
#3153 = DIRECTION('',(1.,0.,-0.));
#3154 = ADVANCED_FACE('',(#3155),#3182,.F.);
#3155 = FACE_BOUND('',#3156,.F.);
#3156 = EDGE_LOOP('',(#3157,#3158,#3159,#3165,#3166,#3167,#3175,#3181));
#3157 = ORIENTED_EDGE('',*,*,#3126,.F.);
#3158 = ORIENTED_EDGE('',*,*,#2411,.T.);
#3159 = ORIENTED_EDGE('',*,*,#3160,.T.);
#3160 = EDGE_CURVE('',#2403,#1892,#3161,.T.);
#3161 = LINE('',#3162,#3163);
#3162 = CARTESIAN_POINT('',(14.96,19.,2.8));
#3163 = VECTOR('',#3164,1.);
#3164 = DIRECTION('',(0.,0.,1.));
#3165 = ORIENTED_EDGE('',*,*,#1900,.F.);
#3166 = ORIENTED_EDGE('',*,*,#3143,.F.);
#3167 = ORIENTED_EDGE('',*,*,#3168,.F.);
#3168 = EDGE_CURVE('',#3169,#3135,#3171,.T.);
#3169 = VERTEX_POINT('',#3170);
#3170 = CARTESIAN_POINT('',(14.96,-10.,10.));
#3171 = LINE('',#3172,#3173);
#3172 = CARTESIAN_POINT('',(14.96,-19.5,10.));
#3173 = VECTOR('',#3174,1.);
#3174 = DIRECTION('',(0.,-1.,0.));
#3175 = ORIENTED_EDGE('',*,*,#3176,.F.);
#3176 = EDGE_CURVE('',#2255,#3169,#3177,.T.);
#3177 = LINE('',#3178,#3179);
#3178 = CARTESIAN_POINT('',(14.96,-10.,3.4));
#3179 = VECTOR('',#3180,1.);
#3180 = DIRECTION('',(0.,0.,1.));
#3181 = ORIENTED_EDGE('',*,*,#2264,.T.);
#3182 = PLANE('',#3183);
#3183 = AXIS2_PLACEMENT_3D('',#3184,#3185,#3186);
#3184 = CARTESIAN_POINT('',(14.96,-19.,2.8));
#3185 = DIRECTION('',(1.,0.,-0.));
#3186 = DIRECTION('',(0.,0.,1.));
#3187 = ADVANCED_FACE('',(#3188),#3199,.F.);
#3188 = FACE_BOUND('',#3189,.F.);
#3189 = EDGE_LOOP('',(#3190,#3191,#3192,#3193));
#3190 = ORIENTED_EDGE('',*,*,#1891,.F.);
#3191 = ORIENTED_EDGE('',*,*,#3160,.F.);
#3192 = ORIENTED_EDGE('',*,*,#2402,.T.);
#3193 = ORIENTED_EDGE('',*,*,#3194,.T.);
#3194 = EDGE_CURVE('',#2395,#1884,#3195,.T.);
#3195 = LINE('',#3196,#3197);
#3196 = CARTESIAN_POINT('',(11.46,22.5,2.8));
#3197 = VECTOR('',#3198,1.);
#3198 = DIRECTION('',(0.,0.,1.));
#3199 = CYLINDRICAL_SURFACE('',#3200,3.5);
#3200 = AXIS2_PLACEMENT_3D('',#3201,#3202,#3203);
#3201 = CARTESIAN_POINT('',(11.46,19.,2.8));
#3202 = DIRECTION('',(0.,0.,1.));
#3203 = DIRECTION('',(1.,0.,-0.));
#3204 = ADVANCED_FACE('',(#3205),#3216,.F.);
#3205 = FACE_BOUND('',#3206,.F.);
#3206 = EDGE_LOOP('',(#3207,#3208,#3214,#3215));
#3207 = ORIENTED_EDGE('',*,*,#2394,.F.);
#3208 = ORIENTED_EDGE('',*,*,#3209,.T.);
#3209 = EDGE_CURVE('',#2386,#1875,#3210,.T.);
#3210 = LINE('',#3211,#3212);
#3211 = CARTESIAN_POINT('',(-11.46,22.5,2.8));
#3212 = VECTOR('',#3213,1.);
#3213 = DIRECTION('',(0.,0.,1.));
#3214 = ORIENTED_EDGE('',*,*,#1883,.F.);
#3215 = ORIENTED_EDGE('',*,*,#3194,.F.);
#3216 = PLANE('',#3217);
#3217 = AXIS2_PLACEMENT_3D('',#3218,#3219,#3220);
#3218 = CARTESIAN_POINT('',(-11.46,22.5,2.8));
#3219 = DIRECTION('',(-0.,1.,0.));
#3220 = DIRECTION('',(0.,0.,1.));
#3221 = ADVANCED_FACE('',(#3222),#3228,.F.);
#3222 = FACE_BOUND('',#3223,.F.);
#3223 = EDGE_LOOP('',(#3224,#3225,#3226,#3227));
#3224 = ORIENTED_EDGE('',*,*,#1874,.F.);
#3225 = ORIENTED_EDGE('',*,*,#3209,.F.);
#3226 = ORIENTED_EDGE('',*,*,#2385,.T.);
#3227 = ORIENTED_EDGE('',*,*,#2663,.T.);
#3228 = CYLINDRICAL_SURFACE('',#3229,3.5);
#3229 = AXIS2_PLACEMENT_3D('',#3230,#3231,#3232);
#3230 = CARTESIAN_POINT('',(-11.46,19.,2.8));
#3231 = DIRECTION('',(0.,0.,1.));
#3232 = DIRECTION('',(1.,0.,-0.));
#3233 = ADVANCED_FACE('',(#3234),#3255,.F.);
#3234 = FACE_BOUND('',#3235,.F.);
#3235 = EDGE_LOOP('',(#3236,#3244,#3245,#3246,#3247,#3248,#3249));
#3236 = ORIENTED_EDGE('',*,*,#3237,.F.);
#3237 = EDGE_CURVE('',#3169,#3238,#3240,.T.);
#3238 = VERTEX_POINT('',#3239);
#3239 = CARTESIAN_POINT('',(17.,-10.,10.));
#3240 = LINE('',#3241,#3242);
#3241 = CARTESIAN_POINT('',(14.,-10.,10.));
#3242 = VECTOR('',#3243,1.);
#3243 = DIRECTION('',(1.,0.,-0.));
#3244 = ORIENTED_EDGE('',*,*,#3168,.T.);
#3245 = ORIENTED_EDGE('',*,*,#3134,.F.);
#3246 = ORIENTED_EDGE('',*,*,#2237,.T.);
#3247 = ORIENTED_EDGE('',*,*,#2198,.F.);
#3248 = ORIENTED_EDGE('',*,*,#3100,.T.);
#3249 = ORIENTED_EDGE('',*,*,#3250,.T.);
#3250 = EDGE_CURVE('',#3101,#3238,#3251,.T.);
#3251 = LINE('',#3252,#3253);
#3252 = CARTESIAN_POINT('',(17.,-15.4,10.));
#3253 = VECTOR('',#3254,1.);
#3254 = DIRECTION('',(-0.,1.,0.));
#3255 = PLANE('',#3256);
#3256 = AXIS2_PLACEMENT_3D('',#3257,#3258,#3259);
#3257 = CARTESIAN_POINT('',(14.,-20.,10.));
#3258 = DIRECTION('',(0.,0.,1.));
#3259 = DIRECTION('',(1.,0.,-0.));
#3260 = ADVANCED_FACE('',(#3261),#3272,.F.);
#3261 = FACE_BOUND('',#3262,.F.);
#3262 = EDGE_LOOP('',(#3263,#3264,#3265,#3266));
#3263 = ORIENTED_EDGE('',*,*,#2254,.F.);
#3264 = ORIENTED_EDGE('',*,*,#3176,.T.);
#3265 = ORIENTED_EDGE('',*,*,#3237,.T.);
#3266 = ORIENTED_EDGE('',*,*,#3267,.T.);
#3267 = EDGE_CURVE('',#3238,#2257,#3268,.T.);
#3268 = LINE('',#3269,#3270);
#3269 = CARTESIAN_POINT('',(17.,-10.,3.4));
#3270 = VECTOR('',#3271,1.);
#3271 = DIRECTION('',(-0.,0.,-1.));
#3272 = PLANE('',#3273);
#3273 = AXIS2_PLACEMENT_3D('',#3274,#3275,#3276);
#3274 = CARTESIAN_POINT('',(14.,-10.,4.));
#3275 = DIRECTION('',(-0.,1.,0.));
#3276 = DIRECTION('',(0.,0.,1.));
#3277 = ADVANCED_FACE('',(#3278),#3289,.F.);
#3278 = FACE_BOUND('',#3279,.F.);
#3279 = EDGE_LOOP('',(#3280,#3286,#3287,#3288));
#3280 = ORIENTED_EDGE('',*,*,#3281,.T.);
#3281 = EDGE_CURVE('',#2340,#2430,#3282,.T.);
#3282 = LINE('',#3283,#3284);
#3283 = CARTESIAN_POINT('',(12.15,-19.5,-0.1));
#3284 = VECTOR('',#3285,1.);
#3285 = DIRECTION('',(0.,0.,1.));
#3286 = ORIENTED_EDGE('',*,*,#2429,.F.);
#3287 = ORIENTED_EDGE('',*,*,#3281,.F.);
#3288 = ORIENTED_EDGE('',*,*,#2339,.T.);
#3289 = CYLINDRICAL_SURFACE('',#3290,1.15);
#3290 = AXIS2_PLACEMENT_3D('',#3291,#3292,#3293);
#3291 = CARTESIAN_POINT('',(11.,-19.5,-0.1));
#3292 = DIRECTION('',(0.,0.,1.));
#3293 = DIRECTION('',(1.,0.,-0.));
#3294 = ADVANCED_FACE('',(#3295),#3320,.T.);
#3295 = FACE_BOUND('',#3296,.T.);
#3296 = EDGE_LOOP('',(#3297,#3305,#3306,#3314));
#3297 = ORIENTED_EDGE('',*,*,#3298,.F.);
#3298 = EDGE_CURVE('',#2757,#3299,#3301,.T.);
#3299 = VERTEX_POINT('',#3300);
#3300 = CARTESIAN_POINT('',(19.,-10.5,9.4));
#3301 = LINE('',#3302,#3303);
#3302 = CARTESIAN_POINT('',(19.,-10.5,2.8));
#3303 = VECTOR('',#3304,1.);
#3304 = DIRECTION('',(0.,0.,1.));
#3305 = ORIENTED_EDGE('',*,*,#2756,.T.);
#3306 = ORIENTED_EDGE('',*,*,#3307,.T.);
#3307 = EDGE_CURVE('',#2749,#3308,#3310,.T.);
#3308 = VERTEX_POINT('',#3309);
#3309 = CARTESIAN_POINT('',(19.,-5.5,9.4));
#3310 = LINE('',#3311,#3312);
#3311 = CARTESIAN_POINT('',(19.,-5.5,2.8));
#3312 = VECTOR('',#3313,1.);
#3313 = DIRECTION('',(0.,0.,1.));
#3314 = ORIENTED_EDGE('',*,*,#3315,.F.);
#3315 = EDGE_CURVE('',#3299,#3308,#3316,.T.);
#3316 = LINE('',#3317,#3318);
#3317 = CARTESIAN_POINT('',(19.,-10.5,9.4));
#3318 = VECTOR('',#3319,1.);
#3319 = DIRECTION('',(0.,1.,0.));
#3320 = PLANE('',#3321);
#3321 = AXIS2_PLACEMENT_3D('',#3322,#3323,#3324);
#3322 = CARTESIAN_POINT('',(19.,-10.5,2.8));
#3323 = DIRECTION('',(1.,0.,-0.));
#3324 = DIRECTION('',(0.,0.,1.));
#3325 = ADVANCED_FACE('',(#3326),#3337,.F.);
#3326 = FACE_BOUND('',#3327,.F.);
#3327 = EDGE_LOOP('',(#3328,#3334,#3335,#3336));
#3328 = ORIENTED_EDGE('',*,*,#3329,.T.);
#3329 = EDGE_CURVE('',#2360,#2441,#3330,.T.);
#3330 = LINE('',#3331,#3332);
#3331 = CARTESIAN_POINT('',(-9.85,-19.5,-0.1));
#3332 = VECTOR('',#3333,1.);
#3333 = DIRECTION('',(0.,0.,1.));
#3334 = ORIENTED_EDGE('',*,*,#2440,.F.);
#3335 = ORIENTED_EDGE('',*,*,#3329,.F.);
#3336 = ORIENTED_EDGE('',*,*,#2359,.T.);
#3337 = CYLINDRICAL_SURFACE('',#3338,1.15);
#3338 = AXIS2_PLACEMENT_3D('',#3339,#3340,#3341);
#3339 = CARTESIAN_POINT('',(-11.,-19.5,-0.1));
#3340 = DIRECTION('',(0.,0.,1.));
#3341 = DIRECTION('',(1.,0.,-0.));
#3342 = ADVANCED_FACE('',(#3343),#3354,.F.);
#3343 = FACE_BOUND('',#3344,.F.);
#3344 = EDGE_LOOP('',(#3345,#3351,#3352,#3353));
#3345 = ORIENTED_EDGE('',*,*,#3346,.T.);
#3346 = EDGE_CURVE('',#2507,#2464,#3347,.T.);
#3347 = LINE('',#3348,#3349);
#3348 = CARTESIAN_POINT('',(12.15,19.5,-0.1));
#3349 = VECTOR('',#3350,1.);
#3350 = DIRECTION('',(0.,0.,1.));
#3351 = ORIENTED_EDGE('',*,*,#2463,.F.);
#3352 = ORIENTED_EDGE('',*,*,#3346,.F.);
#3353 = ORIENTED_EDGE('',*,*,#2506,.T.);
#3354 = CYLINDRICAL_SURFACE('',#3355,1.15);
#3355 = AXIS2_PLACEMENT_3D('',#3356,#3357,#3358);
#3356 = CARTESIAN_POINT('',(11.,19.5,-0.1));
#3357 = DIRECTION('',(0.,0.,1.));
#3358 = DIRECTION('',(1.,0.,-0.));
#3359 = ADVANCED_FACE('',(#3360),#3371,.F.);
#3360 = FACE_BOUND('',#3361,.F.);
#3361 = EDGE_LOOP('',(#3362,#3368,#3369,#3370));
#3362 = ORIENTED_EDGE('',*,*,#3363,.T.);
#3363 = EDGE_CURVE('',#2527,#2487,#3364,.T.);
#3364 = LINE('',#3365,#3366);
#3365 = CARTESIAN_POINT('',(-9.85,19.5,-0.1));
#3366 = VECTOR('',#3367,1.);
#3367 = DIRECTION('',(0.,0.,1.));
#3368 = ORIENTED_EDGE('',*,*,#2486,.F.);
#3369 = ORIENTED_EDGE('',*,*,#3363,.F.);
#3370 = ORIENTED_EDGE('',*,*,#2526,.T.);
#3371 = CYLINDRICAL_SURFACE('',#3372,1.15);
#3372 = AXIS2_PLACEMENT_3D('',#3373,#3374,#3375);
#3373 = CARTESIAN_POINT('',(-11.,19.5,-0.1));
#3374 = DIRECTION('',(0.,0.,1.));
#3375 = DIRECTION('',(1.,0.,-0.));
#3376 = ADVANCED_FACE('',(#3377),#3402,.T.);
#3377 = FACE_BOUND('',#3378,.F.);
#3378 = EDGE_LOOP('',(#3379,#3387,#3388,#3396));
#3379 = ORIENTED_EDGE('',*,*,#3380,.F.);
#3380 = EDGE_CURVE('',#2618,#3381,#3383,.T.);
#3381 = VERTEX_POINT('',#3382);
#3382 = CARTESIAN_POINT('',(-19.,-10.5,9.4));
#3383 = LINE('',#3384,#3385);
#3384 = CARTESIAN_POINT('',(-19.,-10.5,2.8));
#3385 = VECTOR('',#3386,1.);
#3386 = DIRECTION('',(-0.,-0.,1.));
#3387 = ORIENTED_EDGE('',*,*,#2617,.T.);
#3388 = ORIENTED_EDGE('',*,*,#3389,.T.);
#3389 = EDGE_CURVE('',#2610,#3390,#3392,.T.);
#3390 = VERTEX_POINT('',#3391);
#3391 = CARTESIAN_POINT('',(-19.,-5.5,9.4));
#3392 = LINE('',#3393,#3394);
#3393 = CARTESIAN_POINT('',(-19.,-5.5,2.8));
#3394 = VECTOR('',#3395,1.);
#3395 = DIRECTION('',(-0.,-0.,1.));
#3396 = ORIENTED_EDGE('',*,*,#3397,.F.);
#3397 = EDGE_CURVE('',#3381,#3390,#3398,.T.);
#3398 = LINE('',#3399,#3400);
#3399 = CARTESIAN_POINT('',(-19.,-10.5,9.4));
#3400 = VECTOR('',#3401,1.);
#3401 = DIRECTION('',(-0.,1.,-0.));
#3402 = PLANE('',#3403);
#3403 = AXIS2_PLACEMENT_3D('',#3404,#3405,#3406);
#3404 = CARTESIAN_POINT('',(-19.,-10.5,2.8));
#3405 = DIRECTION('',(-1.,-0.,-0.));
#3406 = DIRECTION('',(0.,0.,-1.));
#3407 = ADVANCED_FACE('',(#3408),#3433,.T.);
#3408 = FACE_BOUND('',#3409,.T.);
#3409 = EDGE_LOOP('',(#3410,#3418,#3419,#3427));
#3410 = ORIENTED_EDGE('',*,*,#3411,.F.);
#3411 = EDGE_CURVE('',#2873,#3412,#3414,.T.);
#3412 = VERTEX_POINT('',#3413);
#3413 = CARTESIAN_POINT('',(19.,5.5,9.4));
#3414 = LINE('',#3415,#3416);
#3415 = CARTESIAN_POINT('',(19.,5.5,2.8));
#3416 = VECTOR('',#3417,1.);
#3417 = DIRECTION('',(0.,0.,1.));
#3418 = ORIENTED_EDGE('',*,*,#2872,.T.);
#3419 = ORIENTED_EDGE('',*,*,#3420,.T.);
#3420 = EDGE_CURVE('',#2865,#3421,#3423,.T.);
#3421 = VERTEX_POINT('',#3422);
#3422 = CARTESIAN_POINT('',(19.,10.5,9.4));
#3423 = LINE('',#3424,#3425);
#3424 = CARTESIAN_POINT('',(19.,10.5,2.8));
#3425 = VECTOR('',#3426,1.);
#3426 = DIRECTION('',(0.,0.,1.));
#3427 = ORIENTED_EDGE('',*,*,#3428,.F.);
#3428 = EDGE_CURVE('',#3412,#3421,#3429,.T.);
#3429 = LINE('',#3430,#3431);
#3430 = CARTESIAN_POINT('',(19.,5.5,9.4));
#3431 = VECTOR('',#3432,1.);
#3432 = DIRECTION('',(0.,1.,0.));
#3433 = PLANE('',#3434);
#3434 = AXIS2_PLACEMENT_3D('',#3435,#3436,#3437);
#3435 = CARTESIAN_POINT('',(19.,5.5,2.8));
#3436 = DIRECTION('',(1.,0.,-0.));
#3437 = DIRECTION('',(0.,0.,1.));
#3438 = ADVANCED_FACE('',(#3439),#3464,.T.);
#3439 = FACE_BOUND('',#3440,.F.);
#3440 = EDGE_LOOP('',(#3441,#3449,#3450,#3458));
#3441 = ORIENTED_EDGE('',*,*,#3442,.F.);
#3442 = EDGE_CURVE('',#3057,#3443,#3445,.T.);
#3443 = VERTEX_POINT('',#3444);
#3444 = CARTESIAN_POINT('',(-19.,5.5,9.4));
#3445 = LINE('',#3446,#3447);
#3446 = CARTESIAN_POINT('',(-19.,5.5,2.8));
#3447 = VECTOR('',#3448,1.);
#3448 = DIRECTION('',(-0.,-0.,1.));
#3449 = ORIENTED_EDGE('',*,*,#3056,.T.);
#3450 = ORIENTED_EDGE('',*,*,#3451,.T.);
#3451 = EDGE_CURVE('',#3049,#3452,#3454,.T.);
#3452 = VERTEX_POINT('',#3453);
#3453 = CARTESIAN_POINT('',(-19.,10.5,9.4));
#3454 = LINE('',#3455,#3456);
#3455 = CARTESIAN_POINT('',(-19.,10.5,2.8));
#3456 = VECTOR('',#3457,1.);
#3457 = DIRECTION('',(-0.,-0.,1.));
#3458 = ORIENTED_EDGE('',*,*,#3459,.F.);
#3459 = EDGE_CURVE('',#3443,#3452,#3460,.T.);
#3460 = LINE('',#3461,#3462);
#3461 = CARTESIAN_POINT('',(-19.,5.5,9.4));
#3462 = VECTOR('',#3463,1.);
#3463 = DIRECTION('',(-0.,1.,-0.));
#3464 = PLANE('',#3465);
#3465 = AXIS2_PLACEMENT_3D('',#3466,#3467,#3468);
#3466 = CARTESIAN_POINT('',(-19.,5.5,2.8));
#3467 = DIRECTION('',(-1.,-0.,-0.));
#3468 = DIRECTION('',(0.,0.,-1.));
#3469 = ADVANCED_FACE('',(#3470),#3495,.T.);
#3470 = FACE_BOUND('',#3471,.T.);
#3471 = EDGE_LOOP('',(#3472,#3480,#3481,#3489));
#3472 = ORIENTED_EDGE('',*,*,#3473,.F.);
#3473 = EDGE_CURVE('',#3299,#3474,#3476,.T.);
#3474 = VERTEX_POINT('',#3475);
#3475 = CARTESIAN_POINT('',(19.5,-10.5,9.4));
#3476 = LINE('',#3477,#3478);
#3477 = CARTESIAN_POINT('',(18.9,-10.5,9.4));
#3478 = VECTOR('',#3479,1.);
#3479 = DIRECTION('',(1.,0.,0.));
#3480 = ORIENTED_EDGE('',*,*,#3315,.T.);
#3481 = ORIENTED_EDGE('',*,*,#3482,.T.);
#3482 = EDGE_CURVE('',#3308,#3483,#3485,.T.);
#3483 = VERTEX_POINT('',#3484);
#3484 = CARTESIAN_POINT('',(19.5,-5.5,9.4));
#3485 = LINE('',#3486,#3487);
#3486 = CARTESIAN_POINT('',(18.9,-5.5,9.4));
#3487 = VECTOR('',#3488,1.);
#3488 = DIRECTION('',(1.,0.,0.));
#3489 = ORIENTED_EDGE('',*,*,#3490,.F.);
#3490 = EDGE_CURVE('',#3474,#3483,#3491,.T.);
#3491 = LINE('',#3492,#3493);
#3492 = CARTESIAN_POINT('',(19.5,-10.5,9.4));
#3493 = VECTOR('',#3494,1.);
#3494 = DIRECTION('',(0.,1.,0.));
#3495 = PLANE('',#3496);
#3496 = AXIS2_PLACEMENT_3D('',#3497,#3498,#3499);
#3497 = CARTESIAN_POINT('',(18.9,-10.5,9.4));
#3498 = DIRECTION('',(0.,0.,-1.));
#3499 = DIRECTION('',(1.,0.,0.));
#3500 = ADVANCED_FACE('',(#3501),#3526,.T.);
#3501 = FACE_BOUND('',#3502,.F.);
#3502 = EDGE_LOOP('',(#3503,#3511,#3512,#3520));
#3503 = ORIENTED_EDGE('',*,*,#3504,.F.);
#3504 = EDGE_CURVE('',#3381,#3505,#3507,.T.);
#3505 = VERTEX_POINT('',#3506);
#3506 = CARTESIAN_POINT('',(-19.5,-10.5,9.4));
#3507 = LINE('',#3508,#3509);
#3508 = CARTESIAN_POINT('',(-18.9,-10.5,9.4));
#3509 = VECTOR('',#3510,1.);
#3510 = DIRECTION('',(-1.,-0.,-0.));
#3511 = ORIENTED_EDGE('',*,*,#3397,.T.);
#3512 = ORIENTED_EDGE('',*,*,#3513,.T.);
#3513 = EDGE_CURVE('',#3390,#3514,#3516,.T.);
#3514 = VERTEX_POINT('',#3515);
#3515 = CARTESIAN_POINT('',(-19.5,-5.5,9.4));
#3516 = LINE('',#3517,#3518);
#3517 = CARTESIAN_POINT('',(-18.9,-5.5,9.4));
#3518 = VECTOR('',#3519,1.);
#3519 = DIRECTION('',(-1.,-0.,-0.));
#3520 = ORIENTED_EDGE('',*,*,#3521,.F.);
#3521 = EDGE_CURVE('',#3505,#3514,#3522,.T.);
#3522 = LINE('',#3523,#3524);
#3523 = CARTESIAN_POINT('',(-19.5,-10.5,9.4));
#3524 = VECTOR('',#3525,1.);
#3525 = DIRECTION('',(-0.,1.,-0.));
#3526 = PLANE('',#3527);
#3527 = AXIS2_PLACEMENT_3D('',#3528,#3529,#3530);
#3528 = CARTESIAN_POINT('',(-18.9,-10.5,9.4));
#3529 = DIRECTION('',(-0.,-0.,-1.));
#3530 = DIRECTION('',(1.,0.,0.));
#3531 = ADVANCED_FACE('',(#3532),#3557,.T.);
#3532 = FACE_BOUND('',#3533,.T.);
#3533 = EDGE_LOOP('',(#3534,#3542,#3543,#3551));
#3534 = ORIENTED_EDGE('',*,*,#3535,.F.);
#3535 = EDGE_CURVE('',#3412,#3536,#3538,.T.);
#3536 = VERTEX_POINT('',#3537);
#3537 = CARTESIAN_POINT('',(19.5,5.5,9.4));
#3538 = LINE('',#3539,#3540);
#3539 = CARTESIAN_POINT('',(18.9,5.5,9.4));
#3540 = VECTOR('',#3541,1.);
#3541 = DIRECTION('',(1.,0.,0.));
#3542 = ORIENTED_EDGE('',*,*,#3428,.T.);
#3543 = ORIENTED_EDGE('',*,*,#3544,.T.);
#3544 = EDGE_CURVE('',#3421,#3545,#3547,.T.);
#3545 = VERTEX_POINT('',#3546);
#3546 = CARTESIAN_POINT('',(19.5,10.5,9.4));
#3547 = LINE('',#3548,#3549);
#3548 = CARTESIAN_POINT('',(18.9,10.5,9.4));
#3549 = VECTOR('',#3550,1.);
#3550 = DIRECTION('',(1.,0.,0.));
#3551 = ORIENTED_EDGE('',*,*,#3552,.F.);
#3552 = EDGE_CURVE('',#3536,#3545,#3553,.T.);
#3553 = LINE('',#3554,#3555);
#3554 = CARTESIAN_POINT('',(19.5,5.5,9.4));
#3555 = VECTOR('',#3556,1.);
#3556 = DIRECTION('',(0.,1.,0.));
#3557 = PLANE('',#3558);
#3558 = AXIS2_PLACEMENT_3D('',#3559,#3560,#3561);
#3559 = CARTESIAN_POINT('',(18.9,5.5,9.4));
#3560 = DIRECTION('',(0.,0.,-1.));
#3561 = DIRECTION('',(1.,0.,0.));
#3562 = ADVANCED_FACE('',(#3563),#3588,.T.);
#3563 = FACE_BOUND('',#3564,.F.);
#3564 = EDGE_LOOP('',(#3565,#3573,#3574,#3582));
#3565 = ORIENTED_EDGE('',*,*,#3566,.F.);
#3566 = EDGE_CURVE('',#3443,#3567,#3569,.T.);
#3567 = VERTEX_POINT('',#3568);
#3568 = CARTESIAN_POINT('',(-19.5,5.5,9.4));
#3569 = LINE('',#3570,#3571);
#3570 = CARTESIAN_POINT('',(-18.9,5.5,9.4));
#3571 = VECTOR('',#3572,1.);
#3572 = DIRECTION('',(-1.,-0.,-0.));
#3573 = ORIENTED_EDGE('',*,*,#3459,.T.);
#3574 = ORIENTED_EDGE('',*,*,#3575,.T.);
#3575 = EDGE_CURVE('',#3452,#3576,#3578,.T.);
#3576 = VERTEX_POINT('',#3577);
#3577 = CARTESIAN_POINT('',(-19.5,10.5,9.4));
#3578 = LINE('',#3579,#3580);
#3579 = CARTESIAN_POINT('',(-18.9,10.5,9.4));
#3580 = VECTOR('',#3581,1.);
#3581 = DIRECTION('',(-1.,-0.,-0.));
#3582 = ORIENTED_EDGE('',*,*,#3583,.F.);
#3583 = EDGE_CURVE('',#3567,#3576,#3584,.T.);
#3584 = LINE('',#3585,#3586);
#3585 = CARTESIAN_POINT('',(-19.5,5.5,9.4));
#3586 = VECTOR('',#3587,1.);
#3587 = DIRECTION('',(-0.,1.,-0.));
#3588 = PLANE('',#3589);
#3589 = AXIS2_PLACEMENT_3D('',#3590,#3591,#3592);
#3590 = CARTESIAN_POINT('',(-18.9,5.5,9.4));
#3591 = DIRECTION('',(-0.,-0.,-1.));
#3592 = DIRECTION('',(1.,0.,0.));
#3593 = ADVANCED_FACE('',(#3594),#3619,.T.);
#3594 = FACE_BOUND('',#3595,.T.);
#3595 = EDGE_LOOP('',(#3596,#3604,#3605,#3613));
#3596 = ORIENTED_EDGE('',*,*,#3597,.F.);
#3597 = EDGE_CURVE('',#3474,#3598,#3600,.T.);
#3598 = VERTEX_POINT('',#3599);
#3599 = CARTESIAN_POINT('',(19.,-10.5,10.566666666667));
#3600 = LINE('',#3601,#3602);
#3601 = CARTESIAN_POINT('',(19.5,-10.5,9.4));
#3602 = VECTOR('',#3603,1.);
#3603 = DIRECTION('',(-0.393919298579,0.,0.919145030018));
#3604 = ORIENTED_EDGE('',*,*,#3490,.T.);
#3605 = ORIENTED_EDGE('',*,*,#3606,.T.);
#3606 = EDGE_CURVE('',#3483,#3607,#3609,.T.);
#3607 = VERTEX_POINT('',#3608);
#3608 = CARTESIAN_POINT('',(19.,-5.5,10.566666666667));
#3609 = LINE('',#3610,#3611);
#3610 = CARTESIAN_POINT('',(19.5,-5.5,9.4));
#3611 = VECTOR('',#3612,1.);
#3612 = DIRECTION('',(-0.393919298579,0.,0.919145030018));
#3613 = ORIENTED_EDGE('',*,*,#3614,.T.);
#3614 = EDGE_CURVE('',#3607,#3598,#3615,.T.);
#3615 = LINE('',#3616,#3617);
#3616 = CARTESIAN_POINT('',(19.,-10.5,10.566666666667));
#3617 = VECTOR('',#3618,1.);
#3618 = DIRECTION('',(0.,-1.,-0.));
#3619 = PLANE('',#3620);
#3620 = AXIS2_PLACEMENT_3D('',#3621,#3622,#3623);
#3621 = CARTESIAN_POINT('',(19.5,-10.5,9.4));
#3622 = DIRECTION('',(0.919145030018,-0.,0.393919298579));
#3623 = DIRECTION('',(-0.393919298579,0.,0.919145030018));
#3624 = ADVANCED_FACE('',(#3625),#3650,.T.);
#3625 = FACE_BOUND('',#3626,.F.);
#3626 = EDGE_LOOP('',(#3627,#3635,#3636,#3644));
#3627 = ORIENTED_EDGE('',*,*,#3628,.F.);
#3628 = EDGE_CURVE('',#3505,#3629,#3631,.T.);
#3629 = VERTEX_POINT('',#3630);
#3630 = CARTESIAN_POINT('',(-19.,-10.5,10.566666666667));
#3631 = LINE('',#3632,#3633);
#3632 = CARTESIAN_POINT('',(-19.5,-10.5,9.4));
#3633 = VECTOR('',#3634,1.);
#3634 = DIRECTION('',(0.393919298579,-0.,0.919145030018));
#3635 = ORIENTED_EDGE('',*,*,#3521,.T.);
#3636 = ORIENTED_EDGE('',*,*,#3637,.T.);
#3637 = EDGE_CURVE('',#3514,#3638,#3640,.T.);
#3638 = VERTEX_POINT('',#3639);
#3639 = CARTESIAN_POINT('',(-19.,-5.5,10.566666666667));
#3640 = LINE('',#3641,#3642);
#3641 = CARTESIAN_POINT('',(-19.5,-5.5,9.4));
#3642 = VECTOR('',#3643,1.);
#3643 = DIRECTION('',(0.393919298579,-0.,0.919145030018));
#3644 = ORIENTED_EDGE('',*,*,#3645,.T.);
#3645 = EDGE_CURVE('',#3638,#3629,#3646,.T.);
#3646 = LINE('',#3647,#3648);
#3647 = CARTESIAN_POINT('',(-19.,-10.5,10.566666666667));
#3648 = VECTOR('',#3649,1.);
#3649 = DIRECTION('',(-0.,-1.,-0.));
#3650 = PLANE('',#3651);
#3651 = AXIS2_PLACEMENT_3D('',#3652,#3653,#3654);
#3652 = CARTESIAN_POINT('',(-19.5,-10.5,9.4));
#3653 = DIRECTION('',(-0.919145030018,-0.,0.393919298579));
#3654 = DIRECTION('',(-0.393919298579,0.,-0.919145030018));
#3655 = ADVANCED_FACE('',(#3656),#3681,.T.);
#3656 = FACE_BOUND('',#3657,.T.);
#3657 = EDGE_LOOP('',(#3658,#3666,#3667,#3675));
#3658 = ORIENTED_EDGE('',*,*,#3659,.F.);
#3659 = EDGE_CURVE('',#3536,#3660,#3662,.T.);
#3660 = VERTEX_POINT('',#3661);
#3661 = CARTESIAN_POINT('',(19.,5.5,10.566666666667));
#3662 = LINE('',#3663,#3664);
#3663 = CARTESIAN_POINT('',(19.5,5.5,9.4));
#3664 = VECTOR('',#3665,1.);
#3665 = DIRECTION('',(-0.393919298579,0.,0.919145030018));
#3666 = ORIENTED_EDGE('',*,*,#3552,.T.);
#3667 = ORIENTED_EDGE('',*,*,#3668,.T.);
#3668 = EDGE_CURVE('',#3545,#3669,#3671,.T.);
#3669 = VERTEX_POINT('',#3670);
#3670 = CARTESIAN_POINT('',(19.,10.5,10.566666666667));
#3671 = LINE('',#3672,#3673);
#3672 = CARTESIAN_POINT('',(19.5,10.5,9.4));
#3673 = VECTOR('',#3674,1.);
#3674 = DIRECTION('',(-0.393919298579,0.,0.919145030018));
#3675 = ORIENTED_EDGE('',*,*,#3676,.T.);
#3676 = EDGE_CURVE('',#3669,#3660,#3677,.T.);
#3677 = LINE('',#3678,#3679);
#3678 = CARTESIAN_POINT('',(19.,5.5,10.566666666667));
#3679 = VECTOR('',#3680,1.);
#3680 = DIRECTION('',(0.,-1.,-0.));
#3681 = PLANE('',#3682);
#3682 = AXIS2_PLACEMENT_3D('',#3683,#3684,#3685);
#3683 = CARTESIAN_POINT('',(19.5,5.5,9.4));
#3684 = DIRECTION('',(0.919145030018,-0.,0.393919298579));
#3685 = DIRECTION('',(-0.393919298579,0.,0.919145030018));
#3686 = ADVANCED_FACE('',(#3687),#3712,.T.);
#3687 = FACE_BOUND('',#3688,.F.);
#3688 = EDGE_LOOP('',(#3689,#3697,#3698,#3706));
#3689 = ORIENTED_EDGE('',*,*,#3690,.F.);
#3690 = EDGE_CURVE('',#3567,#3691,#3693,.T.);
#3691 = VERTEX_POINT('',#3692);
#3692 = CARTESIAN_POINT('',(-19.,5.5,10.566666666667));
#3693 = LINE('',#3694,#3695);
#3694 = CARTESIAN_POINT('',(-19.5,5.5,9.4));
#3695 = VECTOR('',#3696,1.);
#3696 = DIRECTION('',(0.393919298579,-0.,0.919145030018));
#3697 = ORIENTED_EDGE('',*,*,#3583,.T.);
#3698 = ORIENTED_EDGE('',*,*,#3699,.T.);
#3699 = EDGE_CURVE('',#3576,#3700,#3702,.T.);
#3700 = VERTEX_POINT('',#3701);
#3701 = CARTESIAN_POINT('',(-19.,10.5,10.566666666667));
#3702 = LINE('',#3703,#3704);
#3703 = CARTESIAN_POINT('',(-19.5,10.5,9.4));
#3704 = VECTOR('',#3705,1.);
#3705 = DIRECTION('',(0.393919298579,-0.,0.919145030018));
#3706 = ORIENTED_EDGE('',*,*,#3707,.T.);
#3707 = EDGE_CURVE('',#3700,#3691,#3708,.T.);
#3708 = LINE('',#3709,#3710);
#3709 = CARTESIAN_POINT('',(-19.,5.5,10.566666666667));
#3710 = VECTOR('',#3711,1.);
#3711 = DIRECTION('',(-0.,-1.,-0.));
#3712 = PLANE('',#3713);
#3713 = AXIS2_PLACEMENT_3D('',#3714,#3715,#3716);
#3714 = CARTESIAN_POINT('',(-19.5,5.5,9.4));
#3715 = DIRECTION('',(-0.919145030018,-0.,0.393919298579));
#3716 = DIRECTION('',(-0.393919298579,0.,-0.919145030018));
#3717 = ADVANCED_FACE('',(#3718),#3743,.T.);
#3718 = FACE_BOUND('',#3719,.T.);
#3719 = EDGE_LOOP('',(#3720,#3728,#3729,#3737));
#3720 = ORIENTED_EDGE('',*,*,#3721,.F.);
#3721 = EDGE_CURVE('',#3598,#3722,#3724,.T.);
#3722 = VERTEX_POINT('',#3723);
#3723 = CARTESIAN_POINT('',(19.,-10.5,10.8));
#3724 = LINE('',#3725,#3726);
#3725 = CARTESIAN_POINT('',(19.,-10.5,2.8));
#3726 = VECTOR('',#3727,1.);
#3727 = DIRECTION('',(0.,0.,1.));
#3728 = ORIENTED_EDGE('',*,*,#3614,.F.);
#3729 = ORIENTED_EDGE('',*,*,#3730,.T.);
#3730 = EDGE_CURVE('',#3607,#3731,#3733,.T.);
#3731 = VERTEX_POINT('',#3732);
#3732 = CARTESIAN_POINT('',(19.,-5.5,10.8));
#3733 = LINE('',#3734,#3735);
#3734 = CARTESIAN_POINT('',(19.,-5.5,2.8));
#3735 = VECTOR('',#3736,1.);
#3736 = DIRECTION('',(0.,0.,1.));
#3737 = ORIENTED_EDGE('',*,*,#3738,.F.);
#3738 = EDGE_CURVE('',#3722,#3731,#3739,.T.);
#3739 = LINE('',#3740,#3741);
#3740 = CARTESIAN_POINT('',(19.,-10.5,10.8));
#3741 = VECTOR('',#3742,1.);
#3742 = DIRECTION('',(-0.,1.,0.));
#3743 = PLANE('',#3744);
#3744 = AXIS2_PLACEMENT_3D('',#3745,#3746,#3747);
#3745 = CARTESIAN_POINT('',(19.,-10.5,2.8));
#3746 = DIRECTION('',(1.,0.,-0.));
#3747 = DIRECTION('',(0.,0.,1.));
#3748 = ADVANCED_FACE('',(#3749),#3774,.T.);
#3749 = FACE_BOUND('',#3750,.F.);
#3750 = EDGE_LOOP('',(#3751,#3759,#3760,#3768));
#3751 = ORIENTED_EDGE('',*,*,#3752,.F.);
#3752 = EDGE_CURVE('',#3629,#3753,#3755,.T.);
#3753 = VERTEX_POINT('',#3754);
#3754 = CARTESIAN_POINT('',(-19.,-10.5,10.8));
#3755 = LINE('',#3756,#3757);
#3756 = CARTESIAN_POINT('',(-19.,-10.5,2.8));
#3757 = VECTOR('',#3758,1.);
#3758 = DIRECTION('',(-0.,-0.,1.));
#3759 = ORIENTED_EDGE('',*,*,#3645,.F.);
#3760 = ORIENTED_EDGE('',*,*,#3761,.T.);
#3761 = EDGE_CURVE('',#3638,#3762,#3764,.T.);
#3762 = VERTEX_POINT('',#3763);
#3763 = CARTESIAN_POINT('',(-19.,-5.5,10.8));
#3764 = LINE('',#3765,#3766);
#3765 = CARTESIAN_POINT('',(-19.,-5.5,2.8));
#3766 = VECTOR('',#3767,1.);
#3767 = DIRECTION('',(-0.,-0.,1.));
#3768 = ORIENTED_EDGE('',*,*,#3769,.F.);
#3769 = EDGE_CURVE('',#3753,#3762,#3770,.T.);
#3770 = LINE('',#3771,#3772);
#3771 = CARTESIAN_POINT('',(-19.,-10.5,10.8));
#3772 = VECTOR('',#3773,1.);
#3773 = DIRECTION('',(-0.,1.,-0.));
#3774 = PLANE('',#3775);
#3775 = AXIS2_PLACEMENT_3D('',#3776,#3777,#3778);
#3776 = CARTESIAN_POINT('',(-19.,-10.5,2.8));
#3777 = DIRECTION('',(-1.,-0.,-0.));
#3778 = DIRECTION('',(0.,0.,-1.));
#3779 = ADVANCED_FACE('',(#3780),#3805,.T.);
#3780 = FACE_BOUND('',#3781,.T.);
#3781 = EDGE_LOOP('',(#3782,#3790,#3791,#3799));
#3782 = ORIENTED_EDGE('',*,*,#3783,.F.);
#3783 = EDGE_CURVE('',#3660,#3784,#3786,.T.);
#3784 = VERTEX_POINT('',#3785);
#3785 = CARTESIAN_POINT('',(19.,5.5,10.8));
#3786 = LINE('',#3787,#3788);
#3787 = CARTESIAN_POINT('',(19.,5.5,2.8));
#3788 = VECTOR('',#3789,1.);
#3789 = DIRECTION('',(0.,0.,1.));
#3790 = ORIENTED_EDGE('',*,*,#3676,.F.);
#3791 = ORIENTED_EDGE('',*,*,#3792,.T.);
#3792 = EDGE_CURVE('',#3669,#3793,#3795,.T.);
#3793 = VERTEX_POINT('',#3794);
#3794 = CARTESIAN_POINT('',(19.,10.5,10.8));
#3795 = LINE('',#3796,#3797);
#3796 = CARTESIAN_POINT('',(19.,10.5,2.8));
#3797 = VECTOR('',#3798,1.);
#3798 = DIRECTION('',(0.,0.,1.));
#3799 = ORIENTED_EDGE('',*,*,#3800,.F.);
#3800 = EDGE_CURVE('',#3784,#3793,#3801,.T.);
#3801 = LINE('',#3802,#3803);
#3802 = CARTESIAN_POINT('',(19.,5.5,10.8));
#3803 = VECTOR('',#3804,1.);
#3804 = DIRECTION('',(-0.,1.,0.));
#3805 = PLANE('',#3806);
#3806 = AXIS2_PLACEMENT_3D('',#3807,#3808,#3809);
#3807 = CARTESIAN_POINT('',(19.,5.5,2.8));
#3808 = DIRECTION('',(1.,0.,-0.));
#3809 = DIRECTION('',(0.,0.,1.));
#3810 = ADVANCED_FACE('',(#3811),#3836,.T.);
#3811 = FACE_BOUND('',#3812,.F.);
#3812 = EDGE_LOOP('',(#3813,#3821,#3822,#3830));
#3813 = ORIENTED_EDGE('',*,*,#3814,.F.);
#3814 = EDGE_CURVE('',#3691,#3815,#3817,.T.);
#3815 = VERTEX_POINT('',#3816);
#3816 = CARTESIAN_POINT('',(-19.,5.5,10.8));
#3817 = LINE('',#3818,#3819);
#3818 = CARTESIAN_POINT('',(-19.,5.5,2.8));
#3819 = VECTOR('',#3820,1.);
#3820 = DIRECTION('',(-0.,-0.,1.));
#3821 = ORIENTED_EDGE('',*,*,#3707,.F.);
#3822 = ORIENTED_EDGE('',*,*,#3823,.T.);
#3823 = EDGE_CURVE('',#3700,#3824,#3826,.T.);
#3824 = VERTEX_POINT('',#3825);
#3825 = CARTESIAN_POINT('',(-19.,10.5,10.8));
#3826 = LINE('',#3827,#3828);
#3827 = CARTESIAN_POINT('',(-19.,10.5,2.8));
#3828 = VECTOR('',#3829,1.);
#3829 = DIRECTION('',(-0.,-0.,1.));
#3830 = ORIENTED_EDGE('',*,*,#3831,.F.);
#3831 = EDGE_CURVE('',#3815,#3824,#3832,.T.);
#3832 = LINE('',#3833,#3834);
#3833 = CARTESIAN_POINT('',(-19.,5.5,10.8));
#3834 = VECTOR('',#3835,1.);
#3835 = DIRECTION('',(-0.,1.,-0.));
#3836 = PLANE('',#3837);
#3837 = AXIS2_PLACEMENT_3D('',#3838,#3839,#3840);
#3838 = CARTESIAN_POINT('',(-19.,5.5,2.8));
#3839 = DIRECTION('',(-1.,-0.,-0.));
#3840 = DIRECTION('',(0.,0.,-1.));
#3841 = ADVANCED_FACE('',(#3842),#3862,.T.);
#3842 = FACE_BOUND('',#3843,.T.);
#3843 = EDGE_LOOP('',(#3844,#3850,#3851,#3852,#3853,#3854,#3855,#3861));
#3844 = ORIENTED_EDGE('',*,*,#3845,.T.);
#3845 = EDGE_CURVE('',#250,#2733,#3846,.T.);
#3846 = LINE('',#3847,#3848);
#3847 = CARTESIAN_POINT('',(18.,-5.2,-0.1));
#3848 = VECTOR('',#3849,1.);
#3849 = DIRECTION('',(0.,0.,1.));
#3850 = ORIENTED_EDGE('',*,*,#2732,.T.);
#3851 = ORIENTED_EDGE('',*,*,#2698,.T.);
#3852 = ORIENTED_EDGE('',*,*,#1721,.T.);
#3853 = ORIENTED_EDGE('',*,*,#2779,.T.);
#3854 = ORIENTED_EDGE('',*,*,#1965,.T.);
#3855 = ORIENTED_EDGE('',*,*,#3856,.F.);
#3856 = EDGE_CURVE('',#248,#1958,#3857,.T.);
#3857 = LINE('',#3858,#3859);
#3858 = CARTESIAN_POINT('',(17.,-5.2,2.8));
#3859 = VECTOR('',#3860,1.);
#3860 = DIRECTION('',(0.,0.,1.));
#3861 = ORIENTED_EDGE('',*,*,#247,.T.);
#3862 = PLANE('',#3863);
#3863 = AXIS2_PLACEMENT_3D('',#3864,#3865,#3866);
#3864 = CARTESIAN_POINT('',(18.195652173913,-5.2,5.501449275362));
#3865 = DIRECTION('',(-0.,-1.,-0.));
#3866 = DIRECTION('',(0.,0.,-1.));
#3867 = ADVANCED_FACE('',(#3868),#3888,.T.);
#3868 = FACE_BOUND('',#3869,.T.);
#3869 = EDGE_LOOP('',(#3870,#3876,#3877,#3883,#3884,#3885,#3886,#3887));
#3870 = ORIENTED_EDGE('',*,*,#3871,.F.);
#3871 = EDGE_CURVE('',#371,#2594,#3872,.T.);
#3872 = LINE('',#3873,#3874);
#3873 = CARTESIAN_POINT('',(-18.,-5.2,-0.1));
#3874 = VECTOR('',#3875,1.);
#3875 = DIRECTION('',(-0.,-0.,1.));
#3876 = ORIENTED_EDGE('',*,*,#370,.F.);
#3877 = ORIENTED_EDGE('',*,*,#3878,.T.);
#3878 = EDGE_CURVE('',#361,#2080,#3879,.T.);
#3879 = LINE('',#3880,#3881);
#3880 = CARTESIAN_POINT('',(-17.,-5.2,-0.1));
#3881 = VECTOR('',#3882,1.);
#3882 = DIRECTION('',(-0.,-0.,1.));
#3883 = ORIENTED_EDGE('',*,*,#2079,.F.);
#3884 = ORIENTED_EDGE('',*,*,#3079,.T.);
#3885 = ORIENTED_EDGE('',*,*,#1607,.F.);
#3886 = ORIENTED_EDGE('',*,*,#2559,.F.);
#3887 = ORIENTED_EDGE('',*,*,#2593,.F.);
#3888 = PLANE('',#3889);
#3889 = AXIS2_PLACEMENT_3D('',#3890,#3891,#3892);
#3890 = CARTESIAN_POINT('',(-18.19565217391,-5.2,5.501449275362));
#3891 = DIRECTION('',(-0.,-1.,-0.));
#3892 = DIRECTION('',(0.,0.,-1.));
#3893 = ADVANCED_FACE('',(#3894),#3909,.T.);
#3894 = FACE_BOUND('',#3895,.T.);
#3895 = EDGE_LOOP('',(#3896,#3897,#3898,#3899,#3900,#3901,#3902,#3908));
#3896 = ORIENTED_EDGE('',*,*,#3856,.T.);
#3897 = ORIENTED_EDGE('',*,*,#1957,.F.);
#3898 = ORIENTED_EDGE('',*,*,#3108,.F.);
#3899 = ORIENTED_EDGE('',*,*,#3250,.T.);
#3900 = ORIENTED_EDGE('',*,*,#3267,.T.);
#3901 = ORIENTED_EDGE('',*,*,#2305,.F.);
#3902 = ORIENTED_EDGE('',*,*,#3903,.F.);
#3903 = EDGE_CURVE('',#258,#2298,#3904,.T.);
#3904 = LINE('',#3905,#3906);
#3905 = CARTESIAN_POINT('',(17.,-10.8,2.8));
#3906 = VECTOR('',#3907,1.);
#3907 = DIRECTION('',(0.,0.,1.));
#3908 = ORIENTED_EDGE('',*,*,#257,.F.);
#3909 = PLANE('',#3910);
#3910 = AXIS2_PLACEMENT_3D('',#3911,#3912,#3913);
#3911 = CARTESIAN_POINT('',(17.,-7.972093023256,5.474418604651));
#3912 = DIRECTION('',(1.,0.,0.));
#3913 = DIRECTION('',(-0.,0.,1.));
#3914 = ADVANCED_FACE('',(#3915),#3931,.T.);
#3915 = FACE_BOUND('',#3916,.T.);
#3916 = EDGE_LOOP('',(#3917,#3923,#3924,#3930));
#3917 = ORIENTED_EDGE('',*,*,#3918,.T.);
#3918 = EDGE_CURVE('',#395,#1990,#3919,.T.);
#3919 = LINE('',#3920,#3921);
#3920 = CARTESIAN_POINT('',(17.,10.8,-0.1));
#3921 = VECTOR('',#3922,1.);
#3922 = DIRECTION('',(0.,0.,1.));
#3923 = ORIENTED_EDGE('',*,*,#1989,.F.);
#3924 = ORIENTED_EDGE('',*,*,#3925,.F.);
#3925 = EDGE_CURVE('',#405,#1982,#3926,.T.);
#3926 = LINE('',#3927,#3928);
#3927 = CARTESIAN_POINT('',(17.,5.2,2.8));
#3928 = VECTOR('',#3929,1.);
#3929 = DIRECTION('',(0.,0.,1.));
#3930 = ORIENTED_EDGE('',*,*,#404,.F.);
#3931 = PLANE('',#3932);
#3932 = AXIS2_PLACEMENT_3D('',#3933,#3934,#3935);
#3933 = CARTESIAN_POINT('',(17.,8.,5.4));
#3934 = DIRECTION('',(1.,0.,0.));
#3935 = DIRECTION('',(-0.,0.,1.));
#3936 = ADVANCED_FACE('',(#3937),#3971,.T.);
#3937 = FACE_BOUND('',#3938,.T.);
#3938 = EDGE_LOOP('',(#3939,#3940,#3948,#3956,#3962,#3963,#3964,#3965));
#3939 = ORIENTED_EDGE('',*,*,#2715,.T.);
#3940 = ORIENTED_EDGE('',*,*,#3941,.T.);
#3941 = EDGE_CURVE('',#2718,#3942,#3944,.T.);
#3942 = VERTEX_POINT('',#3943);
#3943 = CARTESIAN_POINT('',(18.,-10.5,10.8));
#3944 = LINE('',#3945,#3946);
#3945 = CARTESIAN_POINT('',(18.,-10.5,2.8));
#3946 = VECTOR('',#3947,1.);
#3947 = DIRECTION('',(0.,0.,1.));
#3948 = ORIENTED_EDGE('',*,*,#3949,.T.);
#3949 = EDGE_CURVE('',#3942,#3950,#3952,.T.);
#3950 = VERTEX_POINT('',#3951);
#3951 = CARTESIAN_POINT('',(18.,-5.5,10.8));
#3952 = LINE('',#3953,#3954);
#3953 = CARTESIAN_POINT('',(18.,-10.5,10.8));
#3954 = VECTOR('',#3955,1.);
#3955 = DIRECTION('',(-0.,1.,0.));
#3956 = ORIENTED_EDGE('',*,*,#3957,.F.);
#3957 = EDGE_CURVE('',#2741,#3950,#3958,.T.);
#3958 = LINE('',#3959,#3960);
#3959 = CARTESIAN_POINT('',(18.,-5.5,2.8));
#3960 = VECTOR('',#3961,1.);
#3961 = DIRECTION('',(0.,0.,1.));
#3962 = ORIENTED_EDGE('',*,*,#2740,.T.);
#3963 = ORIENTED_EDGE('',*,*,#3845,.F.);
#3964 = ORIENTED_EDGE('',*,*,#273,.T.);
#3965 = ORIENTED_EDGE('',*,*,#3966,.T.);
#3966 = EDGE_CURVE('',#266,#2716,#3967,.T.);
#3967 = LINE('',#3968,#3969);
#3968 = CARTESIAN_POINT('',(18.,-10.8,-0.1));
#3969 = VECTOR('',#3970,1.);
#3970 = DIRECTION('',(0.,0.,1.));
#3971 = PLANE('',#3972);
#3972 = AXIS2_PLACEMENT_3D('',#3973,#3974,#3975);
#3973 = CARTESIAN_POINT('',(18.,-8.,5.253658536585));
#3974 = DIRECTION('',(-1.,-0.,-0.));
#3975 = DIRECTION('',(0.,0.,-1.));
#3976 = ADVANCED_FACE('',(#3977),#4016,.T.);
#3977 = FACE_BOUND('',#3978,.T.);
#3978 = EDGE_LOOP('',(#3979,#3980,#3988,#3996,#4002,#4003,#4009,#4010));
#3979 = ORIENTED_EDGE('',*,*,#2831,.T.);
#3980 = ORIENTED_EDGE('',*,*,#3981,.T.);
#3981 = EDGE_CURVE('',#2834,#3982,#3984,.T.);
#3982 = VERTEX_POINT('',#3983);
#3983 = CARTESIAN_POINT('',(18.,5.5,10.8));
#3984 = LINE('',#3985,#3986);
#3985 = CARTESIAN_POINT('',(18.,5.5,2.8));
#3986 = VECTOR('',#3987,1.);
#3987 = DIRECTION('',(0.,0.,1.));
#3988 = ORIENTED_EDGE('',*,*,#3989,.T.);
#3989 = EDGE_CURVE('',#3982,#3990,#3992,.T.);
#3990 = VERTEX_POINT('',#3991);
#3991 = CARTESIAN_POINT('',(18.,10.5,10.8));
#3992 = LINE('',#3993,#3994);
#3993 = CARTESIAN_POINT('',(18.,5.5,10.8));
#3994 = VECTOR('',#3995,1.);
#3995 = DIRECTION('',(-0.,1.,0.));
#3996 = ORIENTED_EDGE('',*,*,#3997,.F.);
#3997 = EDGE_CURVE('',#2857,#3990,#3998,.T.);
#3998 = LINE('',#3999,#4000);
#3999 = CARTESIAN_POINT('',(18.,10.5,2.8));
#4000 = VECTOR('',#4001,1.);
#4001 = DIRECTION('',(0.,0.,1.));
#4002 = ORIENTED_EDGE('',*,*,#2856,.T.);
#4003 = ORIENTED_EDGE('',*,*,#4004,.F.);
#4004 = EDGE_CURVE('',#397,#2849,#4005,.T.);
#4005 = LINE('',#4006,#4007);
#4006 = CARTESIAN_POINT('',(18.,10.8,-0.1));
#4007 = VECTOR('',#4008,1.);
#4008 = DIRECTION('',(0.,0.,1.));
#4009 = ORIENTED_EDGE('',*,*,#420,.T.);
#4010 = ORIENTED_EDGE('',*,*,#4011,.T.);
#4011 = EDGE_CURVE('',#413,#2832,#4012,.T.);
#4012 = LINE('',#4013,#4014);
#4013 = CARTESIAN_POINT('',(18.,5.2,-0.1));
#4014 = VECTOR('',#4015,1.);
#4015 = DIRECTION('',(0.,0.,1.));
#4016 = PLANE('',#4017);
#4017 = AXIS2_PLACEMENT_3D('',#4018,#4019,#4020);
#4018 = CARTESIAN_POINT('',(18.,8.,5.253658536585));
#4019 = DIRECTION('',(-1.,-0.,-0.));
#4020 = DIRECTION('',(0.,0.,-1.));
#4021 = ADVANCED_FACE('',(#4022),#4030,.T.);
#4022 = FACE_BOUND('',#4023,.T.);
#4023 = EDGE_LOOP('',(#4024,#4025,#4026,#4027,#4028,#4029));
#4024 = ORIENTED_EDGE('',*,*,#3966,.F.);
#4025 = ORIENTED_EDGE('',*,*,#265,.F.);
#4026 = ORIENTED_EDGE('',*,*,#3903,.T.);
#4027 = ORIENTED_EDGE('',*,*,#2297,.F.);
#4028 = ORIENTED_EDGE('',*,*,#2682,.F.);
#4029 = ORIENTED_EDGE('',*,*,#2725,.F.);
#4030 = PLANE('',#4031);
#4031 = AXIS2_PLACEMENT_3D('',#4032,#4033,#4034);
#4032 = CARTESIAN_POINT('',(18.1,-10.8,2.4));
#4033 = DIRECTION('',(0.,1.,0.));
#4034 = DIRECTION('',(0.,-0.,1.));
#4035 = ADVANCED_FACE('',(#4036),#4054,.T.);
#4036 = FACE_BOUND('',#4037,.T.);
#4037 = EDGE_LOOP('',(#4038,#4044,#4045,#4046,#4047,#4053));
#4038 = ORIENTED_EDGE('',*,*,#4039,.T.);
#4039 = EDGE_CURVE('',#379,#2579,#4040,.T.);
#4040 = LINE('',#4041,#4042);
#4041 = CARTESIAN_POINT('',(-18.,-10.8,-0.1));
#4042 = VECTOR('',#4043,1.);
#4043 = DIRECTION('',(-0.,-0.,1.));
#4044 = ORIENTED_EDGE('',*,*,#2586,.T.);
#4045 = ORIENTED_EDGE('',*,*,#2543,.T.);
#4046 = ORIENTED_EDGE('',*,*,#1551,.T.);
#4047 = ORIENTED_EDGE('',*,*,#4048,.F.);
#4048 = EDGE_CURVE('',#363,#1544,#4049,.T.);
#4049 = LINE('',#4050,#4051);
#4050 = CARTESIAN_POINT('',(-17.,-10.8,2.8));
#4051 = VECTOR('',#4052,1.);
#4052 = DIRECTION('',(-0.,-0.,1.));
#4053 = ORIENTED_EDGE('',*,*,#386,.T.);
#4054 = PLANE('',#4055);
#4055 = AXIS2_PLACEMENT_3D('',#4056,#4057,#4058);
#4056 = CARTESIAN_POINT('',(-18.1,-10.8,2.4));
#4057 = DIRECTION('',(0.,1.,0.));
#4058 = DIRECTION('',(0.,-0.,1.));
#4059 = ADVANCED_FACE('',(#4060),#4070,.T.);
#4060 = FACE_BOUND('',#4061,.T.);
#4061 = EDGE_LOOP('',(#4062,#4063,#4064,#4065,#4066,#4067,#4068,#4069));
#4062 = ORIENTED_EDGE('',*,*,#3878,.F.);
#4063 = ORIENTED_EDGE('',*,*,#360,.T.);
#4064 = ORIENTED_EDGE('',*,*,#4048,.T.);
#4065 = ORIENTED_EDGE('',*,*,#1543,.T.);
#4066 = ORIENTED_EDGE('',*,*,#2640,.F.);
#4067 = ORIENTED_EDGE('',*,*,#1824,.F.);
#4068 = ORIENTED_EDGE('',*,*,#2110,.T.);
#4069 = ORIENTED_EDGE('',*,*,#2087,.T.);
#4070 = PLANE('',#4071);
#4071 = AXIS2_PLACEMENT_3D('',#4072,#4073,#4074);
#4072 = CARTESIAN_POINT('',(-17.,-7.972093023256,5.474418604651));
#4073 = DIRECTION('',(-1.,-0.,-0.));
#4074 = DIRECTION('',(0.,0.,-1.));
#4075 = ADVANCED_FACE('',(#4076),#4092,.T.);
#4076 = FACE_BOUND('',#4077,.T.);
#4077 = EDGE_LOOP('',(#4078,#4079,#4085,#4086));
#4078 = ORIENTED_EDGE('',*,*,#473,.T.);
#4079 = ORIENTED_EDGE('',*,*,#4080,.T.);
#4080 = EDGE_CURVE('',#476,#2056,#4081,.T.);
#4081 = LINE('',#4082,#4083);
#4082 = CARTESIAN_POINT('',(-17.,5.2,-0.1));
#4083 = VECTOR('',#4084,1.);
#4084 = DIRECTION('',(-0.,-0.,1.));
#4085 = ORIENTED_EDGE('',*,*,#2055,.T.);
#4086 = ORIENTED_EDGE('',*,*,#4087,.F.);
#4087 = EDGE_CURVE('',#474,#2048,#4088,.T.);
#4088 = LINE('',#4089,#4090);
#4089 = CARTESIAN_POINT('',(-17.,10.8,2.8));
#4090 = VECTOR('',#4091,1.);
#4091 = DIRECTION('',(-0.,-0.,1.));
#4092 = PLANE('',#4093);
#4093 = AXIS2_PLACEMENT_3D('',#4094,#4095,#4096);
#4094 = CARTESIAN_POINT('',(-17.,8.,5.4));
#4095 = DIRECTION('',(-1.,-0.,-0.));
#4096 = DIRECTION('',(0.,0.,-1.));
#4097 = ADVANCED_FACE('',(#4098),#4127,.T.);
#4098 = FACE_BOUND('',#4099,.T.);
#4099 = EDGE_LOOP('',(#4100,#4101,#4102,#4103,#4104,#4105,#4113,#4121));
#4100 = ORIENTED_EDGE('',*,*,#2576,.T.);
#4101 = ORIENTED_EDGE('',*,*,#4039,.F.);
#4102 = ORIENTED_EDGE('',*,*,#378,.F.);
#4103 = ORIENTED_EDGE('',*,*,#3871,.T.);
#4104 = ORIENTED_EDGE('',*,*,#2601,.T.);
#4105 = ORIENTED_EDGE('',*,*,#4106,.T.);
#4106 = EDGE_CURVE('',#2602,#4107,#4109,.T.);
#4107 = VERTEX_POINT('',#4108);
#4108 = CARTESIAN_POINT('',(-18.,-5.5,10.8));
#4109 = LINE('',#4110,#4111);
#4110 = CARTESIAN_POINT('',(-18.,-5.5,2.8));
#4111 = VECTOR('',#4112,1.);
#4112 = DIRECTION('',(-0.,-0.,1.));
#4113 = ORIENTED_EDGE('',*,*,#4114,.F.);
#4114 = EDGE_CURVE('',#4115,#4107,#4117,.T.);
#4115 = VERTEX_POINT('',#4116);
#4116 = CARTESIAN_POINT('',(-18.,-10.5,10.8));
#4117 = LINE('',#4118,#4119);
#4118 = CARTESIAN_POINT('',(-18.,-10.5,10.8));
#4119 = VECTOR('',#4120,1.);
#4120 = DIRECTION('',(-0.,1.,-0.));
#4121 = ORIENTED_EDGE('',*,*,#4122,.F.);
#4122 = EDGE_CURVE('',#2577,#4115,#4123,.T.);
#4123 = LINE('',#4124,#4125);
#4124 = CARTESIAN_POINT('',(-18.,-10.5,2.8));
#4125 = VECTOR('',#4126,1.);
#4126 = DIRECTION('',(-0.,-0.,1.));
#4127 = PLANE('',#4128);
#4128 = AXIS2_PLACEMENT_3D('',#4129,#4130,#4131);
#4129 = CARTESIAN_POINT('',(-18.,-8.,5.253658536585));
#4130 = DIRECTION('',(1.,0.,0.));
#4131 = DIRECTION('',(-0.,0.,1.));
#4132 = ADVANCED_FACE('',(#4133),#4172,.T.);
#4133 = FACE_BOUND('',#4134,.T.);
#4134 = EDGE_LOOP('',(#4135,#4136,#4142,#4143,#4149,#4150,#4158,#4166));
#4135 = ORIENTED_EDGE('',*,*,#3015,.T.);
#4136 = ORIENTED_EDGE('',*,*,#4137,.F.);
#4137 = EDGE_CURVE('',#492,#3018,#4138,.T.);
#4138 = LINE('',#4139,#4140);
#4139 = CARTESIAN_POINT('',(-18.,5.2,-0.1));
#4140 = VECTOR('',#4141,1.);
#4141 = DIRECTION('',(-0.,-0.,1.));
#4142 = ORIENTED_EDGE('',*,*,#491,.F.);
#4143 = ORIENTED_EDGE('',*,*,#4144,.T.);
#4144 = EDGE_CURVE('',#484,#3033,#4145,.T.);
#4145 = LINE('',#4146,#4147);
#4146 = CARTESIAN_POINT('',(-18.,10.8,-0.1));
#4147 = VECTOR('',#4148,1.);
#4148 = DIRECTION('',(-0.,-0.,1.));
#4149 = ORIENTED_EDGE('',*,*,#3040,.T.);
#4150 = ORIENTED_EDGE('',*,*,#4151,.T.);
#4151 = EDGE_CURVE('',#3041,#4152,#4154,.T.);
#4152 = VERTEX_POINT('',#4153);
#4153 = CARTESIAN_POINT('',(-18.,10.5,10.8));
#4154 = LINE('',#4155,#4156);
#4155 = CARTESIAN_POINT('',(-18.,10.5,2.8));
#4156 = VECTOR('',#4157,1.);
#4157 = DIRECTION('',(-0.,-0.,1.));
#4158 = ORIENTED_EDGE('',*,*,#4159,.F.);
#4159 = EDGE_CURVE('',#4160,#4152,#4162,.T.);
#4160 = VERTEX_POINT('',#4161);
#4161 = CARTESIAN_POINT('',(-18.,5.5,10.8));
#4162 = LINE('',#4163,#4164);
#4163 = CARTESIAN_POINT('',(-18.,5.5,10.8));
#4164 = VECTOR('',#4165,1.);
#4165 = DIRECTION('',(-0.,1.,-0.));
#4166 = ORIENTED_EDGE('',*,*,#4167,.F.);
#4167 = EDGE_CURVE('',#3016,#4160,#4168,.T.);
#4168 = LINE('',#4169,#4170);
#4169 = CARTESIAN_POINT('',(-18.,5.5,2.8));
#4170 = VECTOR('',#4171,1.);
#4171 = DIRECTION('',(-0.,-0.,1.));
#4172 = PLANE('',#4173);
#4173 = AXIS2_PLACEMENT_3D('',#4174,#4175,#4176);
#4174 = CARTESIAN_POINT('',(-18.,8.,5.253658536585));
#4175 = DIRECTION('',(1.,0.,0.));
#4176 = DIRECTION('',(-0.,0.,1.));
#4177 = ADVANCED_FACE('',(#4178),#4188,.T.);
#4178 = FACE_BOUND('',#4179,.T.);
#4179 = EDGE_LOOP('',(#4180,#4181,#4182,#4183,#4184,#4185,#4186,#4187));
#4180 = ORIENTED_EDGE('',*,*,#4004,.T.);
#4181 = ORIENTED_EDGE('',*,*,#2848,.T.);
#4182 = ORIENTED_EDGE('',*,*,#2816,.T.);
#4183 = ORIENTED_EDGE('',*,*,#1689,.T.);
#4184 = ORIENTED_EDGE('',*,*,#2895,.T.);
#4185 = ORIENTED_EDGE('',*,*,#1997,.T.);
#4186 = ORIENTED_EDGE('',*,*,#3918,.F.);
#4187 = ORIENTED_EDGE('',*,*,#394,.T.);
#4188 = PLANE('',#4189);
#4189 = AXIS2_PLACEMENT_3D('',#4190,#4191,#4192);
#4190 = CARTESIAN_POINT('',(18.195652173913,10.8,5.501449275362));
#4191 = DIRECTION('',(-0.,-1.,-0.));
#4192 = DIRECTION('',(0.,0.,-1.));
#4193 = ADVANCED_FACE('',(#4194),#4204,.T.);
#4194 = FACE_BOUND('',#4195,.T.);
#4195 = EDGE_LOOP('',(#4196,#4197,#4198,#4199,#4200,#4201,#4202,#4203));
#4196 = ORIENTED_EDGE('',*,*,#4144,.F.);
#4197 = ORIENTED_EDGE('',*,*,#483,.F.);
#4198 = ORIENTED_EDGE('',*,*,#4087,.T.);
#4199 = ORIENTED_EDGE('',*,*,#2047,.F.);
#4200 = ORIENTED_EDGE('',*,*,#2968,.T.);
#4201 = ORIENTED_EDGE('',*,*,#1639,.F.);
#4202 = ORIENTED_EDGE('',*,*,#3000,.F.);
#4203 = ORIENTED_EDGE('',*,*,#3032,.F.);
#4204 = PLANE('',#4205);
#4205 = AXIS2_PLACEMENT_3D('',#4206,#4207,#4208);
#4206 = CARTESIAN_POINT('',(-18.19565217391,10.8,5.501449275362));
#4207 = DIRECTION('',(-0.,-1.,-0.));
#4208 = DIRECTION('',(0.,0.,-1.));
#4209 = ADVANCED_FACE('',(#4210),#4220,.T.);
#4210 = FACE_BOUND('',#4211,.T.);
#4211 = EDGE_LOOP('',(#4212,#4213,#4214,#4215,#4216,#4217,#4218,#4219));
#4212 = ORIENTED_EDGE('',*,*,#4011,.F.);
#4213 = ORIENTED_EDGE('',*,*,#412,.F.);
#4214 = ORIENTED_EDGE('',*,*,#3925,.T.);
#4215 = ORIENTED_EDGE('',*,*,#1981,.F.);
#4216 = ORIENTED_EDGE('',*,*,#2786,.F.);
#4217 = ORIENTED_EDGE('',*,*,#1705,.F.);
#4218 = ORIENTED_EDGE('',*,*,#2800,.F.);
#4219 = ORIENTED_EDGE('',*,*,#2841,.F.);
#4220 = PLANE('',#4221);
#4221 = AXIS2_PLACEMENT_3D('',#4222,#4223,#4224);
#4222 = CARTESIAN_POINT('',(18.195652173913,5.2,5.501449275362));
#4223 = DIRECTION('',(0.,1.,0.));
#4224 = DIRECTION('',(0.,-0.,1.));
#4225 = ADVANCED_FACE('',(#4226),#4236,.T.);
#4226 = FACE_BOUND('',#4227,.T.);
#4227 = EDGE_LOOP('',(#4228,#4229,#4230,#4231,#4232,#4233,#4234,#4235));
#4228 = ORIENTED_EDGE('',*,*,#4137,.T.);
#4229 = ORIENTED_EDGE('',*,*,#3025,.T.);
#4230 = ORIENTED_EDGE('',*,*,#2984,.T.);
#4231 = ORIENTED_EDGE('',*,*,#1623,.T.);
#4232 = ORIENTED_EDGE('',*,*,#3086,.F.);
#4233 = ORIENTED_EDGE('',*,*,#2063,.T.);
#4234 = ORIENTED_EDGE('',*,*,#4080,.F.);
#4235 = ORIENTED_EDGE('',*,*,#499,.T.);
#4236 = PLANE('',#4237);
#4237 = AXIS2_PLACEMENT_3D('',#4238,#4239,#4240);
#4238 = CARTESIAN_POINT('',(-18.19565217391,5.2,5.501449275362));
#4239 = DIRECTION('',(0.,1.,0.));
#4240 = DIRECTION('',(0.,-0.,1.));
#4241 = ADVANCED_FACE('',(#4242),#4258,.T.);
#4242 = FACE_BOUND('',#4243,.T.);
#4243 = EDGE_LOOP('',(#4244,#4245,#4251,#4252));
#4244 = ORIENTED_EDGE('',*,*,#3949,.F.);
#4245 = ORIENTED_EDGE('',*,*,#4246,.T.);
#4246 = EDGE_CURVE('',#3942,#3722,#4247,.T.);
#4247 = LINE('',#4248,#4249);
#4248 = CARTESIAN_POINT('',(18.,-10.5,10.8));
#4249 = VECTOR('',#4250,1.);
#4250 = DIRECTION('',(1.,0.,-0.));
#4251 = ORIENTED_EDGE('',*,*,#3738,.T.);
#4252 = ORIENTED_EDGE('',*,*,#4253,.F.);
#4253 = EDGE_CURVE('',#3950,#3731,#4254,.T.);
#4254 = LINE('',#4255,#4256);
#4255 = CARTESIAN_POINT('',(18.,-5.5,10.8));
#4256 = VECTOR('',#4257,1.);
#4257 = DIRECTION('',(1.,0.,-0.));
#4258 = PLANE('',#4259);
#4259 = AXIS2_PLACEMENT_3D('',#4260,#4261,#4262);
#4260 = CARTESIAN_POINT('',(18.,-10.5,10.8));
#4261 = DIRECTION('',(0.,0.,1.));
#4262 = DIRECTION('',(1.,0.,-0.));
#4263 = ADVANCED_FACE('',(#4264),#4280,.T.);
#4264 = FACE_BOUND('',#4265,.T.);
#4265 = EDGE_LOOP('',(#4266,#4272,#4273,#4279));
#4266 = ORIENTED_EDGE('',*,*,#4267,.T.);
#4267 = EDGE_CURVE('',#4107,#3762,#4268,.T.);
#4268 = LINE('',#4269,#4270);
#4269 = CARTESIAN_POINT('',(-18.,-5.5,10.8));
#4270 = VECTOR('',#4271,1.);
#4271 = DIRECTION('',(-1.,-0.,-0.));
#4272 = ORIENTED_EDGE('',*,*,#3769,.F.);
#4273 = ORIENTED_EDGE('',*,*,#4274,.F.);
#4274 = EDGE_CURVE('',#4115,#3753,#4275,.T.);
#4275 = LINE('',#4276,#4277);
#4276 = CARTESIAN_POINT('',(-18.,-10.5,10.8));
#4277 = VECTOR('',#4278,1.);
#4278 = DIRECTION('',(-1.,-0.,-0.));
#4279 = ORIENTED_EDGE('',*,*,#4114,.T.);
#4280 = PLANE('',#4281);
#4281 = AXIS2_PLACEMENT_3D('',#4282,#4283,#4284);
#4282 = CARTESIAN_POINT('',(-18.5,-8.,10.8));
#4283 = DIRECTION('',(0.,0.,1.));
#4284 = DIRECTION('',(1.,0.,-0.));
#4285 = ADVANCED_FACE('',(#4286),#4302,.T.);
#4286 = FACE_BOUND('',#4287,.T.);
#4287 = EDGE_LOOP('',(#4288,#4289,#4295,#4296));
#4288 = ORIENTED_EDGE('',*,*,#3989,.F.);
#4289 = ORIENTED_EDGE('',*,*,#4290,.T.);
#4290 = EDGE_CURVE('',#3982,#3784,#4291,.T.);
#4291 = LINE('',#4292,#4293);
#4292 = CARTESIAN_POINT('',(18.,5.5,10.8));
#4293 = VECTOR('',#4294,1.);
#4294 = DIRECTION('',(1.,0.,-0.));
#4295 = ORIENTED_EDGE('',*,*,#3800,.T.);
#4296 = ORIENTED_EDGE('',*,*,#4297,.F.);
#4297 = EDGE_CURVE('',#3990,#3793,#4298,.T.);
#4298 = LINE('',#4299,#4300);
#4299 = CARTESIAN_POINT('',(18.,10.5,10.8));
#4300 = VECTOR('',#4301,1.);
#4301 = DIRECTION('',(1.,0.,-0.));
#4302 = PLANE('',#4303);
#4303 = AXIS2_PLACEMENT_3D('',#4304,#4305,#4306);
#4304 = CARTESIAN_POINT('',(18.,5.5,10.8));
#4305 = DIRECTION('',(0.,0.,1.));
#4306 = DIRECTION('',(1.,0.,-0.));
#4307 = ADVANCED_FACE('',(#4308),#4324,.T.);
#4308 = FACE_BOUND('',#4309,.T.);
#4309 = EDGE_LOOP('',(#4310,#4316,#4317,#4323));
#4310 = ORIENTED_EDGE('',*,*,#4311,.T.);
#4311 = EDGE_CURVE('',#4152,#3824,#4312,.T.);
#4312 = LINE('',#4313,#4314);
#4313 = CARTESIAN_POINT('',(-18.,10.5,10.8));
#4314 = VECTOR('',#4315,1.);
#4315 = DIRECTION('',(-1.,-0.,-0.));
#4316 = ORIENTED_EDGE('',*,*,#3831,.F.);
#4317 = ORIENTED_EDGE('',*,*,#4318,.F.);
#4318 = EDGE_CURVE('',#4160,#3815,#4319,.T.);
#4319 = LINE('',#4320,#4321);
#4320 = CARTESIAN_POINT('',(-18.,5.5,10.8));
#4321 = VECTOR('',#4322,1.);
#4322 = DIRECTION('',(-1.,-0.,-0.));
#4323 = ORIENTED_EDGE('',*,*,#4159,.T.);
#4324 = PLANE('',#4325);
#4325 = AXIS2_PLACEMENT_3D('',#4326,#4327,#4328);
#4326 = CARTESIAN_POINT('',(-18.5,8.,10.8));
#4327 = DIRECTION('',(0.,0.,1.));
#4328 = DIRECTION('',(1.,0.,-0.));
#4329 = ADVANCED_FACE('',(#4330),#4339,.T.);
#4330 = FACE_BOUND('',#4331,.T.);
#4331 = EDGE_LOOP('',(#4332,#4333,#4334,#4335,#4336,#4337,#4338));
#4332 = ORIENTED_EDGE('',*,*,#3298,.T.);
#4333 = ORIENTED_EDGE('',*,*,#3473,.T.);
#4334 = ORIENTED_EDGE('',*,*,#3597,.T.);
#4335 = ORIENTED_EDGE('',*,*,#3721,.T.);
#4336 = ORIENTED_EDGE('',*,*,#4246,.F.);
#4337 = ORIENTED_EDGE('',*,*,#3941,.F.);
#4338 = ORIENTED_EDGE('',*,*,#2764,.T.);
#4339 = PLANE('',#4340);
#4340 = AXIS2_PLACEMENT_3D('',#4341,#4342,#4343);
#4341 = CARTESIAN_POINT('',(18.539974904131,-10.5,6.8874447292));
#4342 = DIRECTION('',(-0.,-1.,-0.));
#4343 = DIRECTION('',(0.,0.,-1.));
#4344 = ADVANCED_FACE('',(#4345),#4354,.T.);
#4345 = FACE_BOUND('',#4346,.T.);
#4346 = EDGE_LOOP('',(#4347,#4348,#4349,#4350,#4351,#4352,#4353));
#4347 = ORIENTED_EDGE('',*,*,#3380,.F.);
#4348 = ORIENTED_EDGE('',*,*,#2625,.F.);
#4349 = ORIENTED_EDGE('',*,*,#4122,.T.);
#4350 = ORIENTED_EDGE('',*,*,#4274,.T.);
#4351 = ORIENTED_EDGE('',*,*,#3752,.F.);
#4352 = ORIENTED_EDGE('',*,*,#3628,.F.);
#4353 = ORIENTED_EDGE('',*,*,#3504,.F.);
#4354 = PLANE('',#4355);
#4355 = AXIS2_PLACEMENT_3D('',#4356,#4357,#4358);
#4356 = CARTESIAN_POINT('',(-18.53997490413,-10.5,6.8874447292));
#4357 = DIRECTION('',(-0.,-1.,-0.));
#4358 = DIRECTION('',(0.,0.,-1.));
#4359 = ADVANCED_FACE('',(#4360),#4369,.T.);
#4360 = FACE_BOUND('',#4361,.T.);
#4361 = EDGE_LOOP('',(#4362,#4363,#4364,#4365,#4366,#4367,#4368));
#4362 = ORIENTED_EDGE('',*,*,#3307,.F.);
#4363 = ORIENTED_EDGE('',*,*,#2748,.F.);
#4364 = ORIENTED_EDGE('',*,*,#3957,.T.);
#4365 = ORIENTED_EDGE('',*,*,#4253,.T.);
#4366 = ORIENTED_EDGE('',*,*,#3730,.F.);
#4367 = ORIENTED_EDGE('',*,*,#3606,.F.);
#4368 = ORIENTED_EDGE('',*,*,#3482,.F.);
#4369 = PLANE('',#4370);
#4370 = AXIS2_PLACEMENT_3D('',#4371,#4372,#4373);
#4371 = CARTESIAN_POINT('',(18.539974904131,-5.5,6.8874447292));
#4372 = DIRECTION('',(0.,1.,0.));
#4373 = DIRECTION('',(0.,-0.,1.));
#4374 = ADVANCED_FACE('',(#4375),#4384,.T.);
#4375 = FACE_BOUND('',#4376,.T.);
#4376 = EDGE_LOOP('',(#4377,#4378,#4379,#4380,#4381,#4382,#4383));
#4377 = ORIENTED_EDGE('',*,*,#3389,.T.);
#4378 = ORIENTED_EDGE('',*,*,#3513,.T.);
#4379 = ORIENTED_EDGE('',*,*,#3637,.T.);
#4380 = ORIENTED_EDGE('',*,*,#3761,.T.);
#4381 = ORIENTED_EDGE('',*,*,#4267,.F.);
#4382 = ORIENTED_EDGE('',*,*,#4106,.F.);
#4383 = ORIENTED_EDGE('',*,*,#2609,.T.);
#4384 = PLANE('',#4385);
#4385 = AXIS2_PLACEMENT_3D('',#4386,#4387,#4388);
#4386 = CARTESIAN_POINT('',(-18.53997490413,-5.5,6.8874447292));
#4387 = DIRECTION('',(0.,1.,0.));
#4388 = DIRECTION('',(0.,-0.,1.));
#4389 = ADVANCED_FACE('',(#4390),#4399,.T.);
#4390 = FACE_BOUND('',#4391,.T.);
#4391 = EDGE_LOOP('',(#4392,#4393,#4394,#4395,#4396,#4397,#4398));
#4392 = ORIENTED_EDGE('',*,*,#3411,.T.);
#4393 = ORIENTED_EDGE('',*,*,#3535,.T.);
#4394 = ORIENTED_EDGE('',*,*,#3659,.T.);
#4395 = ORIENTED_EDGE('',*,*,#3783,.T.);
#4396 = ORIENTED_EDGE('',*,*,#4290,.F.);
#4397 = ORIENTED_EDGE('',*,*,#3981,.F.);
#4398 = ORIENTED_EDGE('',*,*,#2880,.T.);
#4399 = PLANE('',#4400);
#4400 = AXIS2_PLACEMENT_3D('',#4401,#4402,#4403);
#4401 = CARTESIAN_POINT('',(18.539974904131,5.5,6.8874447292));
#4402 = DIRECTION('',(-0.,-1.,-0.));
#4403 = DIRECTION('',(0.,0.,-1.));
#4404 = ADVANCED_FACE('',(#4405),#4414,.T.);
#4405 = FACE_BOUND('',#4406,.T.);
#4406 = EDGE_LOOP('',(#4407,#4408,#4409,#4410,#4411,#4412,#4413));
#4407 = ORIENTED_EDGE('',*,*,#3442,.F.);
#4408 = ORIENTED_EDGE('',*,*,#3064,.F.);
#4409 = ORIENTED_EDGE('',*,*,#4167,.T.);
#4410 = ORIENTED_EDGE('',*,*,#4318,.T.);
#4411 = ORIENTED_EDGE('',*,*,#3814,.F.);
#4412 = ORIENTED_EDGE('',*,*,#3690,.F.);
#4413 = ORIENTED_EDGE('',*,*,#3566,.F.);
#4414 = PLANE('',#4415);
#4415 = AXIS2_PLACEMENT_3D('',#4416,#4417,#4418);
#4416 = CARTESIAN_POINT('',(-18.53997490413,5.5,6.8874447292));
#4417 = DIRECTION('',(-0.,-1.,-0.));
#4418 = DIRECTION('',(0.,0.,-1.));
#4419 = ADVANCED_FACE('',(#4420),#4429,.T.);
#4420 = FACE_BOUND('',#4421,.T.);
#4421 = EDGE_LOOP('',(#4422,#4423,#4424,#4425,#4426,#4427,#4428));
#4422 = ORIENTED_EDGE('',*,*,#3420,.F.);
#4423 = ORIENTED_EDGE('',*,*,#2864,.F.);
#4424 = ORIENTED_EDGE('',*,*,#3997,.T.);
#4425 = ORIENTED_EDGE('',*,*,#4297,.T.);
#4426 = ORIENTED_EDGE('',*,*,#3792,.F.);
#4427 = ORIENTED_EDGE('',*,*,#3668,.F.);
#4428 = ORIENTED_EDGE('',*,*,#3544,.F.);
#4429 = PLANE('',#4430);
#4430 = AXIS2_PLACEMENT_3D('',#4431,#4432,#4433);
#4431 = CARTESIAN_POINT('',(18.539974904131,10.5,6.8874447292));
#4432 = DIRECTION('',(0.,1.,0.));
#4433 = DIRECTION('',(0.,-0.,1.));
#4434 = ADVANCED_FACE('',(#4435),#4444,.T.);
#4435 = FACE_BOUND('',#4436,.T.);
#4436 = EDGE_LOOP('',(#4437,#4438,#4439,#4440,#4441,#4442,#4443));
#4437 = ORIENTED_EDGE('',*,*,#3451,.T.);
#4438 = ORIENTED_EDGE('',*,*,#3575,.T.);
#4439 = ORIENTED_EDGE('',*,*,#3699,.T.);
#4440 = ORIENTED_EDGE('',*,*,#3823,.T.);
#4441 = ORIENTED_EDGE('',*,*,#4311,.F.);
#4442 = ORIENTED_EDGE('',*,*,#4151,.F.);
#4443 = ORIENTED_EDGE('',*,*,#3048,.T.);
#4444 = PLANE('',#4445);
#4445 = AXIS2_PLACEMENT_3D('',#4446,#4447,#4448);
#4446 = CARTESIAN_POINT('',(-18.53997490413,10.5,6.8874447292));
#4447 = DIRECTION('',(0.,1.,0.));
#4448 = DIRECTION('',(0.,-0.,1.));
#4449 = ( GEOMETRIC_REPRESENTATION_CONTEXT(3) 
GLOBAL_UNCERTAINTY_ASSIGNED_CONTEXT((#4453)) 
GLOBAL_UNIT_ASSIGNED_CONTEXT((#4450,#4451,#4452)) REPRESENTATION_CONTEXT
('Context #1','3D Context with UNIT and UNCERTAINTY') );
#4450 = ( LENGTH_UNIT() NAMED_UNIT(*) SI_UNIT(.MILLI.,.METRE.) );
#4451 = ( NAMED_UNIT(*) PLANE_ANGLE_UNIT() SI_UNIT($,.RADIAN.) );
#4452 = ( NAMED_UNIT(*) SI_UNIT($,.STERADIAN.) SOLID_ANGLE_UNIT() );
#4453 = UNCERTAINTY_MEASURE_WITH_UNIT(LENGTH_MEASURE(2.E-07),#4450,
  'distance_accuracy_value','confusion accuracy');
#4454 = PRODUCT_RELATED_PRODUCT_CATEGORY('part',$,(#7));
ENDSEC;
END-ISO-10303-21;
