ISO-10303-21;
HEADER;
FILE_DESCRIPTION(('FreeCAD Model'),'2;1');
FILE_NAME('Open CASCADE Shape Model','2026-09-17T08:30:31',('FreeCAD'),(
    'FreeCAD'),'Open CASCADE STEP processor 7.8','FreeCAD','Unknown');
FILE_SCHEMA(('AUTOMOTIVE_DESIGN { 1 0 10303 214 1 1 1 1 }'));
ENDSEC;
DATA;
#1 = APPLICATION_PROTOCOL_DEFINITION('international standard',
  'automotive_design',2000,#2);
#2 = APPLICATION_CONTEXT(
  'core data for automotive mechanical design processes');
#3 = SHAPE_DEFINITION_REPRESENTATION(#4,#10);
#4 = PRODUCT_DEFINITION_SHAPE('','',#5);
#5 = PRODUCT_DEFINITION('design','',#6,#9);
#6 = PRODUCT_DEFINITION_FORMATION('','',#7);
#7 = PRODUCT('Open CASCADE STEP translator 7.8 2',
  'Open CASCADE STEP translator 7.8 2','',(#8));
#8 = PRODUCT_CONTEXT('',#2,'mechanical');
#9 = PRODUCT_DEFINITION_CONTEXT('part definition',#2,'design');
#10 = ADVANCED_BREP_SHAPE_REPRESENTATION('',(#11,#15),#4063);
#11 = AXIS2_PLACEMENT_3D('',#12,#13,#14);
#12 = CARTESIAN_POINT('',(0.,0.,0.));
#13 = DIRECTION('',(0.,0.,1.));
#14 = DIRECTION('',(1.,0.,-0.));
#15 = MANIFOLD_SOLID_BREP('',#16);
#16 = CLOSED_SHELL('',(#17,#59,#353,#400,#775,#792,#809,#826,#843,#860,
    #872,#912,#936,#961,#985,#1016,#1047,#1078,#1109,#1134,#1158,#1183,
    #1207,#1238,#1269,#1300,#1331,#1356,#1380,#1413,#1430,#1455,#1480,
    #1511,#1535,#1559,#1576,#1607,#1631,#1655,#1672,#1697,#1728,#1752,
    #1776,#1793,#1824,#1848,#1872,#1889,#1914,#2099,#2134,#2197,#2260,
    #2323,#2386,#2406,#2426,#2561,#2581,#2601,#2618,#2635,#2652,#2669,
    #2686,#2703,#2715,#2746,#2777,#2808,#2839,#2864,#2889,#2914,#2939,
    #2964,#2989,#3014,#3039,#3070,#3101,#3132,#3163,#3175,#3187,#3199,
    #3211,#3242,#3273,#3304,#3335,#3366,#3397,#3428,#3459,#3485,#3511,
    #3537,#3563,#3589,#3615,#3641,#3667,#3679,#3691,#3726,#3761,#3773,
    #3785,#3820,#3855,#3877,#3899,#3921,#3943,#3958,#3973,#3988,#4003,
    #4018,#4033,#4048));
#17 = ADVANCED_FACE('',(#18),#54,.T.);
#18 = FACE_BOUND('',#19,.T.);
#19 = EDGE_LOOP('',(#20,#31,#39,#48));
#20 = ORIENTED_EDGE('',*,*,#21,.F.);
#21 = EDGE_CURVE('',#22,#24,#26,.T.);
#22 = VERTEX_POINT('',#23);
#23 = CARTESIAN_POINT('',(-21.,-23.,9.5));
#24 = VERTEX_POINT('',#25);
#25 = CARTESIAN_POINT('',(-16.,-28.,9.5));
#26 = CIRCLE('',#27,5.);
#27 = AXIS2_PLACEMENT_3D('',#28,#29,#30);
#28 = CARTESIAN_POINT('',(-16.,-23.,9.5));
#29 = DIRECTION('',(0.,0.,1.));
#30 = DIRECTION('',(1.,0.,-0.));
#31 = ORIENTED_EDGE('',*,*,#32,.F.);
#32 = EDGE_CURVE('',#33,#22,#35,.T.);
#33 = VERTEX_POINT('',#34);
#34 = CARTESIAN_POINT('',(-21.,-23.,0.));
#35 = LINE('',#36,#37);
#36 = CARTESIAN_POINT('',(-21.,-23.,0.));
#37 = VECTOR('',#38,1.);
#38 = DIRECTION('',(0.,0.,1.));
#39 = ORIENTED_EDGE('',*,*,#40,.T.);
#40 = EDGE_CURVE('',#33,#41,#43,.T.);
#41 = VERTEX_POINT('',#42);
#42 = CARTESIAN_POINT('',(-16.,-28.,0.));
#43 = CIRCLE('',#44,5.);
#44 = AXIS2_PLACEMENT_3D('',#45,#46,#47);
#45 = CARTESIAN_POINT('',(-16.,-23.,0.));
#46 = DIRECTION('',(0.,0.,1.));
#47 = DIRECTION('',(1.,0.,-0.));
#48 = ORIENTED_EDGE('',*,*,#49,.T.);
#49 = EDGE_CURVE('',#41,#24,#50,.T.);
#50 = LINE('',#51,#52);
#51 = CARTESIAN_POINT('',(-16.,-28.,0.));
#52 = VECTOR('',#53,1.);
#53 = DIRECTION('',(0.,0.,1.));
#54 = CYLINDRICAL_SURFACE('',#55,5.);
#55 = AXIS2_PLACEMENT_3D('',#56,#57,#58);
#56 = CARTESIAN_POINT('',(-16.,-23.,0.));
#57 = DIRECTION('',(0.,0.,1.));
#58 = DIRECTION('',(1.,0.,-0.));
#59 = ADVANCED_FACE('',(#60),#348,.T.);
#60 = FACE_BOUND('',#61,.T.);
#61 = EDGE_LOOP('',(#62,#70,#71,#79,#87,#95,#104,#112,#120,#128,#136,
    #144,#152,#160,#168,#176,#185,#193,#202,#210,#218,#226,#234,#242,
    #250,#258,#266,#274,#283,#291,#299,#307,#316,#324,#333,#341));
#62 = ORIENTED_EDGE('',*,*,#63,.F.);
#63 = EDGE_CURVE('',#22,#64,#66,.T.);
#64 = VERTEX_POINT('',#65);
#65 = CARTESIAN_POINT('',(-21.,23.,9.5));
#66 = LINE('',#67,#68);
#67 = CARTESIAN_POINT('',(-21.,-23.,9.5));
#68 = VECTOR('',#69,1.);
#69 = DIRECTION('',(-0.,1.,0.));
#70 = ORIENTED_EDGE('',*,*,#21,.T.);
#71 = ORIENTED_EDGE('',*,*,#72,.T.);
#72 = EDGE_CURVE('',#24,#73,#75,.T.);
#73 = VERTEX_POINT('',#74);
#74 = CARTESIAN_POINT('',(-6.5,-28.,9.5));
#75 = LINE('',#76,#77);
#76 = CARTESIAN_POINT('',(-16.,-28.,9.5));
#77 = VECTOR('',#78,1.);
#78 = DIRECTION('',(1.,0.,-0.));
#79 = ORIENTED_EDGE('',*,*,#80,.T.);
#80 = EDGE_CURVE('',#73,#81,#83,.T.);
#81 = VERTEX_POINT('',#82);
#82 = CARTESIAN_POINT('',(-6.5,-26.,9.5));
#83 = LINE('',#84,#85);
#84 = CARTESIAN_POINT('',(-6.5,-14.5,9.5));
#85 = VECTOR('',#86,1.);
#86 = DIRECTION('',(-0.,1.,0.));
#87 = ORIENTED_EDGE('',*,*,#88,.T.);
#88 = EDGE_CURVE('',#81,#89,#91,.T.);
#89 = VERTEX_POINT('',#90);
#90 = CARTESIAN_POINT('',(-16.,-26.,9.5));
#91 = LINE('',#92,#93);
#92 = CARTESIAN_POINT('',(-8.,-26.,9.5));
#93 = VECTOR('',#94,1.);
#94 = DIRECTION('',(-1.,-0.,0.));
#95 = ORIENTED_EDGE('',*,*,#96,.F.);
#96 = EDGE_CURVE('',#97,#89,#99,.T.);
#97 = VERTEX_POINT('',#98);
#98 = CARTESIAN_POINT('',(-19.,-23.,9.5));
#99 = CIRCLE('',#100,3.);
#100 = AXIS2_PLACEMENT_3D('',#101,#102,#103);
#101 = CARTESIAN_POINT('',(-16.,-23.,9.5));
#102 = DIRECTION('',(0.,0.,1.));
#103 = DIRECTION('',(1.,0.,-0.));
#104 = ORIENTED_EDGE('',*,*,#105,.T.);
#105 = EDGE_CURVE('',#97,#106,#108,.T.);
#106 = VERTEX_POINT('',#107);
#107 = CARTESIAN_POINT('',(-19.,-10.8,9.5));
#108 = LINE('',#109,#110);
#109 = CARTESIAN_POINT('',(-19.,-11.5,9.5));
#110 = VECTOR('',#111,1.);
#111 = DIRECTION('',(-0.,1.,0.));
#112 = ORIENTED_EDGE('',*,*,#113,.F.);
#113 = EDGE_CURVE('',#114,#106,#116,.T.);
#114 = VERTEX_POINT('',#115);
#115 = CARTESIAN_POINT('',(-20.,-10.8,9.5));
#116 = LINE('',#117,#118);
#117 = CARTESIAN_POINT('',(-8.5,-10.8,9.5));
#118 = VECTOR('',#119,1.);
#119 = DIRECTION('',(1.,0.,-0.));
#120 = ORIENTED_EDGE('',*,*,#121,.T.);
#121 = EDGE_CURVE('',#114,#122,#124,.T.);
#122 = VERTEX_POINT('',#123);
#123 = CARTESIAN_POINT('',(-20.,-5.2,9.5));
#124 = LINE('',#125,#126);
#125 = CARTESIAN_POINT('',(-20.,-5.4,9.5));
#126 = VECTOR('',#127,1.);
#127 = DIRECTION('',(0.,1.,0.));
#128 = ORIENTED_EDGE('',*,*,#129,.T.);
#129 = EDGE_CURVE('',#122,#130,#132,.T.);
#130 = VERTEX_POINT('',#131);
#131 = CARTESIAN_POINT('',(-19.,-5.2,9.5));
#132 = LINE('',#133,#134);
#133 = CARTESIAN_POINT('',(-8.5,-5.2,9.5));
#134 = VECTOR('',#135,1.);
#135 = DIRECTION('',(1.,0.,-0.));
#136 = ORIENTED_EDGE('',*,*,#137,.T.);
#137 = EDGE_CURVE('',#130,#138,#140,.T.);
#138 = VERTEX_POINT('',#139);
#139 = CARTESIAN_POINT('',(-19.,5.2,9.5));
#140 = LINE('',#141,#142);
#141 = CARTESIAN_POINT('',(-19.,-11.5,9.5));
#142 = VECTOR('',#143,1.);
#143 = DIRECTION('',(-0.,1.,0.));
#144 = ORIENTED_EDGE('',*,*,#145,.F.);
#145 = EDGE_CURVE('',#146,#138,#148,.T.);
#146 = VERTEX_POINT('',#147);
#147 = CARTESIAN_POINT('',(-20.,5.2,9.5));
#148 = LINE('',#149,#150);
#149 = CARTESIAN_POINT('',(-8.5,5.2,9.5));
#150 = VECTOR('',#151,1.);
#151 = DIRECTION('',(1.,0.,-0.));
#152 = ORIENTED_EDGE('',*,*,#153,.T.);
#153 = EDGE_CURVE('',#146,#154,#156,.T.);
#154 = VERTEX_POINT('',#155);
#155 = CARTESIAN_POINT('',(-20.,10.8,9.5));
#156 = LINE('',#157,#158);
#157 = CARTESIAN_POINT('',(-20.,2.6,9.5));
#158 = VECTOR('',#159,1.);
#159 = DIRECTION('',(0.,1.,0.));
#160 = ORIENTED_EDGE('',*,*,#161,.T.);
#161 = EDGE_CURVE('',#154,#162,#164,.T.);
#162 = VERTEX_POINT('',#163);
#163 = CARTESIAN_POINT('',(-19.,10.8,9.5));
#164 = LINE('',#165,#166);
#165 = CARTESIAN_POINT('',(-8.5,10.8,9.5));
#166 = VECTOR('',#167,1.);
#167 = DIRECTION('',(1.,0.,-0.));
#168 = ORIENTED_EDGE('',*,*,#169,.T.);
#169 = EDGE_CURVE('',#162,#170,#172,.T.);
#170 = VERTEX_POINT('',#171);
#171 = CARTESIAN_POINT('',(-19.,23.,9.5));
#172 = LINE('',#173,#174);
#173 = CARTESIAN_POINT('',(-19.,-11.5,9.5));
#174 = VECTOR('',#175,1.);
#175 = DIRECTION('',(-0.,1.,0.));
#176 = ORIENTED_EDGE('',*,*,#177,.F.);
#177 = EDGE_CURVE('',#178,#170,#180,.T.);
#178 = VERTEX_POINT('',#179);
#179 = CARTESIAN_POINT('',(-16.,26.,9.5));
#180 = CIRCLE('',#181,3.);
#181 = AXIS2_PLACEMENT_3D('',#182,#183,#184);
#182 = CARTESIAN_POINT('',(-16.,23.,9.5));
#183 = DIRECTION('',(0.,0.,1.));
#184 = DIRECTION('',(1.,0.,-0.));
#185 = ORIENTED_EDGE('',*,*,#186,.F.);
#186 = EDGE_CURVE('',#187,#178,#189,.T.);
#187 = VERTEX_POINT('',#188);
#188 = CARTESIAN_POINT('',(16.,26.,9.5));
#189 = LINE('',#190,#191);
#190 = CARTESIAN_POINT('',(-8.,26.,9.5));
#191 = VECTOR('',#192,1.);
#192 = DIRECTION('',(-1.,-0.,0.));
#193 = ORIENTED_EDGE('',*,*,#194,.F.);
#194 = EDGE_CURVE('',#195,#187,#197,.T.);
#195 = VERTEX_POINT('',#196);
#196 = CARTESIAN_POINT('',(19.,23.,9.5));
#197 = CIRCLE('',#198,3.);
#198 = AXIS2_PLACEMENT_3D('',#199,#200,#201);
#199 = CARTESIAN_POINT('',(16.,23.,9.5));
#200 = DIRECTION('',(0.,0.,1.));
#201 = DIRECTION('',(1.,0.,-0.));
#202 = ORIENTED_EDGE('',*,*,#203,.F.);
#203 = EDGE_CURVE('',#204,#195,#206,.T.);
#204 = VERTEX_POINT('',#205);
#205 = CARTESIAN_POINT('',(19.,10.8,9.5));
#206 = LINE('',#207,#208);
#207 = CARTESIAN_POINT('',(19.,-11.5,9.5));
#208 = VECTOR('',#209,1.);
#209 = DIRECTION('',(-0.,1.,0.));
#210 = ORIENTED_EDGE('',*,*,#211,.F.);
#211 = EDGE_CURVE('',#212,#204,#214,.T.);
#212 = VERTEX_POINT('',#213);
#213 = CARTESIAN_POINT('',(20.,10.8,9.5));
#214 = LINE('',#215,#216);
#215 = CARTESIAN_POINT('',(8.5,10.8,9.5));
#216 = VECTOR('',#217,1.);
#217 = DIRECTION('',(-1.,-0.,0.));
#218 = ORIENTED_EDGE('',*,*,#219,.F.);
#219 = EDGE_CURVE('',#220,#212,#222,.T.);
#220 = VERTEX_POINT('',#221);
#221 = CARTESIAN_POINT('',(20.,5.2,9.5));
#222 = LINE('',#223,#224);
#223 = CARTESIAN_POINT('',(20.,2.6,9.5));
#224 = VECTOR('',#225,1.);
#225 = DIRECTION('',(-0.,1.,0.));
#226 = ORIENTED_EDGE('',*,*,#227,.T.);
#227 = EDGE_CURVE('',#220,#228,#230,.T.);
#228 = VERTEX_POINT('',#229);
#229 = CARTESIAN_POINT('',(19.,5.2,9.5));
#230 = LINE('',#231,#232);
#231 = CARTESIAN_POINT('',(8.5,5.2,9.5));
#232 = VECTOR('',#233,1.);
#233 = DIRECTION('',(-1.,-0.,0.));
#234 = ORIENTED_EDGE('',*,*,#235,.F.);
#235 = EDGE_CURVE('',#236,#228,#238,.T.);
#236 = VERTEX_POINT('',#237);
#237 = CARTESIAN_POINT('',(19.,-5.2,9.5));
#238 = LINE('',#239,#240);
#239 = CARTESIAN_POINT('',(19.,-11.5,9.5));
#240 = VECTOR('',#241,1.);
#241 = DIRECTION('',(-0.,1.,0.));
#242 = ORIENTED_EDGE('',*,*,#243,.F.);
#243 = EDGE_CURVE('',#244,#236,#246,.T.);
#244 = VERTEX_POINT('',#245);
#245 = CARTESIAN_POINT('',(20.,-5.2,9.5));
#246 = LINE('',#247,#248);
#247 = CARTESIAN_POINT('',(8.5,-5.2,9.5));
#248 = VECTOR('',#249,1.);
#249 = DIRECTION('',(-1.,-0.,0.));
#250 = ORIENTED_EDGE('',*,*,#251,.F.);
#251 = EDGE_CURVE('',#252,#244,#254,.T.);
#252 = VERTEX_POINT('',#253);
#253 = CARTESIAN_POINT('',(20.,-10.8,9.5));
#254 = LINE('',#255,#256);
#255 = CARTESIAN_POINT('',(20.,-5.4,9.5));
#256 = VECTOR('',#257,1.);
#257 = DIRECTION('',(-0.,1.,0.));
#258 = ORIENTED_EDGE('',*,*,#259,.T.);
#259 = EDGE_CURVE('',#252,#260,#262,.T.);
#260 = VERTEX_POINT('',#261);
#261 = CARTESIAN_POINT('',(19.,-10.8,9.5));
#262 = LINE('',#263,#264);
#263 = CARTESIAN_POINT('',(8.5,-10.8,9.5));
#264 = VECTOR('',#265,1.);
#265 = DIRECTION('',(-1.,-0.,0.));
#266 = ORIENTED_EDGE('',*,*,#267,.F.);
#267 = EDGE_CURVE('',#268,#260,#270,.T.);
#268 = VERTEX_POINT('',#269);
#269 = CARTESIAN_POINT('',(19.,-23.,9.5));
#270 = LINE('',#271,#272);
#271 = CARTESIAN_POINT('',(19.,-11.5,9.5));
#272 = VECTOR('',#273,1.);
#273 = DIRECTION('',(-0.,1.,0.));
#274 = ORIENTED_EDGE('',*,*,#275,.F.);
#275 = EDGE_CURVE('',#276,#268,#278,.T.);
#276 = VERTEX_POINT('',#277);
#277 = CARTESIAN_POINT('',(16.,-26.,9.5));
#278 = CIRCLE('',#279,3.);
#279 = AXIS2_PLACEMENT_3D('',#280,#281,#282);
#280 = CARTESIAN_POINT('',(16.,-23.,9.5));
#281 = DIRECTION('',(0.,0.,1.));
#282 = DIRECTION('',(1.,0.,-0.));
#283 = ORIENTED_EDGE('',*,*,#284,.T.);
#284 = EDGE_CURVE('',#276,#285,#287,.T.);
#285 = VERTEX_POINT('',#286);
#286 = CARTESIAN_POINT('',(6.5,-26.,9.5));
#287 = LINE('',#288,#289);
#288 = CARTESIAN_POINT('',(-8.,-26.,9.5));
#289 = VECTOR('',#290,1.);
#290 = DIRECTION('',(-1.,-0.,0.));
#291 = ORIENTED_EDGE('',*,*,#292,.F.);
#292 = EDGE_CURVE('',#293,#285,#295,.T.);
#293 = VERTEX_POINT('',#294);
#294 = CARTESIAN_POINT('',(6.5,-28.,9.5));
#295 = LINE('',#296,#297);
#296 = CARTESIAN_POINT('',(6.5,-14.5,9.5));
#297 = VECTOR('',#298,1.);
#298 = DIRECTION('',(-0.,1.,0.));
#299 = ORIENTED_EDGE('',*,*,#300,.T.);
#300 = EDGE_CURVE('',#293,#301,#303,.T.);
#301 = VERTEX_POINT('',#302);
#302 = CARTESIAN_POINT('',(16.,-28.,9.5));
#303 = LINE('',#304,#305);
#304 = CARTESIAN_POINT('',(-16.,-28.,9.5));
#305 = VECTOR('',#306,1.);
#306 = DIRECTION('',(1.,0.,-0.));
#307 = ORIENTED_EDGE('',*,*,#308,.T.);
#308 = EDGE_CURVE('',#301,#309,#311,.T.);
#309 = VERTEX_POINT('',#310);
#310 = CARTESIAN_POINT('',(21.,-23.,9.5));
#311 = CIRCLE('',#312,5.);
#312 = AXIS2_PLACEMENT_3D('',#313,#314,#315);
#313 = CARTESIAN_POINT('',(16.,-23.,9.5));
#314 = DIRECTION('',(0.,0.,1.));
#315 = DIRECTION('',(1.,0.,-0.));
#316 = ORIENTED_EDGE('',*,*,#317,.T.);
#317 = EDGE_CURVE('',#309,#318,#320,.T.);
#318 = VERTEX_POINT('',#319);
#319 = CARTESIAN_POINT('',(21.,23.,9.5));
#320 = LINE('',#321,#322);
#321 = CARTESIAN_POINT('',(21.,-23.,9.5));
#322 = VECTOR('',#323,1.);
#323 = DIRECTION('',(-0.,1.,0.));
#324 = ORIENTED_EDGE('',*,*,#325,.T.);
#325 = EDGE_CURVE('',#318,#326,#328,.T.);
#326 = VERTEX_POINT('',#327);
#327 = CARTESIAN_POINT('',(16.,28.,9.5));
#328 = CIRCLE('',#329,5.);
#329 = AXIS2_PLACEMENT_3D('',#330,#331,#332);
#330 = CARTESIAN_POINT('',(16.,23.,9.5));
#331 = DIRECTION('',(0.,0.,1.));
#332 = DIRECTION('',(1.,0.,-0.));
#333 = ORIENTED_EDGE('',*,*,#334,.F.);
#334 = EDGE_CURVE('',#335,#326,#337,.T.);
#335 = VERTEX_POINT('',#336);
#336 = CARTESIAN_POINT('',(-16.,28.,9.5));
#337 = LINE('',#338,#339);
#338 = CARTESIAN_POINT('',(-16.,28.,9.5));
#339 = VECTOR('',#340,1.);
#340 = DIRECTION('',(1.,0.,-0.));
#341 = ORIENTED_EDGE('',*,*,#342,.T.);
#342 = EDGE_CURVE('',#335,#64,#343,.T.);
#343 = CIRCLE('',#344,5.);
#344 = AXIS2_PLACEMENT_3D('',#345,#346,#347);
#345 = CARTESIAN_POINT('',(-16.,23.,9.5));
#346 = DIRECTION('',(0.,0.,1.));
#347 = DIRECTION('',(1.,0.,-0.));
#348 = PLANE('',#349);
#349 = AXIS2_PLACEMENT_3D('',#350,#351,#352);
#350 = CARTESIAN_POINT('',(0.,-1.215523145324E-15,9.5));
#351 = DIRECTION('',(0.,0.,1.));
#352 = DIRECTION('',(1.,0.,-0.));
#353 = ADVANCED_FACE('',(#354),#395,.F.);
#354 = FACE_BOUND('',#355,.F.);
#355 = EDGE_LOOP('',(#356,#364,#365,#366,#374,#382,#388,#389));
#356 = ORIENTED_EDGE('',*,*,#357,.F.);
#357 = EDGE_CURVE('',#41,#358,#360,.T.);
#358 = VERTEX_POINT('',#359);
#359 = CARTESIAN_POINT('',(16.,-28.,0.));
#360 = LINE('',#361,#362);
#361 = CARTESIAN_POINT('',(-16.,-28.,0.));
#362 = VECTOR('',#363,1.);
#363 = DIRECTION('',(1.,0.,-0.));
#364 = ORIENTED_EDGE('',*,*,#49,.T.);
#365 = ORIENTED_EDGE('',*,*,#72,.T.);
#366 = ORIENTED_EDGE('',*,*,#367,.T.);
#367 = EDGE_CURVE('',#73,#368,#370,.T.);
#368 = VERTEX_POINT('',#369);
#369 = CARTESIAN_POINT('',(-6.5,-28.,3.6));
#370 = LINE('',#371,#372);
#371 = CARTESIAN_POINT('',(-6.5,-28.,1.8));
#372 = VECTOR('',#373,1.);
#373 = DIRECTION('',(-0.,0.,-1.));
#374 = ORIENTED_EDGE('',*,*,#375,.T.);
#375 = EDGE_CURVE('',#368,#376,#378,.T.);
#376 = VERTEX_POINT('',#377);
#377 = CARTESIAN_POINT('',(6.5,-28.,3.6));
#378 = LINE('',#379,#380);
#379 = CARTESIAN_POINT('',(-11.25,-28.,3.6));
#380 = VECTOR('',#381,1.);
#381 = DIRECTION('',(1.,0.,-0.));
#382 = ORIENTED_EDGE('',*,*,#383,.F.);
#383 = EDGE_CURVE('',#293,#376,#384,.T.);
#384 = LINE('',#385,#386);
#385 = CARTESIAN_POINT('',(6.5,-28.,1.8));
#386 = VECTOR('',#387,1.);
#387 = DIRECTION('',(-0.,0.,-1.));
#388 = ORIENTED_EDGE('',*,*,#300,.T.);
#389 = ORIENTED_EDGE('',*,*,#390,.F.);
#390 = EDGE_CURVE('',#358,#301,#391,.T.);
#391 = LINE('',#392,#393);
#392 = CARTESIAN_POINT('',(16.,-28.,0.));
#393 = VECTOR('',#394,1.);
#394 = DIRECTION('',(0.,0.,1.));
#395 = PLANE('',#396);
#396 = AXIS2_PLACEMENT_3D('',#397,#398,#399);
#397 = CARTESIAN_POINT('',(-16.,-28.,0.));
#398 = DIRECTION('',(-0.,1.,0.));
#399 = DIRECTION('',(0.,0.,1.));
#400 = ADVANCED_FACE('',(#401,#454,#465,#499,#510,#544,#578,#612,#646,
    #657,#691,#725,#759),#770,.T.);
#401 = FACE_BOUND('',#402,.T.);
#402 = EDGE_LOOP('',(#403,#404,#412,#421,#429,#438,#446,#453));
#403 = ORIENTED_EDGE('',*,*,#40,.F.);
#404 = ORIENTED_EDGE('',*,*,#405,.T.);
#405 = EDGE_CURVE('',#33,#406,#408,.T.);
#406 = VERTEX_POINT('',#407);
#407 = CARTESIAN_POINT('',(-21.,23.,0.));
#408 = LINE('',#409,#410);
#409 = CARTESIAN_POINT('',(-21.,-23.,0.));
#410 = VECTOR('',#411,1.);
#411 = DIRECTION('',(-0.,1.,0.));
#412 = ORIENTED_EDGE('',*,*,#413,.F.);
#413 = EDGE_CURVE('',#414,#406,#416,.T.);
#414 = VERTEX_POINT('',#415);
#415 = CARTESIAN_POINT('',(-16.,28.,0.));
#416 = CIRCLE('',#417,5.);
#417 = AXIS2_PLACEMENT_3D('',#418,#419,#420);
#418 = CARTESIAN_POINT('',(-16.,23.,0.));
#419 = DIRECTION('',(0.,0.,1.));
#420 = DIRECTION('',(1.,0.,-0.));
#421 = ORIENTED_EDGE('',*,*,#422,.T.);
#422 = EDGE_CURVE('',#414,#423,#425,.T.);
#423 = VERTEX_POINT('',#424);
#424 = CARTESIAN_POINT('',(16.,28.,0.));
#425 = LINE('',#426,#427);
#426 = CARTESIAN_POINT('',(-16.,28.,0.));
#427 = VECTOR('',#428,1.);
#428 = DIRECTION('',(1.,0.,-0.));
#429 = ORIENTED_EDGE('',*,*,#430,.F.);
#430 = EDGE_CURVE('',#431,#423,#433,.T.);
#431 = VERTEX_POINT('',#432);
#432 = CARTESIAN_POINT('',(21.,23.,0.));
#433 = CIRCLE('',#434,5.);
#434 = AXIS2_PLACEMENT_3D('',#435,#436,#437);
#435 = CARTESIAN_POINT('',(16.,23.,0.));
#436 = DIRECTION('',(0.,0.,1.));
#437 = DIRECTION('',(1.,0.,-0.));
#438 = ORIENTED_EDGE('',*,*,#439,.F.);
#439 = EDGE_CURVE('',#440,#431,#442,.T.);
#440 = VERTEX_POINT('',#441);
#441 = CARTESIAN_POINT('',(21.,-23.,0.));
#442 = LINE('',#443,#444);
#443 = CARTESIAN_POINT('',(21.,-23.,0.));
#444 = VECTOR('',#445,1.);
#445 = DIRECTION('',(-0.,1.,0.));
#446 = ORIENTED_EDGE('',*,*,#447,.F.);
#447 = EDGE_CURVE('',#358,#440,#448,.T.);
#448 = CIRCLE('',#449,5.);
#449 = AXIS2_PLACEMENT_3D('',#450,#451,#452);
#450 = CARTESIAN_POINT('',(16.,-23.,0.));
#451 = DIRECTION('',(0.,0.,1.));
#452 = DIRECTION('',(1.,0.,-0.));
#453 = ORIENTED_EDGE('',*,*,#357,.F.);
#454 = FACE_BOUND('',#455,.T.);
#455 = EDGE_LOOP('',(#456));
#456 = ORIENTED_EDGE('',*,*,#457,.T.);
#457 = EDGE_CURVE('',#458,#458,#460,.T.);
#458 = VERTEX_POINT('',#459);
#459 = CARTESIAN_POINT('',(13.1,-19.5,0.));
#460 = CIRCLE('',#461,2.1);
#461 = AXIS2_PLACEMENT_3D('',#462,#463,#464);
#462 = CARTESIAN_POINT('',(11.,-19.5,0.));
#463 = DIRECTION('',(0.,0.,1.));
#464 = DIRECTION('',(1.,0.,-0.));
#465 = FACE_BOUND('',#466,.T.);
#466 = EDGE_LOOP('',(#467,#477,#485,#493));
#467 = ORIENTED_EDGE('',*,*,#468,.F.);
#468 = EDGE_CURVE('',#469,#471,#473,.T.);
#469 = VERTEX_POINT('',#470);
#470 = CARTESIAN_POINT('',(17.,-5.2,0.));
#471 = VERTEX_POINT('',#472);
#472 = CARTESIAN_POINT('',(18.,-5.2,0.));
#473 = LINE('',#474,#475);
#474 = CARTESIAN_POINT('',(8.5,-5.2,0.));
#475 = VECTOR('',#476,1.);
#476 = DIRECTION('',(1.,0.,-0.));
#477 = ORIENTED_EDGE('',*,*,#478,.T.);
#478 = EDGE_CURVE('',#469,#479,#481,.T.);
#479 = VERTEX_POINT('',#480);
#480 = CARTESIAN_POINT('',(17.,-10.8,0.));
#481 = LINE('',#482,#483);
#482 = CARTESIAN_POINT('',(17.,-5.4,0.));
#483 = VECTOR('',#484,1.);
#484 = DIRECTION('',(0.,-1.,0.));
#485 = ORIENTED_EDGE('',*,*,#486,.T.);
#486 = EDGE_CURVE('',#479,#487,#489,.T.);
#487 = VERTEX_POINT('',#488);
#488 = CARTESIAN_POINT('',(18.,-10.8,0.));
#489 = LINE('',#490,#491);
#490 = CARTESIAN_POINT('',(8.5,-10.8,0.));
#491 = VECTOR('',#492,1.);
#492 = DIRECTION('',(1.,0.,-0.));
#493 = ORIENTED_EDGE('',*,*,#494,.F.);
#494 = EDGE_CURVE('',#471,#487,#495,.T.);
#495 = LINE('',#496,#497);
#496 = CARTESIAN_POINT('',(18.,-5.4,0.));
#497 = VECTOR('',#498,1.);
#498 = DIRECTION('',(0.,-1.,0.));
#499 = FACE_BOUND('',#500,.T.);
#500 = EDGE_LOOP('',(#501));
#501 = ORIENTED_EDGE('',*,*,#502,.T.);
#502 = EDGE_CURVE('',#503,#503,#505,.T.);
#503 = VERTEX_POINT('',#504);
#504 = CARTESIAN_POINT('',(-8.9,-19.5,0.));
#505 = CIRCLE('',#506,2.1);
#506 = AXIS2_PLACEMENT_3D('',#507,#508,#509);
#507 = CARTESIAN_POINT('',(-11.,-19.5,0.));
#508 = DIRECTION('',(0.,0.,1.));
#509 = DIRECTION('',(1.,0.,-0.));
#510 = FACE_BOUND('',#511,.T.);
#511 = EDGE_LOOP('',(#512,#522,#530,#538));
#512 = ORIENTED_EDGE('',*,*,#513,.F.);
#513 = EDGE_CURVE('',#514,#516,#518,.T.);
#514 = VERTEX_POINT('',#515);
#515 = CARTESIAN_POINT('',(-5.,-6.,0.));
#516 = VERTEX_POINT('',#517);
#517 = CARTESIAN_POINT('',(5.,-6.,0.));
#518 = LINE('',#519,#520);
#519 = CARTESIAN_POINT('',(-2.5,-6.,0.));
#520 = VECTOR('',#521,1.);
#521 = DIRECTION('',(1.,0.,-0.));
#522 = ORIENTED_EDGE('',*,*,#523,.T.);
#523 = EDGE_CURVE('',#514,#524,#526,.T.);
#524 = VERTEX_POINT('',#525);
#525 = CARTESIAN_POINT('',(-5.,-8.,0.));
#526 = LINE('',#527,#528);
#527 = CARTESIAN_POINT('',(-5.,-4.,0.));
#528 = VECTOR('',#529,1.);
#529 = DIRECTION('',(0.,-1.,0.));
#530 = ORIENTED_EDGE('',*,*,#531,.T.);
#531 = EDGE_CURVE('',#524,#532,#534,.T.);
#532 = VERTEX_POINT('',#533);
#533 = CARTESIAN_POINT('',(5.,-8.,0.));
#534 = LINE('',#535,#536);
#535 = CARTESIAN_POINT('',(-2.5,-8.,0.));
#536 = VECTOR('',#537,1.);
#537 = DIRECTION('',(1.,0.,-0.));
#538 = ORIENTED_EDGE('',*,*,#539,.F.);
#539 = EDGE_CURVE('',#516,#532,#540,.T.);
#540 = LINE('',#541,#542);
#541 = CARTESIAN_POINT('',(5.,-4.,0.));
#542 = VECTOR('',#543,1.);
#543 = DIRECTION('',(0.,-1.,0.));
#544 = FACE_BOUND('',#545,.T.);
#545 = EDGE_LOOP('',(#546,#556,#564,#572));
#546 = ORIENTED_EDGE('',*,*,#547,.F.);
#547 = EDGE_CURVE('',#548,#550,#552,.T.);
#548 = VERTEX_POINT('',#549);
#549 = CARTESIAN_POINT('',(-5.,0.,0.));
#550 = VERTEX_POINT('',#551);
#551 = CARTESIAN_POINT('',(5.,0.,0.));
#552 = LINE('',#553,#554);
#553 = CARTESIAN_POINT('',(-2.5,0.,0.));
#554 = VECTOR('',#555,1.);
#555 = DIRECTION('',(1.,0.,-0.));
#556 = ORIENTED_EDGE('',*,*,#557,.T.);
#557 = EDGE_CURVE('',#548,#558,#560,.T.);
#558 = VERTEX_POINT('',#559);
#559 = CARTESIAN_POINT('',(-5.,-2.,0.));
#560 = LINE('',#561,#562);
#561 = CARTESIAN_POINT('',(-5.,-1.,0.));
#562 = VECTOR('',#563,1.);
#563 = DIRECTION('',(0.,-1.,0.));
#564 = ORIENTED_EDGE('',*,*,#565,.T.);
#565 = EDGE_CURVE('',#558,#566,#568,.T.);
#566 = VERTEX_POINT('',#567);
#567 = CARTESIAN_POINT('',(5.,-2.,0.));
#568 = LINE('',#569,#570);
#569 = CARTESIAN_POINT('',(-2.5,-2.,0.));
#570 = VECTOR('',#571,1.);
#571 = DIRECTION('',(1.,0.,-0.));
#572 = ORIENTED_EDGE('',*,*,#573,.F.);
#573 = EDGE_CURVE('',#550,#566,#574,.T.);
#574 = LINE('',#575,#576);
#575 = CARTESIAN_POINT('',(5.,-1.,0.));
#576 = VECTOR('',#577,1.);
#577 = DIRECTION('',(0.,-1.,0.));
#578 = FACE_BOUND('',#579,.T.);
#579 = EDGE_LOOP('',(#580,#590,#598,#606));
#580 = ORIENTED_EDGE('',*,*,#581,.F.);
#581 = EDGE_CURVE('',#582,#584,#586,.T.);
#582 = VERTEX_POINT('',#583);
#583 = CARTESIAN_POINT('',(-17.,-5.2,0.));
#584 = VERTEX_POINT('',#585);
#585 = CARTESIAN_POINT('',(-17.,-10.8,0.));
#586 = LINE('',#587,#588);
#587 = CARTESIAN_POINT('',(-17.,-5.4,0.));
#588 = VECTOR('',#589,1.);
#589 = DIRECTION('',(0.,-1.,0.));
#590 = ORIENTED_EDGE('',*,*,#591,.T.);
#591 = EDGE_CURVE('',#582,#592,#594,.T.);
#592 = VERTEX_POINT('',#593);
#593 = CARTESIAN_POINT('',(-18.,-5.2,0.));
#594 = LINE('',#595,#596);
#595 = CARTESIAN_POINT('',(-8.5,-5.2,0.));
#596 = VECTOR('',#597,1.);
#597 = DIRECTION('',(-1.,0.,0.));
#598 = ORIENTED_EDGE('',*,*,#599,.T.);
#599 = EDGE_CURVE('',#592,#600,#602,.T.);
#600 = VERTEX_POINT('',#601);
#601 = CARTESIAN_POINT('',(-18.,-10.8,0.));
#602 = LINE('',#603,#604);
#603 = CARTESIAN_POINT('',(-18.,-5.4,0.));
#604 = VECTOR('',#605,1.);
#605 = DIRECTION('',(0.,-1.,0.));
#606 = ORIENTED_EDGE('',*,*,#607,.F.);
#607 = EDGE_CURVE('',#584,#600,#608,.T.);
#608 = LINE('',#609,#610);
#609 = CARTESIAN_POINT('',(-8.5,-10.8,0.));
#610 = VECTOR('',#611,1.);
#611 = DIRECTION('',(-1.,0.,0.));
#612 = FACE_BOUND('',#613,.T.);
#613 = EDGE_LOOP('',(#614,#624,#632,#640));
#614 = ORIENTED_EDGE('',*,*,#615,.F.);
#615 = EDGE_CURVE('',#616,#618,#620,.T.);
#616 = VERTEX_POINT('',#617);
#617 = CARTESIAN_POINT('',(17.,10.8,0.));
#618 = VERTEX_POINT('',#619);
#619 = CARTESIAN_POINT('',(18.,10.8,0.));
#620 = LINE('',#621,#622);
#621 = CARTESIAN_POINT('',(8.5,10.8,0.));
#622 = VECTOR('',#623,1.);
#623 = DIRECTION('',(1.,0.,-0.));
#624 = ORIENTED_EDGE('',*,*,#625,.T.);
#625 = EDGE_CURVE('',#616,#626,#628,.T.);
#626 = VERTEX_POINT('',#627);
#627 = CARTESIAN_POINT('',(17.,5.2,0.));
#628 = LINE('',#629,#630);
#629 = CARTESIAN_POINT('',(17.,2.6,0.));
#630 = VECTOR('',#631,1.);
#631 = DIRECTION('',(0.,-1.,0.));
#632 = ORIENTED_EDGE('',*,*,#633,.T.);
#633 = EDGE_CURVE('',#626,#634,#636,.T.);
#634 = VERTEX_POINT('',#635);
#635 = CARTESIAN_POINT('',(18.,5.2,0.));
#636 = LINE('',#637,#638);
#637 = CARTESIAN_POINT('',(8.5,5.2,0.));
#638 = VECTOR('',#639,1.);
#639 = DIRECTION('',(1.,0.,-0.));
#640 = ORIENTED_EDGE('',*,*,#641,.F.);
#641 = EDGE_CURVE('',#618,#634,#642,.T.);
#642 = LINE('',#643,#644);
#643 = CARTESIAN_POINT('',(18.,2.6,0.));
#644 = VECTOR('',#645,1.);
#645 = DIRECTION('',(0.,-1.,0.));
#646 = FACE_BOUND('',#647,.T.);
#647 = EDGE_LOOP('',(#648));
#648 = ORIENTED_EDGE('',*,*,#649,.T.);
#649 = EDGE_CURVE('',#650,#650,#652,.T.);
#650 = VERTEX_POINT('',#651);
#651 = CARTESIAN_POINT('',(13.1,19.5,0.));
#652 = CIRCLE('',#653,2.1);
#653 = AXIS2_PLACEMENT_3D('',#654,#655,#656);
#654 = CARTESIAN_POINT('',(11.,19.5,0.));
#655 = DIRECTION('',(0.,0.,1.));
#656 = DIRECTION('',(1.,0.,-0.));
#657 = FACE_BOUND('',#658,.T.);
#658 = EDGE_LOOP('',(#659,#669,#677,#685));
#659 = ORIENTED_EDGE('',*,*,#660,.F.);
#660 = EDGE_CURVE('',#661,#663,#665,.T.);
#661 = VERTEX_POINT('',#662);
#662 = CARTESIAN_POINT('',(-5.,6.,0.));
#663 = VERTEX_POINT('',#664);
#664 = CARTESIAN_POINT('',(5.,6.,0.));
#665 = LINE('',#666,#667);
#666 = CARTESIAN_POINT('',(-2.5,6.,0.));
#667 = VECTOR('',#668,1.);
#668 = DIRECTION('',(1.,0.,-0.));
#669 = ORIENTED_EDGE('',*,*,#670,.T.);
#670 = EDGE_CURVE('',#661,#671,#673,.T.);
#671 = VERTEX_POINT('',#672);
#672 = CARTESIAN_POINT('',(-5.,4.,0.));
#673 = LINE('',#674,#675);
#674 = CARTESIAN_POINT('',(-5.,2.,0.));
#675 = VECTOR('',#676,1.);
#676 = DIRECTION('',(0.,-1.,0.));
#677 = ORIENTED_EDGE('',*,*,#678,.T.);
#678 = EDGE_CURVE('',#671,#679,#681,.T.);
#679 = VERTEX_POINT('',#680);
#680 = CARTESIAN_POINT('',(5.,4.,0.));
#681 = LINE('',#682,#683);
#682 = CARTESIAN_POINT('',(-2.5,4.,0.));
#683 = VECTOR('',#684,1.);
#684 = DIRECTION('',(1.,0.,-0.));
#685 = ORIENTED_EDGE('',*,*,#686,.F.);
#686 = EDGE_CURVE('',#663,#679,#687,.T.);
#687 = LINE('',#688,#689);
#688 = CARTESIAN_POINT('',(5.,2.,0.));
#689 = VECTOR('',#690,1.);
#690 = DIRECTION('',(0.,-1.,0.));
#691 = FACE_BOUND('',#692,.T.);
#692 = EDGE_LOOP('',(#693,#703,#711,#719));
#693 = ORIENTED_EDGE('',*,*,#694,.F.);
#694 = EDGE_CURVE('',#695,#697,#699,.T.);
#695 = VERTEX_POINT('',#696);
#696 = CARTESIAN_POINT('',(-17.,10.8,0.));
#697 = VERTEX_POINT('',#698);
#698 = CARTESIAN_POINT('',(-17.,5.2,0.));
#699 = LINE('',#700,#701);
#700 = CARTESIAN_POINT('',(-17.,2.6,0.));
#701 = VECTOR('',#702,1.);
#702 = DIRECTION('',(0.,-1.,0.));
#703 = ORIENTED_EDGE('',*,*,#704,.T.);
#704 = EDGE_CURVE('',#695,#705,#707,.T.);
#705 = VERTEX_POINT('',#706);
#706 = CARTESIAN_POINT('',(-18.,10.8,0.));
#707 = LINE('',#708,#709);
#708 = CARTESIAN_POINT('',(-8.5,10.8,0.));
#709 = VECTOR('',#710,1.);
#710 = DIRECTION('',(-1.,0.,0.));
#711 = ORIENTED_EDGE('',*,*,#712,.T.);
#712 = EDGE_CURVE('',#705,#713,#715,.T.);
#713 = VERTEX_POINT('',#714);
#714 = CARTESIAN_POINT('',(-18.,5.2,0.));
#715 = LINE('',#716,#717);
#716 = CARTESIAN_POINT('',(-18.,2.6,0.));
#717 = VECTOR('',#718,1.);
#718 = DIRECTION('',(0.,-1.,0.));
#719 = ORIENTED_EDGE('',*,*,#720,.F.);
#720 = EDGE_CURVE('',#697,#713,#721,.T.);
#721 = LINE('',#722,#723);
#722 = CARTESIAN_POINT('',(-8.5,5.2,0.));
#723 = VECTOR('',#724,1.);
#724 = DIRECTION('',(-1.,0.,0.));
#725 = FACE_BOUND('',#726,.T.);
#726 = EDGE_LOOP('',(#727,#737,#745,#753));
#727 = ORIENTED_EDGE('',*,*,#728,.F.);
#728 = EDGE_CURVE('',#729,#731,#733,.T.);
#729 = VERTEX_POINT('',#730);
#730 = CARTESIAN_POINT('',(-5.,12.,0.));
#731 = VERTEX_POINT('',#732);
#732 = CARTESIAN_POINT('',(5.,12.,0.));
#733 = LINE('',#734,#735);
#734 = CARTESIAN_POINT('',(-2.5,12.,0.));
#735 = VECTOR('',#736,1.);
#736 = DIRECTION('',(1.,0.,-0.));
#737 = ORIENTED_EDGE('',*,*,#738,.T.);
#738 = EDGE_CURVE('',#729,#739,#741,.T.);
#739 = VERTEX_POINT('',#740);
#740 = CARTESIAN_POINT('',(-5.,10.,0.));
#741 = LINE('',#742,#743);
#742 = CARTESIAN_POINT('',(-5.,5.,0.));
#743 = VECTOR('',#744,1.);
#744 = DIRECTION('',(0.,-1.,0.));
#745 = ORIENTED_EDGE('',*,*,#746,.T.);
#746 = EDGE_CURVE('',#739,#747,#749,.T.);
#747 = VERTEX_POINT('',#748);
#748 = CARTESIAN_POINT('',(5.,10.,0.));
#749 = LINE('',#750,#751);
#750 = CARTESIAN_POINT('',(-2.5,10.,0.));
#751 = VECTOR('',#752,1.);
#752 = DIRECTION('',(1.,0.,-0.));
#753 = ORIENTED_EDGE('',*,*,#754,.F.);
#754 = EDGE_CURVE('',#731,#747,#755,.T.);
#755 = LINE('',#756,#757);
#756 = CARTESIAN_POINT('',(5.,5.,0.));
#757 = VECTOR('',#758,1.);
#758 = DIRECTION('',(0.,-1.,0.));
#759 = FACE_BOUND('',#760,.T.);
#760 = EDGE_LOOP('',(#761));
#761 = ORIENTED_EDGE('',*,*,#762,.T.);
#762 = EDGE_CURVE('',#763,#763,#765,.T.);
#763 = VERTEX_POINT('',#764);
#764 = CARTESIAN_POINT('',(-8.9,19.5,0.));
#765 = CIRCLE('',#766,2.1);
#766 = AXIS2_PLACEMENT_3D('',#767,#768,#769);
#767 = CARTESIAN_POINT('',(-11.,19.5,0.));
#768 = DIRECTION('',(0.,0.,1.));
#769 = DIRECTION('',(1.,0.,-0.));
#770 = PLANE('',#771);
#771 = AXIS2_PLACEMENT_3D('',#772,#773,#774);
#772 = CARTESIAN_POINT('',(0.,-2.431046290648E-15,0.));
#773 = DIRECTION('',(-0.,-0.,-1.));
#774 = DIRECTION('',(-1.,0.,0.));
#775 = ADVANCED_FACE('',(#776),#787,.F.);
#776 = FACE_BOUND('',#777,.F.);
#777 = EDGE_LOOP('',(#778,#779,#780,#786));
#778 = ORIENTED_EDGE('',*,*,#32,.F.);
#779 = ORIENTED_EDGE('',*,*,#405,.T.);
#780 = ORIENTED_EDGE('',*,*,#781,.T.);
#781 = EDGE_CURVE('',#406,#64,#782,.T.);
#782 = LINE('',#783,#784);
#783 = CARTESIAN_POINT('',(-21.,23.,0.));
#784 = VECTOR('',#785,1.);
#785 = DIRECTION('',(0.,0.,1.));
#786 = ORIENTED_EDGE('',*,*,#63,.F.);
#787 = PLANE('',#788);
#788 = AXIS2_PLACEMENT_3D('',#789,#790,#791);
#789 = CARTESIAN_POINT('',(-21.,-23.,0.));
#790 = DIRECTION('',(1.,0.,-0.));
#791 = DIRECTION('',(0.,0.,1.));
#792 = ADVANCED_FACE('',(#793),#804,.T.);
#793 = FACE_BOUND('',#794,.T.);
#794 = EDGE_LOOP('',(#795,#796,#802,#803));
#795 = ORIENTED_EDGE('',*,*,#342,.F.);
#796 = ORIENTED_EDGE('',*,*,#797,.F.);
#797 = EDGE_CURVE('',#414,#335,#798,.T.);
#798 = LINE('',#799,#800);
#799 = CARTESIAN_POINT('',(-16.,28.,0.));
#800 = VECTOR('',#801,1.);
#801 = DIRECTION('',(0.,0.,1.));
#802 = ORIENTED_EDGE('',*,*,#413,.T.);
#803 = ORIENTED_EDGE('',*,*,#781,.T.);
#804 = CYLINDRICAL_SURFACE('',#805,5.);
#805 = AXIS2_PLACEMENT_3D('',#806,#807,#808);
#806 = CARTESIAN_POINT('',(-16.,23.,0.));
#807 = DIRECTION('',(0.,0.,1.));
#808 = DIRECTION('',(1.,0.,-0.));
#809 = ADVANCED_FACE('',(#810),#821,.T.);
#810 = FACE_BOUND('',#811,.T.);
#811 = EDGE_LOOP('',(#812,#813,#814,#815));
#812 = ORIENTED_EDGE('',*,*,#422,.F.);
#813 = ORIENTED_EDGE('',*,*,#797,.T.);
#814 = ORIENTED_EDGE('',*,*,#334,.T.);
#815 = ORIENTED_EDGE('',*,*,#816,.F.);
#816 = EDGE_CURVE('',#423,#326,#817,.T.);
#817 = LINE('',#818,#819);
#818 = CARTESIAN_POINT('',(16.,28.,0.));
#819 = VECTOR('',#820,1.);
#820 = DIRECTION('',(0.,0.,1.));
#821 = PLANE('',#822);
#822 = AXIS2_PLACEMENT_3D('',#823,#824,#825);
#823 = CARTESIAN_POINT('',(-16.,28.,0.));
#824 = DIRECTION('',(-0.,1.,0.));
#825 = DIRECTION('',(0.,0.,1.));
#826 = ADVANCED_FACE('',(#827),#838,.T.);
#827 = FACE_BOUND('',#828,.T.);
#828 = EDGE_LOOP('',(#829,#830,#836,#837));
#829 = ORIENTED_EDGE('',*,*,#325,.F.);
#830 = ORIENTED_EDGE('',*,*,#831,.F.);
#831 = EDGE_CURVE('',#431,#318,#832,.T.);
#832 = LINE('',#833,#834);
#833 = CARTESIAN_POINT('',(21.,23.,0.));
#834 = VECTOR('',#835,1.);
#835 = DIRECTION('',(0.,0.,1.));
#836 = ORIENTED_EDGE('',*,*,#430,.T.);
#837 = ORIENTED_EDGE('',*,*,#816,.T.);
#838 = CYLINDRICAL_SURFACE('',#839,5.);
#839 = AXIS2_PLACEMENT_3D('',#840,#841,#842);
#840 = CARTESIAN_POINT('',(16.,23.,0.));
#841 = DIRECTION('',(0.,0.,1.));
#842 = DIRECTION('',(1.,0.,-0.));
#843 = ADVANCED_FACE('',(#844),#855,.T.);
#844 = FACE_BOUND('',#845,.T.);
#845 = EDGE_LOOP('',(#846,#852,#853,#854));
#846 = ORIENTED_EDGE('',*,*,#847,.F.);
#847 = EDGE_CURVE('',#440,#309,#848,.T.);
#848 = LINE('',#849,#850);
#849 = CARTESIAN_POINT('',(21.,-23.,0.));
#850 = VECTOR('',#851,1.);
#851 = DIRECTION('',(0.,0.,1.));
#852 = ORIENTED_EDGE('',*,*,#439,.T.);
#853 = ORIENTED_EDGE('',*,*,#831,.T.);
#854 = ORIENTED_EDGE('',*,*,#317,.F.);
#855 = PLANE('',#856);
#856 = AXIS2_PLACEMENT_3D('',#857,#858,#859);
#857 = CARTESIAN_POINT('',(21.,-23.,0.));
#858 = DIRECTION('',(1.,0.,-0.));
#859 = DIRECTION('',(0.,0.,1.));
#860 = ADVANCED_FACE('',(#861),#867,.T.);
#861 = FACE_BOUND('',#862,.T.);
#862 = EDGE_LOOP('',(#863,#864,#865,#866));
#863 = ORIENTED_EDGE('',*,*,#308,.F.);
#864 = ORIENTED_EDGE('',*,*,#390,.F.);
#865 = ORIENTED_EDGE('',*,*,#447,.T.);
#866 = ORIENTED_EDGE('',*,*,#847,.T.);
#867 = CYLINDRICAL_SURFACE('',#868,5.);
#868 = AXIS2_PLACEMENT_3D('',#869,#870,#871);
#869 = CARTESIAN_POINT('',(16.,-23.,0.));
#870 = DIRECTION('',(0.,0.,1.));
#871 = DIRECTION('',(1.,0.,-0.));
#872 = ADVANCED_FACE('',(#873),#907,.F.);
#873 = FACE_BOUND('',#874,.F.);
#874 = EDGE_LOOP('',(#875,#876,#884,#892,#900,#906));
#875 = ORIENTED_EDGE('',*,*,#383,.T.);
#876 = ORIENTED_EDGE('',*,*,#877,.T.);
#877 = EDGE_CURVE('',#376,#878,#880,.T.);
#878 = VERTEX_POINT('',#879);
#879 = CARTESIAN_POINT('',(6.5,-22.5,3.6));
#880 = LINE('',#881,#882);
#881 = CARTESIAN_POINT('',(6.5,-29.,3.6));
#882 = VECTOR('',#883,1.);
#883 = DIRECTION('',(-0.,1.,0.));
#884 = ORIENTED_EDGE('',*,*,#885,.F.);
#885 = EDGE_CURVE('',#886,#878,#888,.T.);
#886 = VERTEX_POINT('',#887);
#887 = CARTESIAN_POINT('',(6.5,-22.5,12.3));
#888 = LINE('',#889,#890);
#889 = CARTESIAN_POINT('',(6.5,-22.5,3.2));
#890 = VECTOR('',#891,1.);
#891 = DIRECTION('',(-0.,0.,-1.));
#892 = ORIENTED_EDGE('',*,*,#893,.F.);
#893 = EDGE_CURVE('',#894,#886,#896,.T.);
#894 = VERTEX_POINT('',#895);
#895 = CARTESIAN_POINT('',(6.5,-26.,12.3));
#896 = LINE('',#897,#898);
#897 = CARTESIAN_POINT('',(6.5,-14.5,12.3));
#898 = VECTOR('',#899,1.);
#899 = DIRECTION('',(-0.,1.,0.));
#900 = ORIENTED_EDGE('',*,*,#901,.T.);
#901 = EDGE_CURVE('',#894,#285,#902,.T.);
#902 = LINE('',#903,#904);
#903 = CARTESIAN_POINT('',(6.5,-26.,6.5));
#904 = VECTOR('',#905,1.);
#905 = DIRECTION('',(-0.,0.,-1.));
#906 = ORIENTED_EDGE('',*,*,#292,.F.);
#907 = PLANE('',#908);
#908 = AXIS2_PLACEMENT_3D('',#909,#910,#911);
#909 = CARTESIAN_POINT('',(6.5,-29.,3.6));
#910 = DIRECTION('',(1.,0.,-0.));
#911 = DIRECTION('',(0.,0.,1.));
#912 = ADVANCED_FACE('',(#913),#931,.F.);
#913 = FACE_BOUND('',#914,.F.);
#914 = EDGE_LOOP('',(#915,#923,#924,#925));
#915 = ORIENTED_EDGE('',*,*,#916,.F.);
#916 = EDGE_CURVE('',#276,#917,#919,.T.);
#917 = VERTEX_POINT('',#918);
#918 = CARTESIAN_POINT('',(16.,-26.,12.3));
#919 = LINE('',#920,#921);
#920 = CARTESIAN_POINT('',(16.,-26.,9.4));
#921 = VECTOR('',#922,1.);
#922 = DIRECTION('',(0.,0.,1.));
#923 = ORIENTED_EDGE('',*,*,#284,.T.);
#924 = ORIENTED_EDGE('',*,*,#901,.F.);
#925 = ORIENTED_EDGE('',*,*,#926,.T.);
#926 = EDGE_CURVE('',#894,#917,#927,.T.);
#927 = LINE('',#928,#929);
#928 = CARTESIAN_POINT('',(-16.,-26.,12.3));
#929 = VECTOR('',#930,1.);
#930 = DIRECTION('',(1.,0.,-0.));
#931 = PLANE('',#932);
#932 = AXIS2_PLACEMENT_3D('',#933,#934,#935);
#933 = CARTESIAN_POINT('',(-16.,-26.,9.4));
#934 = DIRECTION('',(-0.,1.,0.));
#935 = DIRECTION('',(0.,0.,1.));
#936 = ADVANCED_FACE('',(#937),#956,.T.);
#937 = FACE_BOUND('',#938,.T.);
#938 = EDGE_LOOP('',(#939,#948,#949,#950));
#939 = ORIENTED_EDGE('',*,*,#940,.F.);
#940 = EDGE_CURVE('',#917,#941,#943,.T.);
#941 = VERTEX_POINT('',#942);
#942 = CARTESIAN_POINT('',(19.,-23.,12.3));
#943 = CIRCLE('',#944,3.);
#944 = AXIS2_PLACEMENT_3D('',#945,#946,#947);
#945 = CARTESIAN_POINT('',(16.,-23.,12.3));
#946 = DIRECTION('',(0.,0.,1.));
#947 = DIRECTION('',(1.,0.,-0.));
#948 = ORIENTED_EDGE('',*,*,#916,.F.);
#949 = ORIENTED_EDGE('',*,*,#275,.T.);
#950 = ORIENTED_EDGE('',*,*,#951,.T.);
#951 = EDGE_CURVE('',#268,#941,#952,.T.);
#952 = LINE('',#953,#954);
#953 = CARTESIAN_POINT('',(19.,-23.,9.4));
#954 = VECTOR('',#955,1.);
#955 = DIRECTION('',(0.,0.,1.));
#956 = CYLINDRICAL_SURFACE('',#957,3.);
#957 = AXIS2_PLACEMENT_3D('',#958,#959,#960);
#958 = CARTESIAN_POINT('',(16.,-23.,9.4));
#959 = DIRECTION('',(0.,0.,1.));
#960 = DIRECTION('',(1.,0.,-0.));
#961 = ADVANCED_FACE('',(#962),#980,.T.);
#962 = FACE_BOUND('',#963,.T.);
#963 = EDGE_LOOP('',(#964,#965,#966,#974));
#964 = ORIENTED_EDGE('',*,*,#951,.F.);
#965 = ORIENTED_EDGE('',*,*,#267,.T.);
#966 = ORIENTED_EDGE('',*,*,#967,.T.);
#967 = EDGE_CURVE('',#260,#968,#970,.T.);
#968 = VERTEX_POINT('',#969);
#969 = CARTESIAN_POINT('',(19.,-10.8,12.3));
#970 = LINE('',#971,#972);
#971 = CARTESIAN_POINT('',(19.,-10.8,6.1));
#972 = VECTOR('',#973,1.);
#973 = DIRECTION('',(0.,0.,1.));
#974 = ORIENTED_EDGE('',*,*,#975,.F.);
#975 = EDGE_CURVE('',#941,#968,#976,.T.);
#976 = LINE('',#977,#978);
#977 = CARTESIAN_POINT('',(19.,-23.,12.3));
#978 = VECTOR('',#979,1.);
#979 = DIRECTION('',(-0.,1.,0.));
#980 = PLANE('',#981);
#981 = AXIS2_PLACEMENT_3D('',#982,#983,#984);
#982 = CARTESIAN_POINT('',(19.,-23.,9.4));
#983 = DIRECTION('',(1.,0.,-0.));
#984 = DIRECTION('',(0.,0.,1.));
#985 = ADVANCED_FACE('',(#986),#1011,.F.);
#986 = FACE_BOUND('',#987,.F.);
#987 = EDGE_LOOP('',(#988,#996,#1004,#1010));
#988 = ORIENTED_EDGE('',*,*,#989,.F.);
#989 = EDGE_CURVE('',#990,#252,#992,.T.);
#990 = VERTEX_POINT('',#991);
#991 = CARTESIAN_POINT('',(20.,-10.8,2.8));
#992 = LINE('',#993,#994);
#993 = CARTESIAN_POINT('',(20.,-10.8,2.8));
#994 = VECTOR('',#995,1.);
#995 = DIRECTION('',(0.,0.,1.));
#996 = ORIENTED_EDGE('',*,*,#997,.T.);
#997 = EDGE_CURVE('',#990,#998,#1000,.T.);
#998 = VERTEX_POINT('',#999);
#999 = CARTESIAN_POINT('',(20.,-5.2,2.8));
#1000 = LINE('',#1001,#1002);
#1001 = CARTESIAN_POINT('',(20.,-10.8,2.8));
#1002 = VECTOR('',#1003,1.);
#1003 = DIRECTION('',(-0.,1.,0.));
#1004 = ORIENTED_EDGE('',*,*,#1005,.T.);
#1005 = EDGE_CURVE('',#998,#244,#1006,.T.);
#1006 = LINE('',#1007,#1008);
#1007 = CARTESIAN_POINT('',(20.,-5.2,2.8));
#1008 = VECTOR('',#1009,1.);
#1009 = DIRECTION('',(0.,0.,1.));
#1010 = ORIENTED_EDGE('',*,*,#251,.F.);
#1011 = PLANE('',#1012);
#1012 = AXIS2_PLACEMENT_3D('',#1013,#1014,#1015);
#1013 = CARTESIAN_POINT('',(20.,-10.8,2.8));
#1014 = DIRECTION('',(1.,0.,-0.));
#1015 = DIRECTION('',(0.,0.,1.));
#1016 = ADVANCED_FACE('',(#1017),#1042,.T.);
#1017 = FACE_BOUND('',#1018,.T.);
#1018 = EDGE_LOOP('',(#1019,#1027,#1028,#1036));
#1019 = ORIENTED_EDGE('',*,*,#1020,.F.);
#1020 = EDGE_CURVE('',#236,#1021,#1023,.T.);
#1021 = VERTEX_POINT('',#1022);
#1022 = CARTESIAN_POINT('',(19.,-5.2,12.3));
#1023 = LINE('',#1024,#1025);
#1024 = CARTESIAN_POINT('',(19.,-5.2,6.1));
#1025 = VECTOR('',#1026,1.);
#1026 = DIRECTION('',(0.,0.,1.));
#1027 = ORIENTED_EDGE('',*,*,#235,.T.);
#1028 = ORIENTED_EDGE('',*,*,#1029,.T.);
#1029 = EDGE_CURVE('',#228,#1030,#1032,.T.);
#1030 = VERTEX_POINT('',#1031);
#1031 = CARTESIAN_POINT('',(19.,5.2,12.3));
#1032 = LINE('',#1033,#1034);
#1033 = CARTESIAN_POINT('',(19.,5.2,6.1));
#1034 = VECTOR('',#1035,1.);
#1035 = DIRECTION('',(0.,0.,1.));
#1036 = ORIENTED_EDGE('',*,*,#1037,.F.);
#1037 = EDGE_CURVE('',#1021,#1030,#1038,.T.);
#1038 = LINE('',#1039,#1040);
#1039 = CARTESIAN_POINT('',(19.,-23.,12.3));
#1040 = VECTOR('',#1041,1.);
#1041 = DIRECTION('',(-0.,1.,0.));
#1042 = PLANE('',#1043);
#1043 = AXIS2_PLACEMENT_3D('',#1044,#1045,#1046);
#1044 = CARTESIAN_POINT('',(19.,-23.,9.4));
#1045 = DIRECTION('',(1.,0.,-0.));
#1046 = DIRECTION('',(0.,0.,1.));
#1047 = ADVANCED_FACE('',(#1048),#1073,.F.);
#1048 = FACE_BOUND('',#1049,.F.);
#1049 = EDGE_LOOP('',(#1050,#1058,#1066,#1072));
#1050 = ORIENTED_EDGE('',*,*,#1051,.F.);
#1051 = EDGE_CURVE('',#1052,#220,#1054,.T.);
#1052 = VERTEX_POINT('',#1053);
#1053 = CARTESIAN_POINT('',(20.,5.2,2.8));
#1054 = LINE('',#1055,#1056);
#1055 = CARTESIAN_POINT('',(20.,5.2,2.8));
#1056 = VECTOR('',#1057,1.);
#1057 = DIRECTION('',(0.,0.,1.));
#1058 = ORIENTED_EDGE('',*,*,#1059,.T.);
#1059 = EDGE_CURVE('',#1052,#1060,#1062,.T.);
#1060 = VERTEX_POINT('',#1061);
#1061 = CARTESIAN_POINT('',(20.,10.8,2.8));
#1062 = LINE('',#1063,#1064);
#1063 = CARTESIAN_POINT('',(20.,5.2,2.8));
#1064 = VECTOR('',#1065,1.);
#1065 = DIRECTION('',(-0.,1.,0.));
#1066 = ORIENTED_EDGE('',*,*,#1067,.T.);
#1067 = EDGE_CURVE('',#1060,#212,#1068,.T.);
#1068 = LINE('',#1069,#1070);
#1069 = CARTESIAN_POINT('',(20.,10.8,2.8));
#1070 = VECTOR('',#1071,1.);
#1071 = DIRECTION('',(0.,0.,1.));
#1072 = ORIENTED_EDGE('',*,*,#219,.F.);
#1073 = PLANE('',#1074);
#1074 = AXIS2_PLACEMENT_3D('',#1075,#1076,#1077);
#1075 = CARTESIAN_POINT('',(20.,5.2,2.8));
#1076 = DIRECTION('',(1.,0.,-0.));
#1077 = DIRECTION('',(0.,0.,1.));
#1078 = ADVANCED_FACE('',(#1079),#1104,.T.);
#1079 = FACE_BOUND('',#1080,.T.);
#1080 = EDGE_LOOP('',(#1081,#1089,#1090,#1098));
#1081 = ORIENTED_EDGE('',*,*,#1082,.F.);
#1082 = EDGE_CURVE('',#204,#1083,#1085,.T.);
#1083 = VERTEX_POINT('',#1084);
#1084 = CARTESIAN_POINT('',(19.,10.8,12.3));
#1085 = LINE('',#1086,#1087);
#1086 = CARTESIAN_POINT('',(19.,10.8,6.1));
#1087 = VECTOR('',#1088,1.);
#1088 = DIRECTION('',(0.,0.,1.));
#1089 = ORIENTED_EDGE('',*,*,#203,.T.);
#1090 = ORIENTED_EDGE('',*,*,#1091,.T.);
#1091 = EDGE_CURVE('',#195,#1092,#1094,.T.);
#1092 = VERTEX_POINT('',#1093);
#1093 = CARTESIAN_POINT('',(19.,23.,12.3));
#1094 = LINE('',#1095,#1096);
#1095 = CARTESIAN_POINT('',(19.,23.,9.4));
#1096 = VECTOR('',#1097,1.);
#1097 = DIRECTION('',(0.,0.,1.));
#1098 = ORIENTED_EDGE('',*,*,#1099,.F.);
#1099 = EDGE_CURVE('',#1083,#1092,#1100,.T.);
#1100 = LINE('',#1101,#1102);
#1101 = CARTESIAN_POINT('',(19.,-23.,12.3));
#1102 = VECTOR('',#1103,1.);
#1103 = DIRECTION('',(-0.,1.,0.));
#1104 = PLANE('',#1105);
#1105 = AXIS2_PLACEMENT_3D('',#1106,#1107,#1108);
#1106 = CARTESIAN_POINT('',(19.,-23.,9.4));
#1107 = DIRECTION('',(1.,0.,-0.));
#1108 = DIRECTION('',(0.,0.,1.));
#1109 = ADVANCED_FACE('',(#1110),#1129,.T.);
#1110 = FACE_BOUND('',#1111,.T.);
#1111 = EDGE_LOOP('',(#1112,#1121,#1122,#1123));
#1112 = ORIENTED_EDGE('',*,*,#1113,.F.);
#1113 = EDGE_CURVE('',#1092,#1114,#1116,.T.);
#1114 = VERTEX_POINT('',#1115);
#1115 = CARTESIAN_POINT('',(16.,26.,12.3));
#1116 = CIRCLE('',#1117,3.);
#1117 = AXIS2_PLACEMENT_3D('',#1118,#1119,#1120);
#1118 = CARTESIAN_POINT('',(16.,23.,12.3));
#1119 = DIRECTION('',(0.,0.,1.));
#1120 = DIRECTION('',(1.,0.,-0.));
#1121 = ORIENTED_EDGE('',*,*,#1091,.F.);
#1122 = ORIENTED_EDGE('',*,*,#194,.T.);
#1123 = ORIENTED_EDGE('',*,*,#1124,.T.);
#1124 = EDGE_CURVE('',#187,#1114,#1125,.T.);
#1125 = LINE('',#1126,#1127);
#1126 = CARTESIAN_POINT('',(16.,26.,9.4));
#1127 = VECTOR('',#1128,1.);
#1128 = DIRECTION('',(0.,0.,1.));
#1129 = CYLINDRICAL_SURFACE('',#1130,3.);
#1130 = AXIS2_PLACEMENT_3D('',#1131,#1132,#1133);
#1131 = CARTESIAN_POINT('',(16.,23.,9.4));
#1132 = DIRECTION('',(0.,0.,1.));
#1133 = DIRECTION('',(1.,0.,-0.));
#1134 = ADVANCED_FACE('',(#1135),#1153,.T.);
#1135 = FACE_BOUND('',#1136,.T.);
#1136 = EDGE_LOOP('',(#1137,#1138,#1146,#1152));
#1137 = ORIENTED_EDGE('',*,*,#186,.T.);
#1138 = ORIENTED_EDGE('',*,*,#1139,.T.);
#1139 = EDGE_CURVE('',#178,#1140,#1142,.T.);
#1140 = VERTEX_POINT('',#1141);
#1141 = CARTESIAN_POINT('',(-16.,26.,12.3));
#1142 = LINE('',#1143,#1144);
#1143 = CARTESIAN_POINT('',(-16.,26.,9.4));
#1144 = VECTOR('',#1145,1.);
#1145 = DIRECTION('',(0.,0.,1.));
#1146 = ORIENTED_EDGE('',*,*,#1147,.T.);
#1147 = EDGE_CURVE('',#1140,#1114,#1148,.T.);
#1148 = LINE('',#1149,#1150);
#1149 = CARTESIAN_POINT('',(-16.,26.,12.3));
#1150 = VECTOR('',#1151,1.);
#1151 = DIRECTION('',(1.,0.,-0.));
#1152 = ORIENTED_EDGE('',*,*,#1124,.F.);
#1153 = PLANE('',#1154);
#1154 = AXIS2_PLACEMENT_3D('',#1155,#1156,#1157);
#1155 = CARTESIAN_POINT('',(-16.,26.,9.4));
#1156 = DIRECTION('',(-0.,1.,0.));
#1157 = DIRECTION('',(0.,0.,1.));
#1158 = ADVANCED_FACE('',(#1159),#1178,.T.);
#1159 = FACE_BOUND('',#1160,.T.);
#1160 = EDGE_LOOP('',(#1161,#1170,#1171,#1172));
#1161 = ORIENTED_EDGE('',*,*,#1162,.F.);
#1162 = EDGE_CURVE('',#1140,#1163,#1165,.T.);
#1163 = VERTEX_POINT('',#1164);
#1164 = CARTESIAN_POINT('',(-19.,23.,12.3));
#1165 = CIRCLE('',#1166,3.);
#1166 = AXIS2_PLACEMENT_3D('',#1167,#1168,#1169);
#1167 = CARTESIAN_POINT('',(-16.,23.,12.3));
#1168 = DIRECTION('',(0.,0.,1.));
#1169 = DIRECTION('',(1.,0.,-0.));
#1170 = ORIENTED_EDGE('',*,*,#1139,.F.);
#1171 = ORIENTED_EDGE('',*,*,#177,.T.);
#1172 = ORIENTED_EDGE('',*,*,#1173,.T.);
#1173 = EDGE_CURVE('',#170,#1163,#1174,.T.);
#1174 = LINE('',#1175,#1176);
#1175 = CARTESIAN_POINT('',(-19.,23.,9.4));
#1176 = VECTOR('',#1177,1.);
#1177 = DIRECTION('',(0.,0.,1.));
#1178 = CYLINDRICAL_SURFACE('',#1179,3.);
#1179 = AXIS2_PLACEMENT_3D('',#1180,#1181,#1182);
#1180 = CARTESIAN_POINT('',(-16.,23.,9.4));
#1181 = DIRECTION('',(0.,0.,1.));
#1182 = DIRECTION('',(1.,0.,-0.));
#1183 = ADVANCED_FACE('',(#1184),#1202,.F.);
#1184 = FACE_BOUND('',#1185,.F.);
#1185 = EDGE_LOOP('',(#1186,#1194,#1200,#1201));
#1186 = ORIENTED_EDGE('',*,*,#1187,.F.);
#1187 = EDGE_CURVE('',#1188,#1163,#1190,.T.);
#1188 = VERTEX_POINT('',#1189);
#1189 = CARTESIAN_POINT('',(-19.,10.8,12.3));
#1190 = LINE('',#1191,#1192);
#1191 = CARTESIAN_POINT('',(-19.,-23.,12.3));
#1192 = VECTOR('',#1193,1.);
#1193 = DIRECTION('',(-0.,1.,0.));
#1194 = ORIENTED_EDGE('',*,*,#1195,.T.);
#1195 = EDGE_CURVE('',#1188,#162,#1196,.T.);
#1196 = LINE('',#1197,#1198);
#1197 = CARTESIAN_POINT('',(-19.,10.8,6.1));
#1198 = VECTOR('',#1199,1.);
#1199 = DIRECTION('',(0.,-0.,-1.));
#1200 = ORIENTED_EDGE('',*,*,#169,.T.);
#1201 = ORIENTED_EDGE('',*,*,#1173,.T.);
#1202 = PLANE('',#1203);
#1203 = AXIS2_PLACEMENT_3D('',#1204,#1205,#1206);
#1204 = CARTESIAN_POINT('',(-19.,-23.,9.4));
#1205 = DIRECTION('',(1.,0.,-0.));
#1206 = DIRECTION('',(0.,0.,1.));
#1207 = ADVANCED_FACE('',(#1208),#1233,.F.);
#1208 = FACE_BOUND('',#1209,.T.);
#1209 = EDGE_LOOP('',(#1210,#1218,#1226,#1232));
#1210 = ORIENTED_EDGE('',*,*,#1211,.F.);
#1211 = EDGE_CURVE('',#1212,#146,#1214,.T.);
#1212 = VERTEX_POINT('',#1213);
#1213 = CARTESIAN_POINT('',(-20.,5.2,2.8));
#1214 = LINE('',#1215,#1216);
#1215 = CARTESIAN_POINT('',(-20.,5.2,2.8));
#1216 = VECTOR('',#1217,1.);
#1217 = DIRECTION('',(-0.,-0.,1.));
#1218 = ORIENTED_EDGE('',*,*,#1219,.T.);
#1219 = EDGE_CURVE('',#1212,#1220,#1222,.T.);
#1220 = VERTEX_POINT('',#1221);
#1221 = CARTESIAN_POINT('',(-20.,10.8,2.8));
#1222 = LINE('',#1223,#1224);
#1223 = CARTESIAN_POINT('',(-20.,5.2,2.8));
#1224 = VECTOR('',#1225,1.);
#1225 = DIRECTION('',(-0.,1.,-0.));
#1226 = ORIENTED_EDGE('',*,*,#1227,.T.);
#1227 = EDGE_CURVE('',#1220,#154,#1228,.T.);
#1228 = LINE('',#1229,#1230);
#1229 = CARTESIAN_POINT('',(-20.,10.8,2.8));
#1230 = VECTOR('',#1231,1.);
#1231 = DIRECTION('',(-0.,-0.,1.));
#1232 = ORIENTED_EDGE('',*,*,#153,.F.);
#1233 = PLANE('',#1234);
#1234 = AXIS2_PLACEMENT_3D('',#1235,#1236,#1237);
#1235 = CARTESIAN_POINT('',(-20.,5.2,2.8));
#1236 = DIRECTION('',(-1.,-0.,-0.));
#1237 = DIRECTION('',(0.,0.,-1.));
#1238 = ADVANCED_FACE('',(#1239),#1264,.F.);
#1239 = FACE_BOUND('',#1240,.F.);
#1240 = EDGE_LOOP('',(#1241,#1251,#1257,#1258));
#1241 = ORIENTED_EDGE('',*,*,#1242,.F.);
#1242 = EDGE_CURVE('',#1243,#1245,#1247,.T.);
#1243 = VERTEX_POINT('',#1244);
#1244 = CARTESIAN_POINT('',(-19.,-5.2,12.3));
#1245 = VERTEX_POINT('',#1246);
#1246 = CARTESIAN_POINT('',(-19.,5.2,12.3));
#1247 = LINE('',#1248,#1249);
#1248 = CARTESIAN_POINT('',(-19.,-23.,12.3));
#1249 = VECTOR('',#1250,1.);
#1250 = DIRECTION('',(-0.,1.,0.));
#1251 = ORIENTED_EDGE('',*,*,#1252,.T.);
#1252 = EDGE_CURVE('',#1243,#130,#1253,.T.);
#1253 = LINE('',#1254,#1255);
#1254 = CARTESIAN_POINT('',(-19.,-5.2,6.1));
#1255 = VECTOR('',#1256,1.);
#1256 = DIRECTION('',(0.,-0.,-1.));
#1257 = ORIENTED_EDGE('',*,*,#137,.T.);
#1258 = ORIENTED_EDGE('',*,*,#1259,.F.);
#1259 = EDGE_CURVE('',#1245,#138,#1260,.T.);
#1260 = LINE('',#1261,#1262);
#1261 = CARTESIAN_POINT('',(-19.,5.2,6.1));
#1262 = VECTOR('',#1263,1.);
#1263 = DIRECTION('',(0.,-0.,-1.));
#1264 = PLANE('',#1265);
#1265 = AXIS2_PLACEMENT_3D('',#1266,#1267,#1268);
#1266 = CARTESIAN_POINT('',(-19.,-23.,9.4));
#1267 = DIRECTION('',(1.,0.,-0.));
#1268 = DIRECTION('',(0.,0.,1.));
#1269 = ADVANCED_FACE('',(#1270),#1295,.F.);
#1270 = FACE_BOUND('',#1271,.T.);
#1271 = EDGE_LOOP('',(#1272,#1280,#1288,#1294));
#1272 = ORIENTED_EDGE('',*,*,#1273,.F.);
#1273 = EDGE_CURVE('',#1274,#114,#1276,.T.);
#1274 = VERTEX_POINT('',#1275);
#1275 = CARTESIAN_POINT('',(-20.,-10.8,2.8));
#1276 = LINE('',#1277,#1278);
#1277 = CARTESIAN_POINT('',(-20.,-10.8,2.8));
#1278 = VECTOR('',#1279,1.);
#1279 = DIRECTION('',(-0.,-0.,1.));
#1280 = ORIENTED_EDGE('',*,*,#1281,.T.);
#1281 = EDGE_CURVE('',#1274,#1282,#1284,.T.);
#1282 = VERTEX_POINT('',#1283);
#1283 = CARTESIAN_POINT('',(-20.,-5.2,2.8));
#1284 = LINE('',#1285,#1286);
#1285 = CARTESIAN_POINT('',(-20.,-10.8,2.8));
#1286 = VECTOR('',#1287,1.);
#1287 = DIRECTION('',(-0.,1.,-0.));
#1288 = ORIENTED_EDGE('',*,*,#1289,.T.);
#1289 = EDGE_CURVE('',#1282,#122,#1290,.T.);
#1290 = LINE('',#1291,#1292);
#1291 = CARTESIAN_POINT('',(-20.,-5.2,2.8));
#1292 = VECTOR('',#1293,1.);
#1293 = DIRECTION('',(-0.,-0.,1.));
#1294 = ORIENTED_EDGE('',*,*,#121,.F.);
#1295 = PLANE('',#1296);
#1296 = AXIS2_PLACEMENT_3D('',#1297,#1298,#1299);
#1297 = CARTESIAN_POINT('',(-20.,-10.8,2.8));
#1298 = DIRECTION('',(-1.,-0.,-0.));
#1299 = DIRECTION('',(0.,0.,-1.));
#1300 = ADVANCED_FACE('',(#1301),#1326,.F.);
#1301 = FACE_BOUND('',#1302,.F.);
#1302 = EDGE_LOOP('',(#1303,#1311,#1312,#1320));
#1303 = ORIENTED_EDGE('',*,*,#1304,.F.);
#1304 = EDGE_CURVE('',#97,#1305,#1307,.T.);
#1305 = VERTEX_POINT('',#1306);
#1306 = CARTESIAN_POINT('',(-19.,-23.,12.3));
#1307 = LINE('',#1308,#1309);
#1308 = CARTESIAN_POINT('',(-19.,-23.,9.4));
#1309 = VECTOR('',#1310,1.);
#1310 = DIRECTION('',(0.,0.,1.));
#1311 = ORIENTED_EDGE('',*,*,#105,.T.);
#1312 = ORIENTED_EDGE('',*,*,#1313,.F.);
#1313 = EDGE_CURVE('',#1314,#106,#1316,.T.);
#1314 = VERTEX_POINT('',#1315);
#1315 = CARTESIAN_POINT('',(-19.,-10.8,12.3));
#1316 = LINE('',#1317,#1318);
#1317 = CARTESIAN_POINT('',(-19.,-10.8,6.1));
#1318 = VECTOR('',#1319,1.);
#1319 = DIRECTION('',(0.,-0.,-1.));
#1320 = ORIENTED_EDGE('',*,*,#1321,.F.);
#1321 = EDGE_CURVE('',#1305,#1314,#1322,.T.);
#1322 = LINE('',#1323,#1324);
#1323 = CARTESIAN_POINT('',(-19.,-23.,12.3));
#1324 = VECTOR('',#1325,1.);
#1325 = DIRECTION('',(-0.,1.,0.));
#1326 = PLANE('',#1327);
#1327 = AXIS2_PLACEMENT_3D('',#1328,#1329,#1330);
#1328 = CARTESIAN_POINT('',(-19.,-23.,9.4));
#1329 = DIRECTION('',(1.,0.,-0.));
#1330 = DIRECTION('',(0.,0.,1.));
#1331 = ADVANCED_FACE('',(#1332),#1351,.T.);
#1332 = FACE_BOUND('',#1333,.T.);
#1333 = EDGE_LOOP('',(#1334,#1343,#1344,#1345));
#1334 = ORIENTED_EDGE('',*,*,#1335,.F.);
#1335 = EDGE_CURVE('',#1305,#1336,#1338,.T.);
#1336 = VERTEX_POINT('',#1337);
#1337 = CARTESIAN_POINT('',(-16.,-26.,12.3));
#1338 = CIRCLE('',#1339,3.);
#1339 = AXIS2_PLACEMENT_3D('',#1340,#1341,#1342);
#1340 = CARTESIAN_POINT('',(-16.,-23.,12.3));
#1341 = DIRECTION('',(0.,0.,1.));
#1342 = DIRECTION('',(1.,0.,-0.));
#1343 = ORIENTED_EDGE('',*,*,#1304,.F.);
#1344 = ORIENTED_EDGE('',*,*,#96,.T.);
#1345 = ORIENTED_EDGE('',*,*,#1346,.T.);
#1346 = EDGE_CURVE('',#89,#1336,#1347,.T.);
#1347 = LINE('',#1348,#1349);
#1348 = CARTESIAN_POINT('',(-16.,-26.,9.4));
#1349 = VECTOR('',#1350,1.);
#1350 = DIRECTION('',(0.,0.,1.));
#1351 = CYLINDRICAL_SURFACE('',#1352,3.);
#1352 = AXIS2_PLACEMENT_3D('',#1353,#1354,#1355);
#1353 = CARTESIAN_POINT('',(-16.,-23.,9.4));
#1354 = DIRECTION('',(0.,0.,1.));
#1355 = DIRECTION('',(1.,0.,-0.));
#1356 = ADVANCED_FACE('',(#1357),#1375,.F.);
#1357 = FACE_BOUND('',#1358,.F.);
#1358 = EDGE_LOOP('',(#1359,#1367,#1368,#1369));
#1359 = ORIENTED_EDGE('',*,*,#1360,.T.);
#1360 = EDGE_CURVE('',#1361,#81,#1363,.T.);
#1361 = VERTEX_POINT('',#1362);
#1362 = CARTESIAN_POINT('',(-6.5,-26.,12.3));
#1363 = LINE('',#1364,#1365);
#1364 = CARTESIAN_POINT('',(-6.5,-26.,6.5));
#1365 = VECTOR('',#1366,1.);
#1366 = DIRECTION('',(-0.,0.,-1.));
#1367 = ORIENTED_EDGE('',*,*,#88,.T.);
#1368 = ORIENTED_EDGE('',*,*,#1346,.T.);
#1369 = ORIENTED_EDGE('',*,*,#1370,.T.);
#1370 = EDGE_CURVE('',#1336,#1361,#1371,.T.);
#1371 = LINE('',#1372,#1373);
#1372 = CARTESIAN_POINT('',(-16.,-26.,12.3));
#1373 = VECTOR('',#1374,1.);
#1374 = DIRECTION('',(1.,0.,-0.));
#1375 = PLANE('',#1376);
#1376 = AXIS2_PLACEMENT_3D('',#1377,#1378,#1379);
#1377 = CARTESIAN_POINT('',(-16.,-26.,9.4));
#1378 = DIRECTION('',(-0.,1.,0.));
#1379 = DIRECTION('',(0.,0.,1.));
#1380 = ADVANCED_FACE('',(#1381),#1408,.T.);
#1381 = FACE_BOUND('',#1382,.T.);
#1382 = EDGE_LOOP('',(#1383,#1384,#1392,#1400,#1406,#1407));
#1383 = ORIENTED_EDGE('',*,*,#367,.T.);
#1384 = ORIENTED_EDGE('',*,*,#1385,.T.);
#1385 = EDGE_CURVE('',#368,#1386,#1388,.T.);
#1386 = VERTEX_POINT('',#1387);
#1387 = CARTESIAN_POINT('',(-6.5,-22.5,3.6));
#1388 = LINE('',#1389,#1390);
#1389 = CARTESIAN_POINT('',(-6.5,-29.,3.6));
#1390 = VECTOR('',#1391,1.);
#1391 = DIRECTION('',(-0.,1.,0.));
#1392 = ORIENTED_EDGE('',*,*,#1393,.F.);
#1393 = EDGE_CURVE('',#1394,#1386,#1396,.T.);
#1394 = VERTEX_POINT('',#1395);
#1395 = CARTESIAN_POINT('',(-6.5,-22.5,12.3));
#1396 = LINE('',#1397,#1398);
#1397 = CARTESIAN_POINT('',(-6.5,-22.5,3.2));
#1398 = VECTOR('',#1399,1.);
#1399 = DIRECTION('',(-0.,0.,-1.));
#1400 = ORIENTED_EDGE('',*,*,#1401,.F.);
#1401 = EDGE_CURVE('',#1361,#1394,#1402,.T.);
#1402 = LINE('',#1403,#1404);
#1403 = CARTESIAN_POINT('',(-6.5,-14.5,12.3));
#1404 = VECTOR('',#1405,1.);
#1405 = DIRECTION('',(-0.,1.,0.));
#1406 = ORIENTED_EDGE('',*,*,#1360,.T.);
#1407 = ORIENTED_EDGE('',*,*,#80,.F.);
#1408 = PLANE('',#1409);
#1409 = AXIS2_PLACEMENT_3D('',#1410,#1411,#1412);
#1410 = CARTESIAN_POINT('',(-6.5,-29.,3.6));
#1411 = DIRECTION('',(1.,0.,-0.));
#1412 = DIRECTION('',(0.,0.,1.));
#1413 = ADVANCED_FACE('',(#1414),#1425,.T.);
#1414 = FACE_BOUND('',#1415,.T.);
#1415 = EDGE_LOOP('',(#1416,#1417,#1418,#1419));
#1416 = ORIENTED_EDGE('',*,*,#1385,.F.);
#1417 = ORIENTED_EDGE('',*,*,#375,.T.);
#1418 = ORIENTED_EDGE('',*,*,#877,.T.);
#1419 = ORIENTED_EDGE('',*,*,#1420,.F.);
#1420 = EDGE_CURVE('',#1386,#878,#1421,.T.);
#1421 = LINE('',#1422,#1423);
#1422 = CARTESIAN_POINT('',(-8.98,-22.5,3.6));
#1423 = VECTOR('',#1424,1.);
#1424 = DIRECTION('',(1.,0.,-0.));
#1425 = PLANE('',#1426);
#1426 = AXIS2_PLACEMENT_3D('',#1427,#1428,#1429);
#1427 = CARTESIAN_POINT('',(-6.5,-29.,3.6));
#1428 = DIRECTION('',(0.,0.,1.));
#1429 = DIRECTION('',(1.,0.,-0.));
#1430 = ADVANCED_FACE('',(#1431),#1450,.F.);
#1431 = FACE_BOUND('',#1432,.F.);
#1432 = EDGE_LOOP('',(#1433,#1441,#1448,#1449));
#1433 = ORIENTED_EDGE('',*,*,#1434,.T.);
#1434 = EDGE_CURVE('',#458,#1435,#1437,.T.);
#1435 = VERTEX_POINT('',#1436);
#1436 = CARTESIAN_POINT('',(13.1,-19.5,1.3));
#1437 = LINE('',#1438,#1439);
#1438 = CARTESIAN_POINT('',(13.1,-19.5,-0.1));
#1439 = VECTOR('',#1440,1.);
#1440 = DIRECTION('',(0.,0.,1.));
#1441 = ORIENTED_EDGE('',*,*,#1442,.F.);
#1442 = EDGE_CURVE('',#1435,#1435,#1443,.T.);
#1443 = CIRCLE('',#1444,2.1);
#1444 = AXIS2_PLACEMENT_3D('',#1445,#1446,#1447);
#1445 = CARTESIAN_POINT('',(11.,-19.5,1.3));
#1446 = DIRECTION('',(0.,0.,1.));
#1447 = DIRECTION('',(1.,0.,-0.));
#1448 = ORIENTED_EDGE('',*,*,#1434,.F.);
#1449 = ORIENTED_EDGE('',*,*,#457,.T.);
#1450 = CYLINDRICAL_SURFACE('',#1451,2.1);
#1451 = AXIS2_PLACEMENT_3D('',#1452,#1453,#1454);
#1452 = CARTESIAN_POINT('',(11.,-19.5,-0.1));
#1453 = DIRECTION('',(0.,0.,1.));
#1454 = DIRECTION('',(1.,0.,-0.));
#1455 = ADVANCED_FACE('',(#1456),#1475,.F.);
#1456 = FACE_BOUND('',#1457,.F.);
#1457 = EDGE_LOOP('',(#1458,#1466,#1473,#1474));
#1458 = ORIENTED_EDGE('',*,*,#1459,.T.);
#1459 = EDGE_CURVE('',#503,#1460,#1462,.T.);
#1460 = VERTEX_POINT('',#1461);
#1461 = CARTESIAN_POINT('',(-8.9,-19.5,1.3));
#1462 = LINE('',#1463,#1464);
#1463 = CARTESIAN_POINT('',(-8.9,-19.5,-0.1));
#1464 = VECTOR('',#1465,1.);
#1465 = DIRECTION('',(0.,0.,1.));
#1466 = ORIENTED_EDGE('',*,*,#1467,.F.);
#1467 = EDGE_CURVE('',#1460,#1460,#1468,.T.);
#1468 = CIRCLE('',#1469,2.1);
#1469 = AXIS2_PLACEMENT_3D('',#1470,#1471,#1472);
#1470 = CARTESIAN_POINT('',(-11.,-19.5,1.3));
#1471 = DIRECTION('',(0.,0.,1.));
#1472 = DIRECTION('',(1.,0.,-0.));
#1473 = ORIENTED_EDGE('',*,*,#1459,.F.);
#1474 = ORIENTED_EDGE('',*,*,#502,.T.);
#1475 = CYLINDRICAL_SURFACE('',#1476,2.1);
#1476 = AXIS2_PLACEMENT_3D('',#1477,#1478,#1479);
#1477 = CARTESIAN_POINT('',(-11.,-19.5,-0.1));
#1478 = DIRECTION('',(0.,0.,1.));
#1479 = DIRECTION('',(1.,0.,-0.));
#1480 = ADVANCED_FACE('',(#1481),#1506,.F.);
#1481 = FACE_BOUND('',#1482,.F.);
#1482 = EDGE_LOOP('',(#1483,#1491,#1492,#1500));
#1483 = ORIENTED_EDGE('',*,*,#1484,.F.);
#1484 = EDGE_CURVE('',#516,#1485,#1487,.T.);
#1485 = VERTEX_POINT('',#1486);
#1486 = CARTESIAN_POINT('',(5.,-6.,2.8));
#1487 = LINE('',#1488,#1489);
#1488 = CARTESIAN_POINT('',(5.,-6.,-0.1));
#1489 = VECTOR('',#1490,1.);
#1490 = DIRECTION('',(0.,0.,1.));
#1491 = ORIENTED_EDGE('',*,*,#513,.F.);
#1492 = ORIENTED_EDGE('',*,*,#1493,.T.);
#1493 = EDGE_CURVE('',#514,#1494,#1496,.T.);
#1494 = VERTEX_POINT('',#1495);
#1495 = CARTESIAN_POINT('',(-5.,-6.,2.8));
#1496 = LINE('',#1497,#1498);
#1497 = CARTESIAN_POINT('',(-5.,-6.,-0.1));
#1498 = VECTOR('',#1499,1.);
#1499 = DIRECTION('',(0.,0.,1.));
#1500 = ORIENTED_EDGE('',*,*,#1501,.T.);
#1501 = EDGE_CURVE('',#1494,#1485,#1502,.T.);
#1502 = LINE('',#1503,#1504);
#1503 = CARTESIAN_POINT('',(-2.5,-6.,2.8));
#1504 = VECTOR('',#1505,1.);
#1505 = DIRECTION('',(1.,0.,-0.));
#1506 = PLANE('',#1507);
#1507 = AXIS2_PLACEMENT_3D('',#1508,#1509,#1510);
#1508 = CARTESIAN_POINT('',(-5.,-6.,-0.1));
#1509 = DIRECTION('',(-0.,1.,0.));
#1510 = DIRECTION('',(0.,0.,1.));
#1511 = ADVANCED_FACE('',(#1512),#1530,.T.);
#1512 = FACE_BOUND('',#1513,.T.);
#1513 = EDGE_LOOP('',(#1514,#1522,#1523,#1524));
#1514 = ORIENTED_EDGE('',*,*,#1515,.F.);
#1515 = EDGE_CURVE('',#524,#1516,#1518,.T.);
#1516 = VERTEX_POINT('',#1517);
#1517 = CARTESIAN_POINT('',(-5.,-8.,2.8));
#1518 = LINE('',#1519,#1520);
#1519 = CARTESIAN_POINT('',(-5.,-8.,-0.1));
#1520 = VECTOR('',#1521,1.);
#1521 = DIRECTION('',(0.,0.,1.));
#1522 = ORIENTED_EDGE('',*,*,#523,.F.);
#1523 = ORIENTED_EDGE('',*,*,#1493,.T.);
#1524 = ORIENTED_EDGE('',*,*,#1525,.T.);
#1525 = EDGE_CURVE('',#1494,#1516,#1526,.T.);
#1526 = LINE('',#1527,#1528);
#1527 = CARTESIAN_POINT('',(-5.,-4.,2.8));
#1528 = VECTOR('',#1529,1.);
#1529 = DIRECTION('',(0.,-1.,0.));
#1530 = PLANE('',#1531);
#1531 = AXIS2_PLACEMENT_3D('',#1532,#1533,#1534);
#1532 = CARTESIAN_POINT('',(-5.,-8.,-0.1));
#1533 = DIRECTION('',(1.,0.,-0.));
#1534 = DIRECTION('',(0.,0.,1.));
#1535 = ADVANCED_FACE('',(#1536),#1554,.F.);
#1536 = FACE_BOUND('',#1537,.F.);
#1537 = EDGE_LOOP('',(#1538,#1546,#1547,#1548));
#1538 = ORIENTED_EDGE('',*,*,#1539,.F.);
#1539 = EDGE_CURVE('',#532,#1540,#1542,.T.);
#1540 = VERTEX_POINT('',#1541);
#1541 = CARTESIAN_POINT('',(5.,-8.,2.8));
#1542 = LINE('',#1543,#1544);
#1543 = CARTESIAN_POINT('',(5.,-8.,-0.1));
#1544 = VECTOR('',#1545,1.);
#1545 = DIRECTION('',(0.,0.,1.));
#1546 = ORIENTED_EDGE('',*,*,#539,.F.);
#1547 = ORIENTED_EDGE('',*,*,#1484,.T.);
#1548 = ORIENTED_EDGE('',*,*,#1549,.T.);
#1549 = EDGE_CURVE('',#1485,#1540,#1550,.T.);
#1550 = LINE('',#1551,#1552);
#1551 = CARTESIAN_POINT('',(5.,-4.,2.8));
#1552 = VECTOR('',#1553,1.);
#1553 = DIRECTION('',(0.,-1.,0.));
#1554 = PLANE('',#1555);
#1555 = AXIS2_PLACEMENT_3D('',#1556,#1557,#1558);
#1556 = CARTESIAN_POINT('',(5.,-8.,-0.1));
#1557 = DIRECTION('',(1.,0.,-0.));
#1558 = DIRECTION('',(0.,0.,1.));
#1559 = ADVANCED_FACE('',(#1560),#1571,.T.);
#1560 = FACE_BOUND('',#1561,.T.);
#1561 = EDGE_LOOP('',(#1562,#1563,#1564,#1565));
#1562 = ORIENTED_EDGE('',*,*,#1539,.F.);
#1563 = ORIENTED_EDGE('',*,*,#531,.F.);
#1564 = ORIENTED_EDGE('',*,*,#1515,.T.);
#1565 = ORIENTED_EDGE('',*,*,#1566,.T.);
#1566 = EDGE_CURVE('',#1516,#1540,#1567,.T.);
#1567 = LINE('',#1568,#1569);
#1568 = CARTESIAN_POINT('',(-2.5,-8.,2.8));
#1569 = VECTOR('',#1570,1.);
#1570 = DIRECTION('',(1.,0.,-0.));
#1571 = PLANE('',#1572);
#1572 = AXIS2_PLACEMENT_3D('',#1573,#1574,#1575);
#1573 = CARTESIAN_POINT('',(-5.,-8.,-0.1));
#1574 = DIRECTION('',(-0.,1.,0.));
#1575 = DIRECTION('',(0.,0.,1.));
#1576 = ADVANCED_FACE('',(#1577),#1602,.F.);
#1577 = FACE_BOUND('',#1578,.F.);
#1578 = EDGE_LOOP('',(#1579,#1587,#1588,#1596));
#1579 = ORIENTED_EDGE('',*,*,#1580,.F.);
#1580 = EDGE_CURVE('',#550,#1581,#1583,.T.);
#1581 = VERTEX_POINT('',#1582);
#1582 = CARTESIAN_POINT('',(5.,0.,2.8));
#1583 = LINE('',#1584,#1585);
#1584 = CARTESIAN_POINT('',(5.,0.,-0.1));
#1585 = VECTOR('',#1586,1.);
#1586 = DIRECTION('',(0.,0.,1.));
#1587 = ORIENTED_EDGE('',*,*,#547,.F.);
#1588 = ORIENTED_EDGE('',*,*,#1589,.T.);
#1589 = EDGE_CURVE('',#548,#1590,#1592,.T.);
#1590 = VERTEX_POINT('',#1591);
#1591 = CARTESIAN_POINT('',(-5.,0.,2.8));
#1592 = LINE('',#1593,#1594);
#1593 = CARTESIAN_POINT('',(-5.,0.,-0.1));
#1594 = VECTOR('',#1595,1.);
#1595 = DIRECTION('',(0.,0.,1.));
#1596 = ORIENTED_EDGE('',*,*,#1597,.T.);
#1597 = EDGE_CURVE('',#1590,#1581,#1598,.T.);
#1598 = LINE('',#1599,#1600);
#1599 = CARTESIAN_POINT('',(-2.5,0.,2.8));
#1600 = VECTOR('',#1601,1.);
#1601 = DIRECTION('',(1.,0.,-0.));
#1602 = PLANE('',#1603);
#1603 = AXIS2_PLACEMENT_3D('',#1604,#1605,#1606);
#1604 = CARTESIAN_POINT('',(-5.,0.,-0.1));
#1605 = DIRECTION('',(-0.,1.,0.));
#1606 = DIRECTION('',(0.,0.,1.));
#1607 = ADVANCED_FACE('',(#1608),#1626,.T.);
#1608 = FACE_BOUND('',#1609,.T.);
#1609 = EDGE_LOOP('',(#1610,#1618,#1619,#1620));
#1610 = ORIENTED_EDGE('',*,*,#1611,.F.);
#1611 = EDGE_CURVE('',#558,#1612,#1614,.T.);
#1612 = VERTEX_POINT('',#1613);
#1613 = CARTESIAN_POINT('',(-5.,-2.,2.8));
#1614 = LINE('',#1615,#1616);
#1615 = CARTESIAN_POINT('',(-5.,-2.,-0.1));
#1616 = VECTOR('',#1617,1.);
#1617 = DIRECTION('',(0.,0.,1.));
#1618 = ORIENTED_EDGE('',*,*,#557,.F.);
#1619 = ORIENTED_EDGE('',*,*,#1589,.T.);
#1620 = ORIENTED_EDGE('',*,*,#1621,.T.);
#1621 = EDGE_CURVE('',#1590,#1612,#1622,.T.);
#1622 = LINE('',#1623,#1624);
#1623 = CARTESIAN_POINT('',(-5.,-1.,2.8));
#1624 = VECTOR('',#1625,1.);
#1625 = DIRECTION('',(0.,-1.,0.));
#1626 = PLANE('',#1627);
#1627 = AXIS2_PLACEMENT_3D('',#1628,#1629,#1630);
#1628 = CARTESIAN_POINT('',(-5.,-2.,-0.1));
#1629 = DIRECTION('',(1.,0.,-0.));
#1630 = DIRECTION('',(0.,0.,1.));
#1631 = ADVANCED_FACE('',(#1632),#1650,.F.);
#1632 = FACE_BOUND('',#1633,.F.);
#1633 = EDGE_LOOP('',(#1634,#1642,#1643,#1644));
#1634 = ORIENTED_EDGE('',*,*,#1635,.F.);
#1635 = EDGE_CURVE('',#566,#1636,#1638,.T.);
#1636 = VERTEX_POINT('',#1637);
#1637 = CARTESIAN_POINT('',(5.,-2.,2.8));
#1638 = LINE('',#1639,#1640);
#1639 = CARTESIAN_POINT('',(5.,-2.,-0.1));
#1640 = VECTOR('',#1641,1.);
#1641 = DIRECTION('',(0.,0.,1.));
#1642 = ORIENTED_EDGE('',*,*,#573,.F.);
#1643 = ORIENTED_EDGE('',*,*,#1580,.T.);
#1644 = ORIENTED_EDGE('',*,*,#1645,.T.);
#1645 = EDGE_CURVE('',#1581,#1636,#1646,.T.);
#1646 = LINE('',#1647,#1648);
#1647 = CARTESIAN_POINT('',(5.,-1.,2.8));
#1648 = VECTOR('',#1649,1.);
#1649 = DIRECTION('',(0.,-1.,0.));
#1650 = PLANE('',#1651);
#1651 = AXIS2_PLACEMENT_3D('',#1652,#1653,#1654);
#1652 = CARTESIAN_POINT('',(5.,-2.,-0.1));
#1653 = DIRECTION('',(1.,0.,-0.));
#1654 = DIRECTION('',(0.,0.,1.));
#1655 = ADVANCED_FACE('',(#1656),#1667,.T.);
#1656 = FACE_BOUND('',#1657,.T.);
#1657 = EDGE_LOOP('',(#1658,#1659,#1660,#1661));
#1658 = ORIENTED_EDGE('',*,*,#1635,.F.);
#1659 = ORIENTED_EDGE('',*,*,#565,.F.);
#1660 = ORIENTED_EDGE('',*,*,#1611,.T.);
#1661 = ORIENTED_EDGE('',*,*,#1662,.T.);
#1662 = EDGE_CURVE('',#1612,#1636,#1663,.T.);
#1663 = LINE('',#1664,#1665);
#1664 = CARTESIAN_POINT('',(-2.5,-2.,2.8));
#1665 = VECTOR('',#1666,1.);
#1666 = DIRECTION('',(1.,0.,-0.));
#1667 = PLANE('',#1668);
#1668 = AXIS2_PLACEMENT_3D('',#1669,#1670,#1671);
#1669 = CARTESIAN_POINT('',(-5.,-2.,-0.1));
#1670 = DIRECTION('',(-0.,1.,0.));
#1671 = DIRECTION('',(0.,0.,1.));
#1672 = ADVANCED_FACE('',(#1673),#1692,.F.);
#1673 = FACE_BOUND('',#1674,.F.);
#1674 = EDGE_LOOP('',(#1675,#1683,#1690,#1691));
#1675 = ORIENTED_EDGE('',*,*,#1676,.T.);
#1676 = EDGE_CURVE('',#650,#1677,#1679,.T.);
#1677 = VERTEX_POINT('',#1678);
#1678 = CARTESIAN_POINT('',(13.1,19.5,1.3));
#1679 = LINE('',#1680,#1681);
#1680 = CARTESIAN_POINT('',(13.1,19.5,-0.1));
#1681 = VECTOR('',#1682,1.);
#1682 = DIRECTION('',(0.,0.,1.));
#1683 = ORIENTED_EDGE('',*,*,#1684,.F.);
#1684 = EDGE_CURVE('',#1677,#1677,#1685,.T.);
#1685 = CIRCLE('',#1686,2.1);
#1686 = AXIS2_PLACEMENT_3D('',#1687,#1688,#1689);
#1687 = CARTESIAN_POINT('',(11.,19.5,1.3));
#1688 = DIRECTION('',(0.,0.,1.));
#1689 = DIRECTION('',(1.,0.,-0.));
#1690 = ORIENTED_EDGE('',*,*,#1676,.F.);
#1691 = ORIENTED_EDGE('',*,*,#649,.T.);
#1692 = CYLINDRICAL_SURFACE('',#1693,2.1);
#1693 = AXIS2_PLACEMENT_3D('',#1694,#1695,#1696);
#1694 = CARTESIAN_POINT('',(11.,19.5,-0.1));
#1695 = DIRECTION('',(0.,0.,1.));
#1696 = DIRECTION('',(1.,0.,-0.));
#1697 = ADVANCED_FACE('',(#1698),#1723,.F.);
#1698 = FACE_BOUND('',#1699,.F.);
#1699 = EDGE_LOOP('',(#1700,#1708,#1709,#1717));
#1700 = ORIENTED_EDGE('',*,*,#1701,.F.);
#1701 = EDGE_CURVE('',#663,#1702,#1704,.T.);
#1702 = VERTEX_POINT('',#1703);
#1703 = CARTESIAN_POINT('',(5.,6.,2.8));
#1704 = LINE('',#1705,#1706);
#1705 = CARTESIAN_POINT('',(5.,6.,-0.1));
#1706 = VECTOR('',#1707,1.);
#1707 = DIRECTION('',(0.,0.,1.));
#1708 = ORIENTED_EDGE('',*,*,#660,.F.);
#1709 = ORIENTED_EDGE('',*,*,#1710,.T.);
#1710 = EDGE_CURVE('',#661,#1711,#1713,.T.);
#1711 = VERTEX_POINT('',#1712);
#1712 = CARTESIAN_POINT('',(-5.,6.,2.8));
#1713 = LINE('',#1714,#1715);
#1714 = CARTESIAN_POINT('',(-5.,6.,-0.1));
#1715 = VECTOR('',#1716,1.);
#1716 = DIRECTION('',(0.,0.,1.));
#1717 = ORIENTED_EDGE('',*,*,#1718,.T.);
#1718 = EDGE_CURVE('',#1711,#1702,#1719,.T.);
#1719 = LINE('',#1720,#1721);
#1720 = CARTESIAN_POINT('',(-2.5,6.,2.8));
#1721 = VECTOR('',#1722,1.);
#1722 = DIRECTION('',(1.,0.,-0.));
#1723 = PLANE('',#1724);
#1724 = AXIS2_PLACEMENT_3D('',#1725,#1726,#1727);
#1725 = CARTESIAN_POINT('',(-5.,6.,-0.1));
#1726 = DIRECTION('',(-0.,1.,0.));
#1727 = DIRECTION('',(0.,0.,1.));
#1728 = ADVANCED_FACE('',(#1729),#1747,.T.);
#1729 = FACE_BOUND('',#1730,.T.);
#1730 = EDGE_LOOP('',(#1731,#1739,#1740,#1741));
#1731 = ORIENTED_EDGE('',*,*,#1732,.F.);
#1732 = EDGE_CURVE('',#671,#1733,#1735,.T.);
#1733 = VERTEX_POINT('',#1734);
#1734 = CARTESIAN_POINT('',(-5.,4.,2.8));
#1735 = LINE('',#1736,#1737);
#1736 = CARTESIAN_POINT('',(-5.,4.,-0.1));
#1737 = VECTOR('',#1738,1.);
#1738 = DIRECTION('',(0.,0.,1.));
#1739 = ORIENTED_EDGE('',*,*,#670,.F.);
#1740 = ORIENTED_EDGE('',*,*,#1710,.T.);
#1741 = ORIENTED_EDGE('',*,*,#1742,.T.);
#1742 = EDGE_CURVE('',#1711,#1733,#1743,.T.);
#1743 = LINE('',#1744,#1745);
#1744 = CARTESIAN_POINT('',(-5.,2.,2.8));
#1745 = VECTOR('',#1746,1.);
#1746 = DIRECTION('',(0.,-1.,0.));
#1747 = PLANE('',#1748);
#1748 = AXIS2_PLACEMENT_3D('',#1749,#1750,#1751);
#1749 = CARTESIAN_POINT('',(-5.,4.,-0.1));
#1750 = DIRECTION('',(1.,0.,-0.));
#1751 = DIRECTION('',(0.,0.,1.));
#1752 = ADVANCED_FACE('',(#1753),#1771,.F.);
#1753 = FACE_BOUND('',#1754,.F.);
#1754 = EDGE_LOOP('',(#1755,#1763,#1764,#1765));
#1755 = ORIENTED_EDGE('',*,*,#1756,.F.);
#1756 = EDGE_CURVE('',#679,#1757,#1759,.T.);
#1757 = VERTEX_POINT('',#1758);
#1758 = CARTESIAN_POINT('',(5.,4.,2.8));
#1759 = LINE('',#1760,#1761);
#1760 = CARTESIAN_POINT('',(5.,4.,-0.1));
#1761 = VECTOR('',#1762,1.);
#1762 = DIRECTION('',(0.,0.,1.));
#1763 = ORIENTED_EDGE('',*,*,#686,.F.);
#1764 = ORIENTED_EDGE('',*,*,#1701,.T.);
#1765 = ORIENTED_EDGE('',*,*,#1766,.T.);
#1766 = EDGE_CURVE('',#1702,#1757,#1767,.T.);
#1767 = LINE('',#1768,#1769);
#1768 = CARTESIAN_POINT('',(5.,2.,2.8));
#1769 = VECTOR('',#1770,1.);
#1770 = DIRECTION('',(0.,-1.,0.));
#1771 = PLANE('',#1772);
#1772 = AXIS2_PLACEMENT_3D('',#1773,#1774,#1775);
#1773 = CARTESIAN_POINT('',(5.,4.,-0.1));
#1774 = DIRECTION('',(1.,0.,-0.));
#1775 = DIRECTION('',(0.,0.,1.));
#1776 = ADVANCED_FACE('',(#1777),#1788,.T.);
#1777 = FACE_BOUND('',#1778,.T.);
#1778 = EDGE_LOOP('',(#1779,#1780,#1781,#1782));
#1779 = ORIENTED_EDGE('',*,*,#1756,.F.);
#1780 = ORIENTED_EDGE('',*,*,#678,.F.);
#1781 = ORIENTED_EDGE('',*,*,#1732,.T.);
#1782 = ORIENTED_EDGE('',*,*,#1783,.T.);
#1783 = EDGE_CURVE('',#1733,#1757,#1784,.T.);
#1784 = LINE('',#1785,#1786);
#1785 = CARTESIAN_POINT('',(-2.5,4.,2.8));
#1786 = VECTOR('',#1787,1.);
#1787 = DIRECTION('',(1.,0.,-0.));
#1788 = PLANE('',#1789);
#1789 = AXIS2_PLACEMENT_3D('',#1790,#1791,#1792);
#1790 = CARTESIAN_POINT('',(-5.,4.,-0.1));
#1791 = DIRECTION('',(-0.,1.,0.));
#1792 = DIRECTION('',(0.,0.,1.));
#1793 = ADVANCED_FACE('',(#1794),#1819,.F.);
#1794 = FACE_BOUND('',#1795,.F.);
#1795 = EDGE_LOOP('',(#1796,#1804,#1805,#1813));
#1796 = ORIENTED_EDGE('',*,*,#1797,.F.);
#1797 = EDGE_CURVE('',#731,#1798,#1800,.T.);
#1798 = VERTEX_POINT('',#1799);
#1799 = CARTESIAN_POINT('',(5.,12.,2.8));
#1800 = LINE('',#1801,#1802);
#1801 = CARTESIAN_POINT('',(5.,12.,-0.1));
#1802 = VECTOR('',#1803,1.);
#1803 = DIRECTION('',(0.,0.,1.));
#1804 = ORIENTED_EDGE('',*,*,#728,.F.);
#1805 = ORIENTED_EDGE('',*,*,#1806,.T.);
#1806 = EDGE_CURVE('',#729,#1807,#1809,.T.);
#1807 = VERTEX_POINT('',#1808);
#1808 = CARTESIAN_POINT('',(-5.,12.,2.8));
#1809 = LINE('',#1810,#1811);
#1810 = CARTESIAN_POINT('',(-5.,12.,-0.1));
#1811 = VECTOR('',#1812,1.);
#1812 = DIRECTION('',(0.,0.,1.));
#1813 = ORIENTED_EDGE('',*,*,#1814,.T.);
#1814 = EDGE_CURVE('',#1807,#1798,#1815,.T.);
#1815 = LINE('',#1816,#1817);
#1816 = CARTESIAN_POINT('',(-2.5,12.,2.8));
#1817 = VECTOR('',#1818,1.);
#1818 = DIRECTION('',(1.,0.,-0.));
#1819 = PLANE('',#1820);
#1820 = AXIS2_PLACEMENT_3D('',#1821,#1822,#1823);
#1821 = CARTESIAN_POINT('',(-5.,12.,-0.1));
#1822 = DIRECTION('',(-0.,1.,0.));
#1823 = DIRECTION('',(0.,0.,1.));
#1824 = ADVANCED_FACE('',(#1825),#1843,.F.);
#1825 = FACE_BOUND('',#1826,.F.);
#1826 = EDGE_LOOP('',(#1827,#1835,#1836,#1837));
#1827 = ORIENTED_EDGE('',*,*,#1828,.F.);
#1828 = EDGE_CURVE('',#747,#1829,#1831,.T.);
#1829 = VERTEX_POINT('',#1830);
#1830 = CARTESIAN_POINT('',(5.,10.,2.8));
#1831 = LINE('',#1832,#1833);
#1832 = CARTESIAN_POINT('',(5.,10.,-0.1));
#1833 = VECTOR('',#1834,1.);
#1834 = DIRECTION('',(0.,0.,1.));
#1835 = ORIENTED_EDGE('',*,*,#754,.F.);
#1836 = ORIENTED_EDGE('',*,*,#1797,.T.);
#1837 = ORIENTED_EDGE('',*,*,#1838,.T.);
#1838 = EDGE_CURVE('',#1798,#1829,#1839,.T.);
#1839 = LINE('',#1840,#1841);
#1840 = CARTESIAN_POINT('',(5.,5.,2.8));
#1841 = VECTOR('',#1842,1.);
#1842 = DIRECTION('',(0.,-1.,0.));
#1843 = PLANE('',#1844);
#1844 = AXIS2_PLACEMENT_3D('',#1845,#1846,#1847);
#1845 = CARTESIAN_POINT('',(5.,10.,-0.1));
#1846 = DIRECTION('',(1.,0.,-0.));
#1847 = DIRECTION('',(0.,0.,1.));
#1848 = ADVANCED_FACE('',(#1849),#1867,.T.);
#1849 = FACE_BOUND('',#1850,.T.);
#1850 = EDGE_LOOP('',(#1851,#1852,#1853,#1861));
#1851 = ORIENTED_EDGE('',*,*,#1828,.F.);
#1852 = ORIENTED_EDGE('',*,*,#746,.F.);
#1853 = ORIENTED_EDGE('',*,*,#1854,.T.);
#1854 = EDGE_CURVE('',#739,#1855,#1857,.T.);
#1855 = VERTEX_POINT('',#1856);
#1856 = CARTESIAN_POINT('',(-5.,10.,2.8));
#1857 = LINE('',#1858,#1859);
#1858 = CARTESIAN_POINT('',(-5.,10.,-0.1));
#1859 = VECTOR('',#1860,1.);
#1860 = DIRECTION('',(0.,0.,1.));
#1861 = ORIENTED_EDGE('',*,*,#1862,.T.);
#1862 = EDGE_CURVE('',#1855,#1829,#1863,.T.);
#1863 = LINE('',#1864,#1865);
#1864 = CARTESIAN_POINT('',(-2.5,10.,2.8));
#1865 = VECTOR('',#1866,1.);
#1866 = DIRECTION('',(1.,0.,-0.));
#1867 = PLANE('',#1868);
#1868 = AXIS2_PLACEMENT_3D('',#1869,#1870,#1871);
#1869 = CARTESIAN_POINT('',(-5.,10.,-0.1));
#1870 = DIRECTION('',(-0.,1.,0.));
#1871 = DIRECTION('',(0.,0.,1.));
#1872 = ADVANCED_FACE('',(#1873),#1884,.T.);
#1873 = FACE_BOUND('',#1874,.T.);
#1874 = EDGE_LOOP('',(#1875,#1876,#1877,#1878));
#1875 = ORIENTED_EDGE('',*,*,#1854,.F.);
#1876 = ORIENTED_EDGE('',*,*,#738,.F.);
#1877 = ORIENTED_EDGE('',*,*,#1806,.T.);
#1878 = ORIENTED_EDGE('',*,*,#1879,.T.);
#1879 = EDGE_CURVE('',#1807,#1855,#1880,.T.);
#1880 = LINE('',#1881,#1882);
#1881 = CARTESIAN_POINT('',(-5.,5.,2.8));
#1882 = VECTOR('',#1883,1.);
#1883 = DIRECTION('',(0.,-1.,0.));
#1884 = PLANE('',#1885);
#1885 = AXIS2_PLACEMENT_3D('',#1886,#1887,#1888);
#1886 = CARTESIAN_POINT('',(-5.,10.,-0.1));
#1887 = DIRECTION('',(1.,0.,-0.));
#1888 = DIRECTION('',(0.,0.,1.));
#1889 = ADVANCED_FACE('',(#1890),#1909,.F.);
#1890 = FACE_BOUND('',#1891,.F.);
#1891 = EDGE_LOOP('',(#1892,#1900,#1907,#1908));
#1892 = ORIENTED_EDGE('',*,*,#1893,.T.);
#1893 = EDGE_CURVE('',#763,#1894,#1896,.T.);
#1894 = VERTEX_POINT('',#1895);
#1895 = CARTESIAN_POINT('',(-8.9,19.5,1.3));
#1896 = LINE('',#1897,#1898);
#1897 = CARTESIAN_POINT('',(-8.9,19.5,-0.1));
#1898 = VECTOR('',#1899,1.);
#1899 = DIRECTION('',(0.,0.,1.));
#1900 = ORIENTED_EDGE('',*,*,#1901,.F.);
#1901 = EDGE_CURVE('',#1894,#1894,#1902,.T.);
#1902 = CIRCLE('',#1903,2.1);
#1903 = AXIS2_PLACEMENT_3D('',#1904,#1905,#1906);
#1904 = CARTESIAN_POINT('',(-11.,19.5,1.3));
#1905 = DIRECTION('',(0.,0.,1.));
#1906 = DIRECTION('',(1.,0.,-0.));
#1907 = ORIENTED_EDGE('',*,*,#1893,.F.);
#1908 = ORIENTED_EDGE('',*,*,#762,.T.);
#1909 = CYLINDRICAL_SURFACE('',#1910,2.1);
#1910 = AXIS2_PLACEMENT_3D('',#1911,#1912,#1913);
#1911 = CARTESIAN_POINT('',(-11.,19.5,-0.1));
#1912 = DIRECTION('',(0.,0.,1.));
#1913 = DIRECTION('',(1.,0.,-0.));
#1914 = ADVANCED_FACE('',(#1915),#2094,.T.);
#1915 = FACE_BOUND('',#1916,.T.);
#1916 = EDGE_LOOP('',(#1917,#1918,#1919,#1920,#1921,#1929,#1938,#1946,
    #1955,#1963,#1972,#1980,#1989,#1995,#1996,#1997,#1998,#1999,#2007,
    #2015,#2021,#2022,#2030,#2038,#2044,#2045,#2046,#2047,#2048,#2049,
    #2057,#2065,#2071,#2072,#2080,#2088));
#1917 = ORIENTED_EDGE('',*,*,#1321,.F.);
#1918 = ORIENTED_EDGE('',*,*,#1335,.T.);
#1919 = ORIENTED_EDGE('',*,*,#1370,.T.);
#1920 = ORIENTED_EDGE('',*,*,#1401,.T.);
#1921 = ORIENTED_EDGE('',*,*,#1922,.T.);
#1922 = EDGE_CURVE('',#1394,#1923,#1925,.T.);
#1923 = VERTEX_POINT('',#1924);
#1924 = CARTESIAN_POINT('',(-11.46,-22.5,12.3));
#1925 = LINE('',#1926,#1927);
#1926 = CARTESIAN_POINT('',(-5.73,-22.5,12.3));
#1927 = VECTOR('',#1928,1.);
#1928 = DIRECTION('',(-1.,-0.,0.));
#1929 = ORIENTED_EDGE('',*,*,#1930,.F.);
#1930 = EDGE_CURVE('',#1931,#1923,#1933,.T.);
#1931 = VERTEX_POINT('',#1932);
#1932 = CARTESIAN_POINT('',(-14.96,-19.,12.3));
#1933 = CIRCLE('',#1934,3.5);
#1934 = AXIS2_PLACEMENT_3D('',#1935,#1936,#1937);
#1935 = CARTESIAN_POINT('',(-11.46,-19.,12.3));
#1936 = DIRECTION('',(0.,0.,1.));
#1937 = DIRECTION('',(1.,0.,-0.));
#1938 = ORIENTED_EDGE('',*,*,#1939,.T.);
#1939 = EDGE_CURVE('',#1931,#1940,#1942,.T.);
#1940 = VERTEX_POINT('',#1941);
#1941 = CARTESIAN_POINT('',(-14.96,19.,12.3));
#1942 = LINE('',#1943,#1944);
#1943 = CARTESIAN_POINT('',(-14.96,-9.5,12.3));
#1944 = VECTOR('',#1945,1.);
#1945 = DIRECTION('',(-0.,1.,0.));
#1946 = ORIENTED_EDGE('',*,*,#1947,.F.);
#1947 = EDGE_CURVE('',#1948,#1940,#1950,.T.);
#1948 = VERTEX_POINT('',#1949);
#1949 = CARTESIAN_POINT('',(-11.46,22.5,12.3));
#1950 = CIRCLE('',#1951,3.5);
#1951 = AXIS2_PLACEMENT_3D('',#1952,#1953,#1954);
#1952 = CARTESIAN_POINT('',(-11.46,19.,12.3));
#1953 = DIRECTION('',(0.,0.,1.));
#1954 = DIRECTION('',(1.,0.,-0.));
#1955 = ORIENTED_EDGE('',*,*,#1956,.F.);
#1956 = EDGE_CURVE('',#1957,#1948,#1959,.T.);
#1957 = VERTEX_POINT('',#1958);
#1958 = CARTESIAN_POINT('',(11.46,22.5,12.3));
#1959 = LINE('',#1960,#1961);
#1960 = CARTESIAN_POINT('',(-5.73,22.5,12.3));
#1961 = VECTOR('',#1962,1.);
#1962 = DIRECTION('',(-1.,-0.,0.));
#1963 = ORIENTED_EDGE('',*,*,#1964,.F.);
#1964 = EDGE_CURVE('',#1965,#1957,#1967,.T.);
#1965 = VERTEX_POINT('',#1966);
#1966 = CARTESIAN_POINT('',(14.96,19.,12.3));
#1967 = CIRCLE('',#1968,3.5);
#1968 = AXIS2_PLACEMENT_3D('',#1969,#1970,#1971);
#1969 = CARTESIAN_POINT('',(11.46,19.,12.3));
#1970 = DIRECTION('',(0.,0.,1.));
#1971 = DIRECTION('',(1.,0.,-0.));
#1972 = ORIENTED_EDGE('',*,*,#1973,.F.);
#1973 = EDGE_CURVE('',#1974,#1965,#1976,.T.);
#1974 = VERTEX_POINT('',#1975);
#1975 = CARTESIAN_POINT('',(14.96,-19.,12.3));
#1976 = LINE('',#1977,#1978);
#1977 = CARTESIAN_POINT('',(14.96,-9.5,12.3));
#1978 = VECTOR('',#1979,1.);
#1979 = DIRECTION('',(-0.,1.,0.));
#1980 = ORIENTED_EDGE('',*,*,#1981,.F.);
#1981 = EDGE_CURVE('',#1982,#1974,#1984,.T.);
#1982 = VERTEX_POINT('',#1983);
#1983 = CARTESIAN_POINT('',(11.46,-22.5,12.3));
#1984 = CIRCLE('',#1985,3.5);
#1985 = AXIS2_PLACEMENT_3D('',#1986,#1987,#1988);
#1986 = CARTESIAN_POINT('',(11.46,-19.,12.3));
#1987 = DIRECTION('',(0.,0.,1.));
#1988 = DIRECTION('',(1.,0.,-0.));
#1989 = ORIENTED_EDGE('',*,*,#1990,.T.);
#1990 = EDGE_CURVE('',#1982,#886,#1991,.T.);
#1991 = LINE('',#1992,#1993);
#1992 = CARTESIAN_POINT('',(-5.73,-22.5,12.3));
#1993 = VECTOR('',#1994,1.);
#1994 = DIRECTION('',(-1.,-0.,0.));
#1995 = ORIENTED_EDGE('',*,*,#893,.F.);
#1996 = ORIENTED_EDGE('',*,*,#926,.T.);
#1997 = ORIENTED_EDGE('',*,*,#940,.T.);
#1998 = ORIENTED_EDGE('',*,*,#975,.T.);
#1999 = ORIENTED_EDGE('',*,*,#2000,.T.);
#2000 = EDGE_CURVE('',#968,#2001,#2003,.T.);
#2001 = VERTEX_POINT('',#2002);
#2002 = CARTESIAN_POINT('',(17.,-10.8,12.3));
#2003 = LINE('',#2004,#2005);
#2004 = CARTESIAN_POINT('',(8.5,-10.8,12.3));
#2005 = VECTOR('',#2006,1.);
#2006 = DIRECTION('',(-1.,-0.,0.));
#2007 = ORIENTED_EDGE('',*,*,#2008,.T.);
#2008 = EDGE_CURVE('',#2001,#2009,#2011,.T.);
#2009 = VERTEX_POINT('',#2010);
#2010 = CARTESIAN_POINT('',(17.,-5.2,12.3));
#2011 = LINE('',#2012,#2013);
#2012 = CARTESIAN_POINT('',(17.,-5.4,12.3));
#2013 = VECTOR('',#2014,1.);
#2014 = DIRECTION('',(-0.,1.,0.));
#2015 = ORIENTED_EDGE('',*,*,#2016,.F.);
#2016 = EDGE_CURVE('',#1021,#2009,#2017,.T.);
#2017 = LINE('',#2018,#2019);
#2018 = CARTESIAN_POINT('',(8.5,-5.2,12.3));
#2019 = VECTOR('',#2020,1.);
#2020 = DIRECTION('',(-1.,-0.,0.));
#2021 = ORIENTED_EDGE('',*,*,#1037,.T.);
#2022 = ORIENTED_EDGE('',*,*,#2023,.T.);
#2023 = EDGE_CURVE('',#1030,#2024,#2026,.T.);
#2024 = VERTEX_POINT('',#2025);
#2025 = CARTESIAN_POINT('',(17.,5.2,12.3));
#2026 = LINE('',#2027,#2028);
#2027 = CARTESIAN_POINT('',(8.5,5.2,12.3));
#2028 = VECTOR('',#2029,1.);
#2029 = DIRECTION('',(-1.,-0.,0.));
#2030 = ORIENTED_EDGE('',*,*,#2031,.T.);
#2031 = EDGE_CURVE('',#2024,#2032,#2034,.T.);
#2032 = VERTEX_POINT('',#2033);
#2033 = CARTESIAN_POINT('',(17.,10.8,12.3));
#2034 = LINE('',#2035,#2036);
#2035 = CARTESIAN_POINT('',(17.,2.6,12.3));
#2036 = VECTOR('',#2037,1.);
#2037 = DIRECTION('',(-0.,1.,0.));
#2038 = ORIENTED_EDGE('',*,*,#2039,.F.);
#2039 = EDGE_CURVE('',#1083,#2032,#2040,.T.);
#2040 = LINE('',#2041,#2042);
#2041 = CARTESIAN_POINT('',(8.5,10.8,12.3));
#2042 = VECTOR('',#2043,1.);
#2043 = DIRECTION('',(-1.,-0.,0.));
#2044 = ORIENTED_EDGE('',*,*,#1099,.T.);
#2045 = ORIENTED_EDGE('',*,*,#1113,.T.);
#2046 = ORIENTED_EDGE('',*,*,#1147,.F.);
#2047 = ORIENTED_EDGE('',*,*,#1162,.T.);
#2048 = ORIENTED_EDGE('',*,*,#1187,.F.);
#2049 = ORIENTED_EDGE('',*,*,#2050,.T.);
#2050 = EDGE_CURVE('',#1188,#2051,#2053,.T.);
#2051 = VERTEX_POINT('',#2052);
#2052 = CARTESIAN_POINT('',(-17.,10.8,12.3));
#2053 = LINE('',#2054,#2055);
#2054 = CARTESIAN_POINT('',(-8.5,10.8,12.3));
#2055 = VECTOR('',#2056,1.);
#2056 = DIRECTION('',(1.,0.,-0.));
#2057 = ORIENTED_EDGE('',*,*,#2058,.F.);
#2058 = EDGE_CURVE('',#2059,#2051,#2061,.T.);
#2059 = VERTEX_POINT('',#2060);
#2060 = CARTESIAN_POINT('',(-17.,5.2,12.3));
#2061 = LINE('',#2062,#2063);
#2062 = CARTESIAN_POINT('',(-17.,2.6,12.3));
#2063 = VECTOR('',#2064,1.);
#2064 = DIRECTION('',(0.,1.,0.));
#2065 = ORIENTED_EDGE('',*,*,#2066,.F.);
#2066 = EDGE_CURVE('',#1245,#2059,#2067,.T.);
#2067 = LINE('',#2068,#2069);
#2068 = CARTESIAN_POINT('',(-8.5,5.2,12.3));
#2069 = VECTOR('',#2070,1.);
#2070 = DIRECTION('',(1.,0.,-0.));
#2071 = ORIENTED_EDGE('',*,*,#1242,.F.);
#2072 = ORIENTED_EDGE('',*,*,#2073,.T.);
#2073 = EDGE_CURVE('',#1243,#2074,#2076,.T.);
#2074 = VERTEX_POINT('',#2075);
#2075 = CARTESIAN_POINT('',(-17.,-5.2,12.3));
#2076 = LINE('',#2077,#2078);
#2077 = CARTESIAN_POINT('',(-8.5,-5.2,12.3));
#2078 = VECTOR('',#2079,1.);
#2079 = DIRECTION('',(1.,0.,-0.));
#2080 = ORIENTED_EDGE('',*,*,#2081,.F.);
#2081 = EDGE_CURVE('',#2082,#2074,#2084,.T.);
#2082 = VERTEX_POINT('',#2083);
#2083 = CARTESIAN_POINT('',(-17.,-10.8,12.3));
#2084 = LINE('',#2085,#2086);
#2085 = CARTESIAN_POINT('',(-17.,-5.4,12.3));
#2086 = VECTOR('',#2087,1.);
#2087 = DIRECTION('',(0.,1.,0.));
#2088 = ORIENTED_EDGE('',*,*,#2089,.F.);
#2089 = EDGE_CURVE('',#1314,#2082,#2090,.T.);
#2090 = LINE('',#2091,#2092);
#2091 = CARTESIAN_POINT('',(-8.5,-10.8,12.3));
#2092 = VECTOR('',#2093,1.);
#2093 = DIRECTION('',(1.,0.,-0.));
#2094 = PLANE('',#2095);
#2095 = AXIS2_PLACEMENT_3D('',#2096,#2097,#2098);
#2096 = CARTESIAN_POINT('',(0.,6.509969733414E-16,12.3));
#2097 = DIRECTION('',(0.,0.,1.));
#2098 = DIRECTION('',(1.,0.,-0.));
#2099 = ADVANCED_FACE('',(#2100),#2129,.T.);
#2100 = FACE_BOUND('',#2101,.T.);
#2101 = EDGE_LOOP('',(#2102,#2112,#2118,#2119,#2120,#2121,#2122,#2123));
#2102 = ORIENTED_EDGE('',*,*,#2103,.F.);
#2103 = EDGE_CURVE('',#2104,#2106,#2108,.T.);
#2104 = VERTEX_POINT('',#2105);
#2105 = CARTESIAN_POINT('',(-11.46,-22.5,2.8));
#2106 = VERTEX_POINT('',#2107);
#2107 = CARTESIAN_POINT('',(11.46,-22.5,2.8));
#2108 = LINE('',#2109,#2110);
#2109 = CARTESIAN_POINT('',(-11.46,-22.5,2.8));
#2110 = VECTOR('',#2111,1.);
#2111 = DIRECTION('',(1.,0.,-0.));
#2112 = ORIENTED_EDGE('',*,*,#2113,.T.);
#2113 = EDGE_CURVE('',#2104,#1923,#2114,.T.);
#2114 = LINE('',#2115,#2116);
#2115 = CARTESIAN_POINT('',(-11.46,-22.5,2.8));
#2116 = VECTOR('',#2117,1.);
#2117 = DIRECTION('',(0.,0.,1.));
#2118 = ORIENTED_EDGE('',*,*,#1922,.F.);
#2119 = ORIENTED_EDGE('',*,*,#1393,.T.);
#2120 = ORIENTED_EDGE('',*,*,#1420,.T.);
#2121 = ORIENTED_EDGE('',*,*,#885,.F.);
#2122 = ORIENTED_EDGE('',*,*,#1990,.F.);
#2123 = ORIENTED_EDGE('',*,*,#2124,.F.);
#2124 = EDGE_CURVE('',#2106,#1982,#2125,.T.);
#2125 = LINE('',#2126,#2127);
#2126 = CARTESIAN_POINT('',(11.46,-22.5,2.8));
#2127 = VECTOR('',#2128,1.);
#2128 = DIRECTION('',(0.,0.,1.));
#2129 = PLANE('',#2130);
#2130 = AXIS2_PLACEMENT_3D('',#2131,#2132,#2133);
#2131 = CARTESIAN_POINT('',(-11.46,-22.5,2.8));
#2132 = DIRECTION('',(-0.,1.,0.));
#2133 = DIRECTION('',(0.,0.,1.));
#2134 = ADVANCED_FACE('',(#2135),#2192,.T.);
#2135 = FACE_BOUND('',#2136,.T.);
#2136 = EDGE_LOOP('',(#2137,#2147,#2153,#2154,#2162,#2170,#2178,#2186));
#2137 = ORIENTED_EDGE('',*,*,#2138,.F.);
#2138 = EDGE_CURVE('',#2139,#2141,#2143,.T.);
#2139 = VERTEX_POINT('',#2140);
#2140 = CARTESIAN_POINT('',(18.,-10.8,2.8));
#2141 = VERTEX_POINT('',#2142);
#2142 = CARTESIAN_POINT('',(18.,-10.5,2.8));
#2143 = LINE('',#2144,#2145);
#2144 = CARTESIAN_POINT('',(18.,-10.8,2.8));
#2145 = VECTOR('',#2146,1.);
#2146 = DIRECTION('',(-0.,1.,0.));
#2147 = ORIENTED_EDGE('',*,*,#2148,.T.);
#2148 = EDGE_CURVE('',#2139,#990,#2149,.T.);
#2149 = LINE('',#2150,#2151);
#2150 = CARTESIAN_POINT('',(17.,-10.8,2.8));
#2151 = VECTOR('',#2152,1.);
#2152 = DIRECTION('',(1.,0.,-0.));
#2153 = ORIENTED_EDGE('',*,*,#997,.T.);
#2154 = ORIENTED_EDGE('',*,*,#2155,.F.);
#2155 = EDGE_CURVE('',#2156,#998,#2158,.T.);
#2156 = VERTEX_POINT('',#2157);
#2157 = CARTESIAN_POINT('',(18.,-5.2,2.8));
#2158 = LINE('',#2159,#2160);
#2159 = CARTESIAN_POINT('',(17.,-5.2,2.8));
#2160 = VECTOR('',#2161,1.);
#2161 = DIRECTION('',(1.,0.,-0.));
#2162 = ORIENTED_EDGE('',*,*,#2163,.F.);
#2163 = EDGE_CURVE('',#2164,#2156,#2166,.T.);
#2164 = VERTEX_POINT('',#2165);
#2165 = CARTESIAN_POINT('',(18.,-5.5,2.8));
#2166 = LINE('',#2167,#2168);
#2167 = CARTESIAN_POINT('',(18.,-10.8,2.8));
#2168 = VECTOR('',#2169,1.);
#2169 = DIRECTION('',(-0.,1.,0.));
#2170 = ORIENTED_EDGE('',*,*,#2171,.T.);
#2171 = EDGE_CURVE('',#2164,#2172,#2174,.T.);
#2172 = VERTEX_POINT('',#2173);
#2173 = CARTESIAN_POINT('',(19.,-5.5,2.8));
#2174 = LINE('',#2175,#2176);
#2175 = CARTESIAN_POINT('',(18.,-5.5,2.8));
#2176 = VECTOR('',#2177,1.);
#2177 = DIRECTION('',(1.,0.,-0.));
#2178 = ORIENTED_EDGE('',*,*,#2179,.F.);
#2179 = EDGE_CURVE('',#2180,#2172,#2182,.T.);
#2180 = VERTEX_POINT('',#2181);
#2181 = CARTESIAN_POINT('',(19.,-10.5,2.8));
#2182 = LINE('',#2183,#2184);
#2183 = CARTESIAN_POINT('',(19.,-10.5,2.8));
#2184 = VECTOR('',#2185,1.);
#2185 = DIRECTION('',(-0.,1.,0.));
#2186 = ORIENTED_EDGE('',*,*,#2187,.F.);
#2187 = EDGE_CURVE('',#2141,#2180,#2188,.T.);
#2188 = LINE('',#2189,#2190);
#2189 = CARTESIAN_POINT('',(18.,-10.5,2.8));
#2190 = VECTOR('',#2191,1.);
#2191 = DIRECTION('',(1.,0.,-0.));
#2192 = PLANE('',#2193);
#2193 = AXIS2_PLACEMENT_3D('',#2194,#2195,#2196);
#2194 = CARTESIAN_POINT('',(17.,-10.8,2.8));
#2195 = DIRECTION('',(0.,0.,1.));
#2196 = DIRECTION('',(1.,0.,-0.));
#2197 = ADVANCED_FACE('',(#2198),#2255,.T.);
#2198 = FACE_BOUND('',#2199,.T.);
#2199 = EDGE_LOOP('',(#2200,#2210,#2216,#2217,#2225,#2233,#2241,#2249));
#2200 = ORIENTED_EDGE('',*,*,#2201,.F.);
#2201 = EDGE_CURVE('',#2202,#2204,#2206,.T.);
#2202 = VERTEX_POINT('',#2203);
#2203 = CARTESIAN_POINT('',(18.,5.2,2.8));
#2204 = VERTEX_POINT('',#2205);
#2205 = CARTESIAN_POINT('',(18.,5.5,2.8));
#2206 = LINE('',#2207,#2208);
#2207 = CARTESIAN_POINT('',(18.,5.2,2.8));
#2208 = VECTOR('',#2209,1.);
#2209 = DIRECTION('',(-0.,1.,0.));
#2210 = ORIENTED_EDGE('',*,*,#2211,.T.);
#2211 = EDGE_CURVE('',#2202,#1052,#2212,.T.);
#2212 = LINE('',#2213,#2214);
#2213 = CARTESIAN_POINT('',(17.,5.2,2.8));
#2214 = VECTOR('',#2215,1.);
#2215 = DIRECTION('',(1.,0.,-0.));
#2216 = ORIENTED_EDGE('',*,*,#1059,.T.);
#2217 = ORIENTED_EDGE('',*,*,#2218,.F.);
#2218 = EDGE_CURVE('',#2219,#1060,#2221,.T.);
#2219 = VERTEX_POINT('',#2220);
#2220 = CARTESIAN_POINT('',(18.,10.8,2.8));
#2221 = LINE('',#2222,#2223);
#2222 = CARTESIAN_POINT('',(17.,10.8,2.8));
#2223 = VECTOR('',#2224,1.);
#2224 = DIRECTION('',(1.,0.,-0.));
#2225 = ORIENTED_EDGE('',*,*,#2226,.F.);
#2226 = EDGE_CURVE('',#2227,#2219,#2229,.T.);
#2227 = VERTEX_POINT('',#2228);
#2228 = CARTESIAN_POINT('',(18.,10.5,2.8));
#2229 = LINE('',#2230,#2231);
#2230 = CARTESIAN_POINT('',(18.,5.2,2.8));
#2231 = VECTOR('',#2232,1.);
#2232 = DIRECTION('',(-0.,1.,0.));
#2233 = ORIENTED_EDGE('',*,*,#2234,.T.);
#2234 = EDGE_CURVE('',#2227,#2235,#2237,.T.);
#2235 = VERTEX_POINT('',#2236);
#2236 = CARTESIAN_POINT('',(19.,10.5,2.8));
#2237 = LINE('',#2238,#2239);
#2238 = CARTESIAN_POINT('',(18.,10.5,2.8));
#2239 = VECTOR('',#2240,1.);
#2240 = DIRECTION('',(1.,0.,-0.));
#2241 = ORIENTED_EDGE('',*,*,#2242,.F.);
#2242 = EDGE_CURVE('',#2243,#2235,#2245,.T.);
#2243 = VERTEX_POINT('',#2244);
#2244 = CARTESIAN_POINT('',(19.,5.5,2.8));
#2245 = LINE('',#2246,#2247);
#2246 = CARTESIAN_POINT('',(19.,5.5,2.8));
#2247 = VECTOR('',#2248,1.);
#2248 = DIRECTION('',(-0.,1.,0.));
#2249 = ORIENTED_EDGE('',*,*,#2250,.F.);
#2250 = EDGE_CURVE('',#2204,#2243,#2251,.T.);
#2251 = LINE('',#2252,#2253);
#2252 = CARTESIAN_POINT('',(18.,5.5,2.8));
#2253 = VECTOR('',#2254,1.);
#2254 = DIRECTION('',(1.,0.,-0.));
#2255 = PLANE('',#2256);
#2256 = AXIS2_PLACEMENT_3D('',#2257,#2258,#2259);
#2257 = CARTESIAN_POINT('',(17.,5.2,2.8));
#2258 = DIRECTION('',(0.,0.,1.));
#2259 = DIRECTION('',(1.,0.,-0.));
#2260 = ADVANCED_FACE('',(#2261),#2318,.T.);
#2261 = FACE_BOUND('',#2262,.F.);
#2262 = EDGE_LOOP('',(#2263,#2273,#2279,#2280,#2288,#2296,#2304,#2312));
#2263 = ORIENTED_EDGE('',*,*,#2264,.T.);
#2264 = EDGE_CURVE('',#2265,#2267,#2269,.T.);
#2265 = VERTEX_POINT('',#2266);
#2266 = CARTESIAN_POINT('',(-18.,5.5,2.8));
#2267 = VERTEX_POINT('',#2268);
#2268 = CARTESIAN_POINT('',(-18.,5.2,2.8));
#2269 = LINE('',#2270,#2271);
#2270 = CARTESIAN_POINT('',(-18.,5.2,2.8));
#2271 = VECTOR('',#2272,1.);
#2272 = DIRECTION('',(0.,-1.,0.));
#2273 = ORIENTED_EDGE('',*,*,#2274,.T.);
#2274 = EDGE_CURVE('',#2267,#1212,#2275,.T.);
#2275 = LINE('',#2276,#2277);
#2276 = CARTESIAN_POINT('',(-17.,5.2,2.8));
#2277 = VECTOR('',#2278,1.);
#2278 = DIRECTION('',(-1.,-0.,-0.));
#2279 = ORIENTED_EDGE('',*,*,#1219,.T.);
#2280 = ORIENTED_EDGE('',*,*,#2281,.F.);
#2281 = EDGE_CURVE('',#2282,#1220,#2284,.T.);
#2282 = VERTEX_POINT('',#2283);
#2283 = CARTESIAN_POINT('',(-18.,10.8,2.8));
#2284 = LINE('',#2285,#2286);
#2285 = CARTESIAN_POINT('',(-17.,10.8,2.8));
#2286 = VECTOR('',#2287,1.);
#2287 = DIRECTION('',(-1.,-0.,-0.));
#2288 = ORIENTED_EDGE('',*,*,#2289,.T.);
#2289 = EDGE_CURVE('',#2282,#2290,#2292,.T.);
#2290 = VERTEX_POINT('',#2291);
#2291 = CARTESIAN_POINT('',(-18.,10.5,2.8));
#2292 = LINE('',#2293,#2294);
#2293 = CARTESIAN_POINT('',(-18.,5.2,2.8));
#2294 = VECTOR('',#2295,1.);
#2295 = DIRECTION('',(0.,-1.,0.));
#2296 = ORIENTED_EDGE('',*,*,#2297,.T.);
#2297 = EDGE_CURVE('',#2290,#2298,#2300,.T.);
#2298 = VERTEX_POINT('',#2299);
#2299 = CARTESIAN_POINT('',(-19.,10.5,2.8));
#2300 = LINE('',#2301,#2302);
#2301 = CARTESIAN_POINT('',(-18.,10.5,2.8));
#2302 = VECTOR('',#2303,1.);
#2303 = DIRECTION('',(-1.,-0.,-0.));
#2304 = ORIENTED_EDGE('',*,*,#2305,.F.);
#2305 = EDGE_CURVE('',#2306,#2298,#2308,.T.);
#2306 = VERTEX_POINT('',#2307);
#2307 = CARTESIAN_POINT('',(-19.,5.5,2.8));
#2308 = LINE('',#2309,#2310);
#2309 = CARTESIAN_POINT('',(-19.,5.5,2.8));
#2310 = VECTOR('',#2311,1.);
#2311 = DIRECTION('',(-0.,1.,-0.));
#2312 = ORIENTED_EDGE('',*,*,#2313,.F.);
#2313 = EDGE_CURVE('',#2265,#2306,#2314,.T.);
#2314 = LINE('',#2315,#2316);
#2315 = CARTESIAN_POINT('',(-18.,5.5,2.8));
#2316 = VECTOR('',#2317,1.);
#2317 = DIRECTION('',(-1.,-0.,-0.));
#2318 = PLANE('',#2319);
#2319 = AXIS2_PLACEMENT_3D('',#2320,#2321,#2322);
#2320 = CARTESIAN_POINT('',(-17.,5.2,2.8));
#2321 = DIRECTION('',(-0.,-0.,1.));
#2322 = DIRECTION('',(1.,0.,0.));
#2323 = ADVANCED_FACE('',(#2324),#2381,.T.);
#2324 = FACE_BOUND('',#2325,.F.);
#2325 = EDGE_LOOP('',(#2326,#2336,#2342,#2343,#2351,#2359,#2367,#2375));
#2326 = ORIENTED_EDGE('',*,*,#2327,.T.);
#2327 = EDGE_CURVE('',#2328,#2330,#2332,.T.);
#2328 = VERTEX_POINT('',#2329);
#2329 = CARTESIAN_POINT('',(-18.,-10.5,2.8));
#2330 = VERTEX_POINT('',#2331);
#2331 = CARTESIAN_POINT('',(-18.,-10.8,2.8));
#2332 = LINE('',#2333,#2334);
#2333 = CARTESIAN_POINT('',(-18.,-10.8,2.8));
#2334 = VECTOR('',#2335,1.);
#2335 = DIRECTION('',(0.,-1.,0.));
#2336 = ORIENTED_EDGE('',*,*,#2337,.T.);
#2337 = EDGE_CURVE('',#2330,#1274,#2338,.T.);
#2338 = LINE('',#2339,#2340);
#2339 = CARTESIAN_POINT('',(-17.,-10.8,2.8));
#2340 = VECTOR('',#2341,1.);
#2341 = DIRECTION('',(-1.,-0.,-0.));
#2342 = ORIENTED_EDGE('',*,*,#1281,.T.);
#2343 = ORIENTED_EDGE('',*,*,#2344,.F.);
#2344 = EDGE_CURVE('',#2345,#1282,#2347,.T.);
#2345 = VERTEX_POINT('',#2346);
#2346 = CARTESIAN_POINT('',(-18.,-5.2,2.8));
#2347 = LINE('',#2348,#2349);
#2348 = CARTESIAN_POINT('',(-17.,-5.2,2.8));
#2349 = VECTOR('',#2350,1.);
#2350 = DIRECTION('',(-1.,-0.,-0.));
#2351 = ORIENTED_EDGE('',*,*,#2352,.T.);
#2352 = EDGE_CURVE('',#2345,#2353,#2355,.T.);
#2353 = VERTEX_POINT('',#2354);
#2354 = CARTESIAN_POINT('',(-18.,-5.5,2.8));
#2355 = LINE('',#2356,#2357);
#2356 = CARTESIAN_POINT('',(-18.,-10.8,2.8));
#2357 = VECTOR('',#2358,1.);
#2358 = DIRECTION('',(0.,-1.,0.));
#2359 = ORIENTED_EDGE('',*,*,#2360,.T.);
#2360 = EDGE_CURVE('',#2353,#2361,#2363,.T.);
#2361 = VERTEX_POINT('',#2362);
#2362 = CARTESIAN_POINT('',(-19.,-5.5,2.8));
#2363 = LINE('',#2364,#2365);
#2364 = CARTESIAN_POINT('',(-18.,-5.5,2.8));
#2365 = VECTOR('',#2366,1.);
#2366 = DIRECTION('',(-1.,-0.,-0.));
#2367 = ORIENTED_EDGE('',*,*,#2368,.F.);
#2368 = EDGE_CURVE('',#2369,#2361,#2371,.T.);
#2369 = VERTEX_POINT('',#2370);
#2370 = CARTESIAN_POINT('',(-19.,-10.5,2.8));
#2371 = LINE('',#2372,#2373);
#2372 = CARTESIAN_POINT('',(-19.,-10.5,2.8));
#2373 = VECTOR('',#2374,1.);
#2374 = DIRECTION('',(-0.,1.,-0.));
#2375 = ORIENTED_EDGE('',*,*,#2376,.F.);
#2376 = EDGE_CURVE('',#2328,#2369,#2377,.T.);
#2377 = LINE('',#2378,#2379);
#2378 = CARTESIAN_POINT('',(-18.,-10.5,2.8));
#2379 = VECTOR('',#2380,1.);
#2380 = DIRECTION('',(-1.,-0.,-0.));
#2381 = PLANE('',#2382);
#2382 = AXIS2_PLACEMENT_3D('',#2383,#2384,#2385);
#2383 = CARTESIAN_POINT('',(-17.,-10.8,2.8));
#2384 = DIRECTION('',(-0.,-0.,1.));
#2385 = DIRECTION('',(1.,0.,0.));
#2386 = ADVANCED_FACE('',(#2387,#2390),#2401,.F.);
#2387 = FACE_BOUND('',#2388,.F.);
#2388 = EDGE_LOOP('',(#2389));
#2389 = ORIENTED_EDGE('',*,*,#1442,.T.);
#2390 = FACE_BOUND('',#2391,.F.);
#2391 = EDGE_LOOP('',(#2392));
#2392 = ORIENTED_EDGE('',*,*,#2393,.F.);
#2393 = EDGE_CURVE('',#2394,#2394,#2396,.T.);
#2394 = VERTEX_POINT('',#2395);
#2395 = CARTESIAN_POINT('',(12.15,-19.5,1.3));
#2396 = CIRCLE('',#2397,1.15);
#2397 = AXIS2_PLACEMENT_3D('',#2398,#2399,#2400);
#2398 = CARTESIAN_POINT('',(11.,-19.5,1.3));
#2399 = DIRECTION('',(0.,0.,1.));
#2400 = DIRECTION('',(1.,0.,-0.));
#2401 = PLANE('',#2402);
#2402 = AXIS2_PLACEMENT_3D('',#2403,#2404,#2405);
#2403 = CARTESIAN_POINT('',(11.,-19.5,1.3));
#2404 = DIRECTION('',(0.,0.,1.));
#2405 = DIRECTION('',(1.,0.,-0.));
#2406 = ADVANCED_FACE('',(#2407,#2410),#2421,.F.);
#2407 = FACE_BOUND('',#2408,.F.);
#2408 = EDGE_LOOP('',(#2409));
#2409 = ORIENTED_EDGE('',*,*,#1467,.T.);
#2410 = FACE_BOUND('',#2411,.F.);
#2411 = EDGE_LOOP('',(#2412));
#2412 = ORIENTED_EDGE('',*,*,#2413,.F.);
#2413 = EDGE_CURVE('',#2414,#2414,#2416,.T.);
#2414 = VERTEX_POINT('',#2415);
#2415 = CARTESIAN_POINT('',(-9.85,-19.5,1.3));
#2416 = CIRCLE('',#2417,1.15);
#2417 = AXIS2_PLACEMENT_3D('',#2418,#2419,#2420);
#2418 = CARTESIAN_POINT('',(-11.,-19.5,1.3));
#2419 = DIRECTION('',(0.,0.,1.));
#2420 = DIRECTION('',(1.,0.,-0.));
#2421 = PLANE('',#2422);
#2422 = AXIS2_PLACEMENT_3D('',#2423,#2424,#2425);
#2423 = CARTESIAN_POINT('',(-11.,-19.5,1.3));
#2424 = DIRECTION('',(0.,0.,1.));
#2425 = DIRECTION('',(1.,0.,-0.));
#2426 = ADVANCED_FACE('',(#2427,#2488,#2499,#2510,#2516,#2522,#2533,
    #2539,#2545),#2556,.F.);
#2427 = FACE_BOUND('',#2428,.F.);
#2428 = EDGE_LOOP('',(#2429,#2438,#2446,#2455,#2463,#2472,#2480,#2487));
#2429 = ORIENTED_EDGE('',*,*,#2430,.F.);
#2430 = EDGE_CURVE('',#2431,#2104,#2433,.T.);
#2431 = VERTEX_POINT('',#2432);
#2432 = CARTESIAN_POINT('',(-14.96,-19.,2.8));
#2433 = CIRCLE('',#2434,3.5);
#2434 = AXIS2_PLACEMENT_3D('',#2435,#2436,#2437);
#2435 = CARTESIAN_POINT('',(-11.46,-19.,2.8));
#2436 = DIRECTION('',(0.,0.,1.));
#2437 = DIRECTION('',(1.,0.,-0.));
#2438 = ORIENTED_EDGE('',*,*,#2439,.T.);
#2439 = EDGE_CURVE('',#2431,#2440,#2442,.T.);
#2440 = VERTEX_POINT('',#2441);
#2441 = CARTESIAN_POINT('',(-14.96,19.,2.8));
#2442 = LINE('',#2443,#2444);
#2443 = CARTESIAN_POINT('',(-14.96,-19.,2.8));
#2444 = VECTOR('',#2445,1.);
#2445 = DIRECTION('',(-0.,1.,0.));
#2446 = ORIENTED_EDGE('',*,*,#2447,.F.);
#2447 = EDGE_CURVE('',#2448,#2440,#2450,.T.);
#2448 = VERTEX_POINT('',#2449);
#2449 = CARTESIAN_POINT('',(-11.46,22.5,2.8));
#2450 = CIRCLE('',#2451,3.5);
#2451 = AXIS2_PLACEMENT_3D('',#2452,#2453,#2454);
#2452 = CARTESIAN_POINT('',(-11.46,19.,2.8));
#2453 = DIRECTION('',(0.,0.,1.));
#2454 = DIRECTION('',(1.,0.,-0.));
#2455 = ORIENTED_EDGE('',*,*,#2456,.T.);
#2456 = EDGE_CURVE('',#2448,#2457,#2459,.T.);
#2457 = VERTEX_POINT('',#2458);
#2458 = CARTESIAN_POINT('',(11.46,22.5,2.8));
#2459 = LINE('',#2460,#2461);
#2460 = CARTESIAN_POINT('',(-11.46,22.5,2.8));
#2461 = VECTOR('',#2462,1.);
#2462 = DIRECTION('',(1.,0.,-0.));
#2463 = ORIENTED_EDGE('',*,*,#2464,.F.);
#2464 = EDGE_CURVE('',#2465,#2457,#2467,.T.);
#2465 = VERTEX_POINT('',#2466);
#2466 = CARTESIAN_POINT('',(14.96,19.,2.8));
#2467 = CIRCLE('',#2468,3.5);
#2468 = AXIS2_PLACEMENT_3D('',#2469,#2470,#2471);
#2469 = CARTESIAN_POINT('',(11.46,19.,2.8));
#2470 = DIRECTION('',(0.,0.,1.));
#2471 = DIRECTION('',(1.,0.,-0.));
#2472 = ORIENTED_EDGE('',*,*,#2473,.F.);
#2473 = EDGE_CURVE('',#2474,#2465,#2476,.T.);
#2474 = VERTEX_POINT('',#2475);
#2475 = CARTESIAN_POINT('',(14.96,-19.,2.8));
#2476 = LINE('',#2477,#2478);
#2477 = CARTESIAN_POINT('',(14.96,-19.,2.8));
#2478 = VECTOR('',#2479,1.);
#2479 = DIRECTION('',(-0.,1.,0.));
#2480 = ORIENTED_EDGE('',*,*,#2481,.F.);
#2481 = EDGE_CURVE('',#2106,#2474,#2482,.T.);
#2482 = CIRCLE('',#2483,3.5);
#2483 = AXIS2_PLACEMENT_3D('',#2484,#2485,#2486);
#2484 = CARTESIAN_POINT('',(11.46,-19.,2.8));
#2485 = DIRECTION('',(0.,0.,1.));
#2486 = DIRECTION('',(1.,0.,-0.));
#2487 = ORIENTED_EDGE('',*,*,#2103,.F.);
#2488 = FACE_BOUND('',#2489,.F.);
#2489 = EDGE_LOOP('',(#2490));
#2490 = ORIENTED_EDGE('',*,*,#2491,.T.);
#2491 = EDGE_CURVE('',#2492,#2492,#2494,.T.);
#2492 = VERTEX_POINT('',#2493);
#2493 = CARTESIAN_POINT('',(13.5,-19.5,2.8));
#2494 = CIRCLE('',#2495,2.5);
#2495 = AXIS2_PLACEMENT_3D('',#2496,#2497,#2498);
#2496 = CARTESIAN_POINT('',(11.,-19.5,2.8));
#2497 = DIRECTION('',(0.,0.,1.));
#2498 = DIRECTION('',(1.,0.,-0.));
#2499 = FACE_BOUND('',#2500,.F.);
#2500 = EDGE_LOOP('',(#2501));
#2501 = ORIENTED_EDGE('',*,*,#2502,.T.);
#2502 = EDGE_CURVE('',#2503,#2503,#2505,.T.);
#2503 = VERTEX_POINT('',#2504);
#2504 = CARTESIAN_POINT('',(-8.5,-19.5,2.8));
#2505 = CIRCLE('',#2506,2.5);
#2506 = AXIS2_PLACEMENT_3D('',#2507,#2508,#2509);
#2507 = CARTESIAN_POINT('',(-11.,-19.5,2.8));
#2508 = DIRECTION('',(0.,0.,1.));
#2509 = DIRECTION('',(1.,0.,-0.));
#2510 = FACE_BOUND('',#2511,.F.);
#2511 = EDGE_LOOP('',(#2512,#2513,#2514,#2515));
#2512 = ORIENTED_EDGE('',*,*,#1501,.F.);
#2513 = ORIENTED_EDGE('',*,*,#1525,.T.);
#2514 = ORIENTED_EDGE('',*,*,#1566,.T.);
#2515 = ORIENTED_EDGE('',*,*,#1549,.F.);
#2516 = FACE_BOUND('',#2517,.F.);
#2517 = EDGE_LOOP('',(#2518,#2519,#2520,#2521));
#2518 = ORIENTED_EDGE('',*,*,#1597,.F.);
#2519 = ORIENTED_EDGE('',*,*,#1621,.T.);
#2520 = ORIENTED_EDGE('',*,*,#1662,.T.);
#2521 = ORIENTED_EDGE('',*,*,#1645,.F.);
#2522 = FACE_BOUND('',#2523,.F.);
#2523 = EDGE_LOOP('',(#2524));
#2524 = ORIENTED_EDGE('',*,*,#2525,.T.);
#2525 = EDGE_CURVE('',#2526,#2526,#2528,.T.);
#2526 = VERTEX_POINT('',#2527);
#2527 = CARTESIAN_POINT('',(13.5,19.5,2.8));
#2528 = CIRCLE('',#2529,2.5);
#2529 = AXIS2_PLACEMENT_3D('',#2530,#2531,#2532);
#2530 = CARTESIAN_POINT('',(11.,19.5,2.8));
#2531 = DIRECTION('',(0.,0.,1.));
#2532 = DIRECTION('',(1.,0.,-0.));
#2533 = FACE_BOUND('',#2534,.F.);
#2534 = EDGE_LOOP('',(#2535,#2536,#2537,#2538));
#2535 = ORIENTED_EDGE('',*,*,#1718,.F.);
#2536 = ORIENTED_EDGE('',*,*,#1742,.T.);
#2537 = ORIENTED_EDGE('',*,*,#1783,.T.);
#2538 = ORIENTED_EDGE('',*,*,#1766,.F.);
#2539 = FACE_BOUND('',#2540,.F.);
#2540 = EDGE_LOOP('',(#2541,#2542,#2543,#2544));
#2541 = ORIENTED_EDGE('',*,*,#1814,.F.);
#2542 = ORIENTED_EDGE('',*,*,#1879,.T.);
#2543 = ORIENTED_EDGE('',*,*,#1862,.T.);
#2544 = ORIENTED_EDGE('',*,*,#1838,.F.);
#2545 = FACE_BOUND('',#2546,.F.);
#2546 = EDGE_LOOP('',(#2547));
#2547 = ORIENTED_EDGE('',*,*,#2548,.T.);
#2548 = EDGE_CURVE('',#2549,#2549,#2551,.T.);
#2549 = VERTEX_POINT('',#2550);
#2550 = CARTESIAN_POINT('',(-8.5,19.5,2.8));
#2551 = CIRCLE('',#2552,2.5);
#2552 = AXIS2_PLACEMENT_3D('',#2553,#2554,#2555);
#2553 = CARTESIAN_POINT('',(-11.,19.5,2.8));
#2554 = DIRECTION('',(0.,0.,1.));
#2555 = DIRECTION('',(1.,0.,-0.));
#2556 = PLANE('',#2557);
#2557 = AXIS2_PLACEMENT_3D('',#2558,#2559,#2560);
#2558 = CARTESIAN_POINT('',(1.979492346626E-16,0.,2.8));
#2559 = DIRECTION('',(-0.,-0.,-1.));
#2560 = DIRECTION('',(-1.,0.,0.));
#2561 = ADVANCED_FACE('',(#2562,#2565),#2576,.F.);
#2562 = FACE_BOUND('',#2563,.F.);
#2563 = EDGE_LOOP('',(#2564));
#2564 = ORIENTED_EDGE('',*,*,#1684,.T.);
#2565 = FACE_BOUND('',#2566,.F.);
#2566 = EDGE_LOOP('',(#2567));
#2567 = ORIENTED_EDGE('',*,*,#2568,.F.);
#2568 = EDGE_CURVE('',#2569,#2569,#2571,.T.);
#2569 = VERTEX_POINT('',#2570);
#2570 = CARTESIAN_POINT('',(12.15,19.5,1.3));
#2571 = CIRCLE('',#2572,1.15);
#2572 = AXIS2_PLACEMENT_3D('',#2573,#2574,#2575);
#2573 = CARTESIAN_POINT('',(11.,19.5,1.3));
#2574 = DIRECTION('',(0.,0.,1.));
#2575 = DIRECTION('',(1.,0.,-0.));
#2576 = PLANE('',#2577);
#2577 = AXIS2_PLACEMENT_3D('',#2578,#2579,#2580);
#2578 = CARTESIAN_POINT('',(11.,19.5,1.3));
#2579 = DIRECTION('',(0.,0.,1.));
#2580 = DIRECTION('',(1.,0.,-0.));
#2581 = ADVANCED_FACE('',(#2582,#2585),#2596,.F.);
#2582 = FACE_BOUND('',#2583,.F.);
#2583 = EDGE_LOOP('',(#2584));
#2584 = ORIENTED_EDGE('',*,*,#1901,.T.);
#2585 = FACE_BOUND('',#2586,.F.);
#2586 = EDGE_LOOP('',(#2587));
#2587 = ORIENTED_EDGE('',*,*,#2588,.F.);
#2588 = EDGE_CURVE('',#2589,#2589,#2591,.T.);
#2589 = VERTEX_POINT('',#2590);
#2590 = CARTESIAN_POINT('',(-9.85,19.5,1.3));
#2591 = CIRCLE('',#2592,1.15);
#2592 = AXIS2_PLACEMENT_3D('',#2593,#2594,#2595);
#2593 = CARTESIAN_POINT('',(-11.,19.5,1.3));
#2594 = DIRECTION('',(0.,0.,1.));
#2595 = DIRECTION('',(1.,0.,-0.));
#2596 = PLANE('',#2597);
#2597 = AXIS2_PLACEMENT_3D('',#2598,#2599,#2600);
#2598 = CARTESIAN_POINT('',(-11.,19.5,1.3));
#2599 = DIRECTION('',(0.,0.,1.));
#2600 = DIRECTION('',(1.,0.,-0.));
#2601 = ADVANCED_FACE('',(#2602),#2613,.F.);
#2602 = FACE_BOUND('',#2603,.F.);
#2603 = EDGE_LOOP('',(#2604,#2605,#2611,#2612));
#2604 = ORIENTED_EDGE('',*,*,#2481,.T.);
#2605 = ORIENTED_EDGE('',*,*,#2606,.T.);
#2606 = EDGE_CURVE('',#2474,#1974,#2607,.T.);
#2607 = LINE('',#2608,#2609);
#2608 = CARTESIAN_POINT('',(14.96,-19.,2.8));
#2609 = VECTOR('',#2610,1.);
#2610 = DIRECTION('',(0.,0.,1.));
#2611 = ORIENTED_EDGE('',*,*,#1981,.F.);
#2612 = ORIENTED_EDGE('',*,*,#2124,.F.);
#2613 = CYLINDRICAL_SURFACE('',#2614,3.5);
#2614 = AXIS2_PLACEMENT_3D('',#2615,#2616,#2617);
#2615 = CARTESIAN_POINT('',(11.46,-19.,2.8));
#2616 = DIRECTION('',(0.,0.,1.));
#2617 = DIRECTION('',(1.,0.,-0.));
#2618 = ADVANCED_FACE('',(#2619),#2630,.F.);
#2619 = FACE_BOUND('',#2620,.F.);
#2620 = EDGE_LOOP('',(#2621,#2622,#2623,#2629));
#2621 = ORIENTED_EDGE('',*,*,#2606,.F.);
#2622 = ORIENTED_EDGE('',*,*,#2473,.T.);
#2623 = ORIENTED_EDGE('',*,*,#2624,.T.);
#2624 = EDGE_CURVE('',#2465,#1965,#2625,.T.);
#2625 = LINE('',#2626,#2627);
#2626 = CARTESIAN_POINT('',(14.96,19.,2.8));
#2627 = VECTOR('',#2628,1.);
#2628 = DIRECTION('',(0.,0.,1.));
#2629 = ORIENTED_EDGE('',*,*,#1973,.F.);
#2630 = PLANE('',#2631);
#2631 = AXIS2_PLACEMENT_3D('',#2632,#2633,#2634);
#2632 = CARTESIAN_POINT('',(14.96,-19.,2.8));
#2633 = DIRECTION('',(1.,0.,-0.));
#2634 = DIRECTION('',(0.,0.,1.));
#2635 = ADVANCED_FACE('',(#2636),#2647,.F.);
#2636 = FACE_BOUND('',#2637,.F.);
#2637 = EDGE_LOOP('',(#2638,#2639,#2640,#2641));
#2638 = ORIENTED_EDGE('',*,*,#1964,.F.);
#2639 = ORIENTED_EDGE('',*,*,#2624,.F.);
#2640 = ORIENTED_EDGE('',*,*,#2464,.T.);
#2641 = ORIENTED_EDGE('',*,*,#2642,.T.);
#2642 = EDGE_CURVE('',#2457,#1957,#2643,.T.);
#2643 = LINE('',#2644,#2645);
#2644 = CARTESIAN_POINT('',(11.46,22.5,2.8));
#2645 = VECTOR('',#2646,1.);
#2646 = DIRECTION('',(0.,0.,1.));
#2647 = CYLINDRICAL_SURFACE('',#2648,3.5);
#2648 = AXIS2_PLACEMENT_3D('',#2649,#2650,#2651);
#2649 = CARTESIAN_POINT('',(11.46,19.,2.8));
#2650 = DIRECTION('',(0.,0.,1.));
#2651 = DIRECTION('',(1.,0.,-0.));
#2652 = ADVANCED_FACE('',(#2653),#2664,.F.);
#2653 = FACE_BOUND('',#2654,.F.);
#2654 = EDGE_LOOP('',(#2655,#2656,#2662,#2663));
#2655 = ORIENTED_EDGE('',*,*,#2456,.F.);
#2656 = ORIENTED_EDGE('',*,*,#2657,.T.);
#2657 = EDGE_CURVE('',#2448,#1948,#2658,.T.);
#2658 = LINE('',#2659,#2660);
#2659 = CARTESIAN_POINT('',(-11.46,22.5,2.8));
#2660 = VECTOR('',#2661,1.);
#2661 = DIRECTION('',(0.,0.,1.));
#2662 = ORIENTED_EDGE('',*,*,#1956,.F.);
#2663 = ORIENTED_EDGE('',*,*,#2642,.F.);
#2664 = PLANE('',#2665);
#2665 = AXIS2_PLACEMENT_3D('',#2666,#2667,#2668);
#2666 = CARTESIAN_POINT('',(-11.46,22.5,2.8));
#2667 = DIRECTION('',(-0.,1.,0.));
#2668 = DIRECTION('',(0.,0.,1.));
#2669 = ADVANCED_FACE('',(#2670),#2681,.F.);
#2670 = FACE_BOUND('',#2671,.F.);
#2671 = EDGE_LOOP('',(#2672,#2673,#2674,#2675));
#2672 = ORIENTED_EDGE('',*,*,#1947,.F.);
#2673 = ORIENTED_EDGE('',*,*,#2657,.F.);
#2674 = ORIENTED_EDGE('',*,*,#2447,.T.);
#2675 = ORIENTED_EDGE('',*,*,#2676,.T.);
#2676 = EDGE_CURVE('',#2440,#1940,#2677,.T.);
#2677 = LINE('',#2678,#2679);
#2678 = CARTESIAN_POINT('',(-14.96,19.,2.8));
#2679 = VECTOR('',#2680,1.);
#2680 = DIRECTION('',(0.,0.,1.));
#2681 = CYLINDRICAL_SURFACE('',#2682,3.5);
#2682 = AXIS2_PLACEMENT_3D('',#2683,#2684,#2685);
#2683 = CARTESIAN_POINT('',(-11.46,19.,2.8));
#2684 = DIRECTION('',(0.,0.,1.));
#2685 = DIRECTION('',(1.,0.,-0.));
#2686 = ADVANCED_FACE('',(#2687),#2698,.T.);
#2687 = FACE_BOUND('',#2688,.T.);
#2688 = EDGE_LOOP('',(#2689,#2695,#2696,#2697));
#2689 = ORIENTED_EDGE('',*,*,#2690,.F.);
#2690 = EDGE_CURVE('',#2431,#1931,#2691,.T.);
#2691 = LINE('',#2692,#2693);
#2692 = CARTESIAN_POINT('',(-14.96,-19.,2.8));
#2693 = VECTOR('',#2694,1.);
#2694 = DIRECTION('',(0.,0.,1.));
#2695 = ORIENTED_EDGE('',*,*,#2439,.T.);
#2696 = ORIENTED_EDGE('',*,*,#2676,.T.);
#2697 = ORIENTED_EDGE('',*,*,#1939,.F.);
#2698 = PLANE('',#2699);
#2699 = AXIS2_PLACEMENT_3D('',#2700,#2701,#2702);
#2700 = CARTESIAN_POINT('',(-14.96,-19.,2.8));
#2701 = DIRECTION('',(1.,0.,-0.));
#2702 = DIRECTION('',(0.,0.,1.));
#2703 = ADVANCED_FACE('',(#2704),#2710,.F.);
#2704 = FACE_BOUND('',#2705,.F.);
#2705 = EDGE_LOOP('',(#2706,#2707,#2708,#2709));
#2706 = ORIENTED_EDGE('',*,*,#1930,.F.);
#2707 = ORIENTED_EDGE('',*,*,#2690,.F.);
#2708 = ORIENTED_EDGE('',*,*,#2430,.T.);
#2709 = ORIENTED_EDGE('',*,*,#2113,.T.);
#2710 = CYLINDRICAL_SURFACE('',#2711,3.5);
#2711 = AXIS2_PLACEMENT_3D('',#2712,#2713,#2714);
#2712 = CARTESIAN_POINT('',(-11.46,-19.,2.8));
#2713 = DIRECTION('',(0.,0.,1.));
#2714 = DIRECTION('',(1.,0.,-0.));
#2715 = ADVANCED_FACE('',(#2716),#2741,.T.);
#2716 = FACE_BOUND('',#2717,.T.);
#2717 = EDGE_LOOP('',(#2718,#2726,#2727,#2735));
#2718 = ORIENTED_EDGE('',*,*,#2719,.F.);
#2719 = EDGE_CURVE('',#2180,#2720,#2722,.T.);
#2720 = VERTEX_POINT('',#2721);
#2721 = CARTESIAN_POINT('',(19.,-10.5,10.9));
#2722 = LINE('',#2723,#2724);
#2723 = CARTESIAN_POINT('',(19.,-10.5,2.8));
#2724 = VECTOR('',#2725,1.);
#2725 = DIRECTION('',(0.,0.,1.));
#2726 = ORIENTED_EDGE('',*,*,#2179,.T.);
#2727 = ORIENTED_EDGE('',*,*,#2728,.T.);
#2728 = EDGE_CURVE('',#2172,#2729,#2731,.T.);
#2729 = VERTEX_POINT('',#2730);
#2730 = CARTESIAN_POINT('',(19.,-5.5,10.9));
#2731 = LINE('',#2732,#2733);
#2732 = CARTESIAN_POINT('',(19.,-5.5,2.8));
#2733 = VECTOR('',#2734,1.);
#2734 = DIRECTION('',(0.,0.,1.));
#2735 = ORIENTED_EDGE('',*,*,#2736,.F.);
#2736 = EDGE_CURVE('',#2720,#2729,#2737,.T.);
#2737 = LINE('',#2738,#2739);
#2738 = CARTESIAN_POINT('',(19.,-10.5,10.9));
#2739 = VECTOR('',#2740,1.);
#2740 = DIRECTION('',(0.,1.,0.));
#2741 = PLANE('',#2742);
#2742 = AXIS2_PLACEMENT_3D('',#2743,#2744,#2745);
#2743 = CARTESIAN_POINT('',(19.,-10.5,2.8));
#2744 = DIRECTION('',(1.,0.,-0.));
#2745 = DIRECTION('',(0.,0.,1.));
#2746 = ADVANCED_FACE('',(#2747),#2772,.T.);
#2747 = FACE_BOUND('',#2748,.T.);
#2748 = EDGE_LOOP('',(#2749,#2757,#2758,#2766));
#2749 = ORIENTED_EDGE('',*,*,#2750,.F.);
#2750 = EDGE_CURVE('',#2243,#2751,#2753,.T.);
#2751 = VERTEX_POINT('',#2752);
#2752 = CARTESIAN_POINT('',(19.,5.5,10.9));
#2753 = LINE('',#2754,#2755);
#2754 = CARTESIAN_POINT('',(19.,5.5,2.8));
#2755 = VECTOR('',#2756,1.);
#2756 = DIRECTION('',(0.,0.,1.));
#2757 = ORIENTED_EDGE('',*,*,#2242,.T.);
#2758 = ORIENTED_EDGE('',*,*,#2759,.T.);
#2759 = EDGE_CURVE('',#2235,#2760,#2762,.T.);
#2760 = VERTEX_POINT('',#2761);
#2761 = CARTESIAN_POINT('',(19.,10.5,10.9));
#2762 = LINE('',#2763,#2764);
#2763 = CARTESIAN_POINT('',(19.,10.5,2.8));
#2764 = VECTOR('',#2765,1.);
#2765 = DIRECTION('',(0.,0.,1.));
#2766 = ORIENTED_EDGE('',*,*,#2767,.F.);
#2767 = EDGE_CURVE('',#2751,#2760,#2768,.T.);
#2768 = LINE('',#2769,#2770);
#2769 = CARTESIAN_POINT('',(19.,5.5,10.9));
#2770 = VECTOR('',#2771,1.);
#2771 = DIRECTION('',(0.,1.,0.));
#2772 = PLANE('',#2773);
#2773 = AXIS2_PLACEMENT_3D('',#2774,#2775,#2776);
#2774 = CARTESIAN_POINT('',(19.,5.5,2.8));
#2775 = DIRECTION('',(1.,0.,-0.));
#2776 = DIRECTION('',(0.,0.,1.));
#2777 = ADVANCED_FACE('',(#2778),#2803,.T.);
#2778 = FACE_BOUND('',#2779,.F.);
#2779 = EDGE_LOOP('',(#2780,#2788,#2789,#2797));
#2780 = ORIENTED_EDGE('',*,*,#2781,.F.);
#2781 = EDGE_CURVE('',#2306,#2782,#2784,.T.);
#2782 = VERTEX_POINT('',#2783);
#2783 = CARTESIAN_POINT('',(-19.,5.5,10.9));
#2784 = LINE('',#2785,#2786);
#2785 = CARTESIAN_POINT('',(-19.,5.5,2.8));
#2786 = VECTOR('',#2787,1.);
#2787 = DIRECTION('',(-0.,-0.,1.));
#2788 = ORIENTED_EDGE('',*,*,#2305,.T.);
#2789 = ORIENTED_EDGE('',*,*,#2790,.T.);
#2790 = EDGE_CURVE('',#2298,#2791,#2793,.T.);
#2791 = VERTEX_POINT('',#2792);
#2792 = CARTESIAN_POINT('',(-19.,10.5,10.9));
#2793 = LINE('',#2794,#2795);
#2794 = CARTESIAN_POINT('',(-19.,10.5,2.8));
#2795 = VECTOR('',#2796,1.);
#2796 = DIRECTION('',(-0.,-0.,1.));
#2797 = ORIENTED_EDGE('',*,*,#2798,.F.);
#2798 = EDGE_CURVE('',#2782,#2791,#2799,.T.);
#2799 = LINE('',#2800,#2801);
#2800 = CARTESIAN_POINT('',(-19.,5.5,10.9));
#2801 = VECTOR('',#2802,1.);
#2802 = DIRECTION('',(-0.,1.,-0.));
#2803 = PLANE('',#2804);
#2804 = AXIS2_PLACEMENT_3D('',#2805,#2806,#2807);
#2805 = CARTESIAN_POINT('',(-19.,5.5,2.8));
#2806 = DIRECTION('',(-1.,-0.,-0.));
#2807 = DIRECTION('',(0.,0.,-1.));
#2808 = ADVANCED_FACE('',(#2809),#2834,.T.);
#2809 = FACE_BOUND('',#2810,.F.);
#2810 = EDGE_LOOP('',(#2811,#2819,#2820,#2828));
#2811 = ORIENTED_EDGE('',*,*,#2812,.F.);
#2812 = EDGE_CURVE('',#2369,#2813,#2815,.T.);
#2813 = VERTEX_POINT('',#2814);
#2814 = CARTESIAN_POINT('',(-19.,-10.5,10.9));
#2815 = LINE('',#2816,#2817);
#2816 = CARTESIAN_POINT('',(-19.,-10.5,2.8));
#2817 = VECTOR('',#2818,1.);
#2818 = DIRECTION('',(-0.,-0.,1.));
#2819 = ORIENTED_EDGE('',*,*,#2368,.T.);
#2820 = ORIENTED_EDGE('',*,*,#2821,.T.);
#2821 = EDGE_CURVE('',#2361,#2822,#2824,.T.);
#2822 = VERTEX_POINT('',#2823);
#2823 = CARTESIAN_POINT('',(-19.,-5.5,10.9));
#2824 = LINE('',#2825,#2826);
#2825 = CARTESIAN_POINT('',(-19.,-5.5,2.8));
#2826 = VECTOR('',#2827,1.);
#2827 = DIRECTION('',(-0.,-0.,1.));
#2828 = ORIENTED_EDGE('',*,*,#2829,.F.);
#2829 = EDGE_CURVE('',#2813,#2822,#2830,.T.);
#2830 = LINE('',#2831,#2832);
#2831 = CARTESIAN_POINT('',(-19.,-10.5,10.9));
#2832 = VECTOR('',#2833,1.);
#2833 = DIRECTION('',(-0.,1.,-0.));
#2834 = PLANE('',#2835);
#2835 = AXIS2_PLACEMENT_3D('',#2836,#2837,#2838);
#2836 = CARTESIAN_POINT('',(-19.,-10.5,2.8));
#2837 = DIRECTION('',(-1.,-0.,-0.));
#2838 = DIRECTION('',(0.,0.,-1.));
#2839 = ADVANCED_FACE('',(#2840),#2859,.F.);
#2840 = FACE_BOUND('',#2841,.F.);
#2841 = EDGE_LOOP('',(#2842,#2850,#2857,#2858));
#2842 = ORIENTED_EDGE('',*,*,#2843,.T.);
#2843 = EDGE_CURVE('',#2394,#2844,#2846,.T.);
#2844 = VERTEX_POINT('',#2845);
#2845 = CARTESIAN_POINT('',(12.15,-19.5,4.3));
#2846 = LINE('',#2847,#2848);
#2847 = CARTESIAN_POINT('',(12.15,-19.5,-0.1));
#2848 = VECTOR('',#2849,1.);
#2849 = DIRECTION('',(0.,0.,1.));
#2850 = ORIENTED_EDGE('',*,*,#2851,.F.);
#2851 = EDGE_CURVE('',#2844,#2844,#2852,.T.);
#2852 = CIRCLE('',#2853,1.15);
#2853 = AXIS2_PLACEMENT_3D('',#2854,#2855,#2856);
#2854 = CARTESIAN_POINT('',(11.,-19.5,4.3));
#2855 = DIRECTION('',(0.,0.,1.));
#2856 = DIRECTION('',(1.,0.,-0.));
#2857 = ORIENTED_EDGE('',*,*,#2843,.F.);
#2858 = ORIENTED_EDGE('',*,*,#2393,.T.);
#2859 = CYLINDRICAL_SURFACE('',#2860,1.15);
#2860 = AXIS2_PLACEMENT_3D('',#2861,#2862,#2863);
#2861 = CARTESIAN_POINT('',(11.,-19.5,-0.1));
#2862 = DIRECTION('',(0.,0.,1.));
#2863 = DIRECTION('',(1.,0.,-0.));
#2864 = ADVANCED_FACE('',(#2865),#2884,.F.);
#2865 = FACE_BOUND('',#2866,.F.);
#2866 = EDGE_LOOP('',(#2867,#2875,#2882,#2883));
#2867 = ORIENTED_EDGE('',*,*,#2868,.T.);
#2868 = EDGE_CURVE('',#2414,#2869,#2871,.T.);
#2869 = VERTEX_POINT('',#2870);
#2870 = CARTESIAN_POINT('',(-9.85,-19.5,4.3));
#2871 = LINE('',#2872,#2873);
#2872 = CARTESIAN_POINT('',(-9.85,-19.5,-0.1));
#2873 = VECTOR('',#2874,1.);
#2874 = DIRECTION('',(0.,0.,1.));
#2875 = ORIENTED_EDGE('',*,*,#2876,.F.);
#2876 = EDGE_CURVE('',#2869,#2869,#2877,.T.);
#2877 = CIRCLE('',#2878,1.15);
#2878 = AXIS2_PLACEMENT_3D('',#2879,#2880,#2881);
#2879 = CARTESIAN_POINT('',(-11.,-19.5,4.3));
#2880 = DIRECTION('',(0.,0.,1.));
#2881 = DIRECTION('',(1.,0.,-0.));
#2882 = ORIENTED_EDGE('',*,*,#2868,.F.);
#2883 = ORIENTED_EDGE('',*,*,#2413,.T.);
#2884 = CYLINDRICAL_SURFACE('',#2885,1.15);
#2885 = AXIS2_PLACEMENT_3D('',#2886,#2887,#2888);
#2886 = CARTESIAN_POINT('',(-11.,-19.5,-0.1));
#2887 = DIRECTION('',(0.,0.,1.));
#2888 = DIRECTION('',(1.,0.,-0.));
#2889 = ADVANCED_FACE('',(#2890),#2909,.T.);
#2890 = FACE_BOUND('',#2891,.T.);
#2891 = EDGE_LOOP('',(#2892,#2901,#2907,#2908));
#2892 = ORIENTED_EDGE('',*,*,#2893,.F.);
#2893 = EDGE_CURVE('',#2894,#2894,#2896,.T.);
#2894 = VERTEX_POINT('',#2895);
#2895 = CARTESIAN_POINT('',(13.5,-19.5,4.3));
#2896 = CIRCLE('',#2897,2.5);
#2897 = AXIS2_PLACEMENT_3D('',#2898,#2899,#2900);
#2898 = CARTESIAN_POINT('',(11.,-19.5,4.3));
#2899 = DIRECTION('',(0.,0.,1.));
#2900 = DIRECTION('',(1.,0.,-0.));
#2901 = ORIENTED_EDGE('',*,*,#2902,.F.);
#2902 = EDGE_CURVE('',#2492,#2894,#2903,.T.);
#2903 = LINE('',#2904,#2905);
#2904 = CARTESIAN_POINT('',(13.5,-19.5,2.8));
#2905 = VECTOR('',#2906,1.);
#2906 = DIRECTION('',(0.,0.,1.));
#2907 = ORIENTED_EDGE('',*,*,#2491,.T.);
#2908 = ORIENTED_EDGE('',*,*,#2902,.T.);
#2909 = CYLINDRICAL_SURFACE('',#2910,2.5);
#2910 = AXIS2_PLACEMENT_3D('',#2911,#2912,#2913);
#2911 = CARTESIAN_POINT('',(11.,-19.5,2.8));
#2912 = DIRECTION('',(0.,0.,1.));
#2913 = DIRECTION('',(1.,0.,-0.));
#2914 = ADVANCED_FACE('',(#2915),#2934,.T.);
#2915 = FACE_BOUND('',#2916,.T.);
#2916 = EDGE_LOOP('',(#2917,#2926,#2932,#2933));
#2917 = ORIENTED_EDGE('',*,*,#2918,.F.);
#2918 = EDGE_CURVE('',#2919,#2919,#2921,.T.);
#2919 = VERTEX_POINT('',#2920);
#2920 = CARTESIAN_POINT('',(-8.5,-19.5,4.3));
#2921 = CIRCLE('',#2922,2.5);
#2922 = AXIS2_PLACEMENT_3D('',#2923,#2924,#2925);
#2923 = CARTESIAN_POINT('',(-11.,-19.5,4.3));
#2924 = DIRECTION('',(0.,0.,1.));
#2925 = DIRECTION('',(1.,0.,-0.));
#2926 = ORIENTED_EDGE('',*,*,#2927,.F.);
#2927 = EDGE_CURVE('',#2503,#2919,#2928,.T.);
#2928 = LINE('',#2929,#2930);
#2929 = CARTESIAN_POINT('',(-8.5,-19.5,2.8));
#2930 = VECTOR('',#2931,1.);
#2931 = DIRECTION('',(0.,0.,1.));
#2932 = ORIENTED_EDGE('',*,*,#2502,.T.);
#2933 = ORIENTED_EDGE('',*,*,#2927,.T.);
#2934 = CYLINDRICAL_SURFACE('',#2935,2.5);
#2935 = AXIS2_PLACEMENT_3D('',#2936,#2937,#2938);
#2936 = CARTESIAN_POINT('',(-11.,-19.5,2.8));
#2937 = DIRECTION('',(0.,0.,1.));
#2938 = DIRECTION('',(1.,0.,-0.));
#2939 = ADVANCED_FACE('',(#2940),#2959,.T.);
#2940 = FACE_BOUND('',#2941,.T.);
#2941 = EDGE_LOOP('',(#2942,#2951,#2957,#2958));
#2942 = ORIENTED_EDGE('',*,*,#2943,.F.);
#2943 = EDGE_CURVE('',#2944,#2944,#2946,.T.);
#2944 = VERTEX_POINT('',#2945);
#2945 = CARTESIAN_POINT('',(13.5,19.5,4.3));
#2946 = CIRCLE('',#2947,2.5);
#2947 = AXIS2_PLACEMENT_3D('',#2948,#2949,#2950);
#2948 = CARTESIAN_POINT('',(11.,19.5,4.3));
#2949 = DIRECTION('',(0.,0.,1.));
#2950 = DIRECTION('',(1.,0.,-0.));
#2951 = ORIENTED_EDGE('',*,*,#2952,.F.);
#2952 = EDGE_CURVE('',#2526,#2944,#2953,.T.);
#2953 = LINE('',#2954,#2955);
#2954 = CARTESIAN_POINT('',(13.5,19.5,2.8));
#2955 = VECTOR('',#2956,1.);
#2956 = DIRECTION('',(0.,0.,1.));
#2957 = ORIENTED_EDGE('',*,*,#2525,.T.);
#2958 = ORIENTED_EDGE('',*,*,#2952,.T.);
#2959 = CYLINDRICAL_SURFACE('',#2960,2.5);
#2960 = AXIS2_PLACEMENT_3D('',#2961,#2962,#2963);
#2961 = CARTESIAN_POINT('',(11.,19.5,2.8));
#2962 = DIRECTION('',(0.,0.,1.));
#2963 = DIRECTION('',(1.,0.,-0.));
#2964 = ADVANCED_FACE('',(#2965),#2984,.T.);
#2965 = FACE_BOUND('',#2966,.T.);
#2966 = EDGE_LOOP('',(#2967,#2976,#2982,#2983));
#2967 = ORIENTED_EDGE('',*,*,#2968,.F.);
#2968 = EDGE_CURVE('',#2969,#2969,#2971,.T.);
#2969 = VERTEX_POINT('',#2970);
#2970 = CARTESIAN_POINT('',(-8.5,19.5,4.3));
#2971 = CIRCLE('',#2972,2.5);
#2972 = AXIS2_PLACEMENT_3D('',#2973,#2974,#2975);
#2973 = CARTESIAN_POINT('',(-11.,19.5,4.3));
#2974 = DIRECTION('',(0.,0.,1.));
#2975 = DIRECTION('',(1.,0.,-0.));
#2976 = ORIENTED_EDGE('',*,*,#2977,.F.);
#2977 = EDGE_CURVE('',#2549,#2969,#2978,.T.);
#2978 = LINE('',#2979,#2980);
#2979 = CARTESIAN_POINT('',(-8.5,19.5,2.8));
#2980 = VECTOR('',#2981,1.);
#2981 = DIRECTION('',(0.,0.,1.));
#2982 = ORIENTED_EDGE('',*,*,#2548,.T.);
#2983 = ORIENTED_EDGE('',*,*,#2977,.T.);
#2984 = CYLINDRICAL_SURFACE('',#2985,2.5);
#2985 = AXIS2_PLACEMENT_3D('',#2986,#2987,#2988);
#2986 = CARTESIAN_POINT('',(-11.,19.5,2.8));
#2987 = DIRECTION('',(0.,0.,1.));
#2988 = DIRECTION('',(1.,0.,-0.));
#2989 = ADVANCED_FACE('',(#2990),#3009,.F.);
#2990 = FACE_BOUND('',#2991,.F.);
#2991 = EDGE_LOOP('',(#2992,#3000,#3007,#3008));
#2992 = ORIENTED_EDGE('',*,*,#2993,.T.);
#2993 = EDGE_CURVE('',#2569,#2994,#2996,.T.);
#2994 = VERTEX_POINT('',#2995);
#2995 = CARTESIAN_POINT('',(12.15,19.5,4.3));
#2996 = LINE('',#2997,#2998);
#2997 = CARTESIAN_POINT('',(12.15,19.5,-0.1));
#2998 = VECTOR('',#2999,1.);
#2999 = DIRECTION('',(0.,0.,1.));
#3000 = ORIENTED_EDGE('',*,*,#3001,.F.);
#3001 = EDGE_CURVE('',#2994,#2994,#3002,.T.);
#3002 = CIRCLE('',#3003,1.15);
#3003 = AXIS2_PLACEMENT_3D('',#3004,#3005,#3006);
#3004 = CARTESIAN_POINT('',(11.,19.5,4.3));
#3005 = DIRECTION('',(0.,0.,1.));
#3006 = DIRECTION('',(1.,0.,-0.));
#3007 = ORIENTED_EDGE('',*,*,#2993,.F.);
#3008 = ORIENTED_EDGE('',*,*,#2568,.T.);
#3009 = CYLINDRICAL_SURFACE('',#3010,1.15);
#3010 = AXIS2_PLACEMENT_3D('',#3011,#3012,#3013);
#3011 = CARTESIAN_POINT('',(11.,19.5,-0.1));
#3012 = DIRECTION('',(0.,0.,1.));
#3013 = DIRECTION('',(1.,0.,-0.));
#3014 = ADVANCED_FACE('',(#3015),#3034,.F.);
#3015 = FACE_BOUND('',#3016,.F.);
#3016 = EDGE_LOOP('',(#3017,#3025,#3032,#3033));
#3017 = ORIENTED_EDGE('',*,*,#3018,.T.);
#3018 = EDGE_CURVE('',#2589,#3019,#3021,.T.);
#3019 = VERTEX_POINT('',#3020);
#3020 = CARTESIAN_POINT('',(-9.85,19.5,4.3));
#3021 = LINE('',#3022,#3023);
#3022 = CARTESIAN_POINT('',(-9.85,19.5,-0.1));
#3023 = VECTOR('',#3024,1.);
#3024 = DIRECTION('',(0.,0.,1.));
#3025 = ORIENTED_EDGE('',*,*,#3026,.F.);
#3026 = EDGE_CURVE('',#3019,#3019,#3027,.T.);
#3027 = CIRCLE('',#3028,1.15);
#3028 = AXIS2_PLACEMENT_3D('',#3029,#3030,#3031);
#3029 = CARTESIAN_POINT('',(-11.,19.5,4.3));
#3030 = DIRECTION('',(0.,0.,1.));
#3031 = DIRECTION('',(1.,0.,-0.));
#3032 = ORIENTED_EDGE('',*,*,#3018,.F.);
#3033 = ORIENTED_EDGE('',*,*,#2588,.T.);
#3034 = CYLINDRICAL_SURFACE('',#3035,1.15);
#3035 = AXIS2_PLACEMENT_3D('',#3036,#3037,#3038);
#3036 = CARTESIAN_POINT('',(-11.,19.5,-0.1));
#3037 = DIRECTION('',(0.,0.,1.));
#3038 = DIRECTION('',(1.,0.,-0.));
#3039 = ADVANCED_FACE('',(#3040),#3065,.T.);
#3040 = FACE_BOUND('',#3041,.T.);
#3041 = EDGE_LOOP('',(#3042,#3050,#3051,#3059));
#3042 = ORIENTED_EDGE('',*,*,#3043,.F.);
#3043 = EDGE_CURVE('',#2720,#3044,#3046,.T.);
#3044 = VERTEX_POINT('',#3045);
#3045 = CARTESIAN_POINT('',(19.5,-10.5,10.9));
#3046 = LINE('',#3047,#3048);
#3047 = CARTESIAN_POINT('',(18.9,-10.5,10.9));
#3048 = VECTOR('',#3049,1.);
#3049 = DIRECTION('',(1.,0.,0.));
#3050 = ORIENTED_EDGE('',*,*,#2736,.T.);
#3051 = ORIENTED_EDGE('',*,*,#3052,.T.);
#3052 = EDGE_CURVE('',#2729,#3053,#3055,.T.);
#3053 = VERTEX_POINT('',#3054);
#3054 = CARTESIAN_POINT('',(19.5,-5.5,10.9));
#3055 = LINE('',#3056,#3057);
#3056 = CARTESIAN_POINT('',(18.9,-5.5,10.9));
#3057 = VECTOR('',#3058,1.);
#3058 = DIRECTION('',(1.,0.,0.));
#3059 = ORIENTED_EDGE('',*,*,#3060,.F.);
#3060 = EDGE_CURVE('',#3044,#3053,#3061,.T.);
#3061 = LINE('',#3062,#3063);
#3062 = CARTESIAN_POINT('',(19.5,-10.5,10.9));
#3063 = VECTOR('',#3064,1.);
#3064 = DIRECTION('',(0.,1.,0.));
#3065 = PLANE('',#3066);
#3066 = AXIS2_PLACEMENT_3D('',#3067,#3068,#3069);
#3067 = CARTESIAN_POINT('',(18.9,-10.5,10.9));
#3068 = DIRECTION('',(0.,0.,-1.));
#3069 = DIRECTION('',(1.,0.,0.));
#3070 = ADVANCED_FACE('',(#3071),#3096,.T.);
#3071 = FACE_BOUND('',#3072,.T.);
#3072 = EDGE_LOOP('',(#3073,#3081,#3082,#3090));
#3073 = ORIENTED_EDGE('',*,*,#3074,.F.);
#3074 = EDGE_CURVE('',#2751,#3075,#3077,.T.);
#3075 = VERTEX_POINT('',#3076);
#3076 = CARTESIAN_POINT('',(19.5,5.5,10.9));
#3077 = LINE('',#3078,#3079);
#3078 = CARTESIAN_POINT('',(18.9,5.5,10.9));
#3079 = VECTOR('',#3080,1.);
#3080 = DIRECTION('',(1.,0.,0.));
#3081 = ORIENTED_EDGE('',*,*,#2767,.T.);
#3082 = ORIENTED_EDGE('',*,*,#3083,.T.);
#3083 = EDGE_CURVE('',#2760,#3084,#3086,.T.);
#3084 = VERTEX_POINT('',#3085);
#3085 = CARTESIAN_POINT('',(19.5,10.5,10.9));
#3086 = LINE('',#3087,#3088);
#3087 = CARTESIAN_POINT('',(18.9,10.5,10.9));
#3088 = VECTOR('',#3089,1.);
#3089 = DIRECTION('',(1.,0.,0.));
#3090 = ORIENTED_EDGE('',*,*,#3091,.F.);
#3091 = EDGE_CURVE('',#3075,#3084,#3092,.T.);
#3092 = LINE('',#3093,#3094);
#3093 = CARTESIAN_POINT('',(19.5,5.5,10.9));
#3094 = VECTOR('',#3095,1.);
#3095 = DIRECTION('',(0.,1.,0.));
#3096 = PLANE('',#3097);
#3097 = AXIS2_PLACEMENT_3D('',#3098,#3099,#3100);
#3098 = CARTESIAN_POINT('',(18.9,5.5,10.9));
#3099 = DIRECTION('',(0.,0.,-1.));
#3100 = DIRECTION('',(1.,0.,0.));
#3101 = ADVANCED_FACE('',(#3102),#3127,.T.);
#3102 = FACE_BOUND('',#3103,.F.);
#3103 = EDGE_LOOP('',(#3104,#3112,#3113,#3121));
#3104 = ORIENTED_EDGE('',*,*,#3105,.F.);
#3105 = EDGE_CURVE('',#2782,#3106,#3108,.T.);
#3106 = VERTEX_POINT('',#3107);
#3107 = CARTESIAN_POINT('',(-19.5,5.5,10.9));
#3108 = LINE('',#3109,#3110);
#3109 = CARTESIAN_POINT('',(-18.9,5.5,10.9));
#3110 = VECTOR('',#3111,1.);
#3111 = DIRECTION('',(-1.,-0.,-0.));
#3112 = ORIENTED_EDGE('',*,*,#2798,.T.);
#3113 = ORIENTED_EDGE('',*,*,#3114,.T.);
#3114 = EDGE_CURVE('',#2791,#3115,#3117,.T.);
#3115 = VERTEX_POINT('',#3116);
#3116 = CARTESIAN_POINT('',(-19.5,10.5,10.9));
#3117 = LINE('',#3118,#3119);
#3118 = CARTESIAN_POINT('',(-18.9,10.5,10.9));
#3119 = VECTOR('',#3120,1.);
#3120 = DIRECTION('',(-1.,-0.,-0.));
#3121 = ORIENTED_EDGE('',*,*,#3122,.F.);
#3122 = EDGE_CURVE('',#3106,#3115,#3123,.T.);
#3123 = LINE('',#3124,#3125);
#3124 = CARTESIAN_POINT('',(-19.5,5.5,10.9));
#3125 = VECTOR('',#3126,1.);
#3126 = DIRECTION('',(-0.,1.,-0.));
#3127 = PLANE('',#3128);
#3128 = AXIS2_PLACEMENT_3D('',#3129,#3130,#3131);
#3129 = CARTESIAN_POINT('',(-18.9,5.5,10.9));
#3130 = DIRECTION('',(-0.,-0.,-1.));
#3131 = DIRECTION('',(1.,0.,0.));
#3132 = ADVANCED_FACE('',(#3133),#3158,.T.);
#3133 = FACE_BOUND('',#3134,.F.);
#3134 = EDGE_LOOP('',(#3135,#3143,#3144,#3152));
#3135 = ORIENTED_EDGE('',*,*,#3136,.F.);
#3136 = EDGE_CURVE('',#2813,#3137,#3139,.T.);
#3137 = VERTEX_POINT('',#3138);
#3138 = CARTESIAN_POINT('',(-19.5,-10.5,10.9));
#3139 = LINE('',#3140,#3141);
#3140 = CARTESIAN_POINT('',(-18.9,-10.5,10.9));
#3141 = VECTOR('',#3142,1.);
#3142 = DIRECTION('',(-1.,-0.,-0.));
#3143 = ORIENTED_EDGE('',*,*,#2829,.T.);
#3144 = ORIENTED_EDGE('',*,*,#3145,.T.);
#3145 = EDGE_CURVE('',#2822,#3146,#3148,.T.);
#3146 = VERTEX_POINT('',#3147);
#3147 = CARTESIAN_POINT('',(-19.5,-5.5,10.9));
#3148 = LINE('',#3149,#3150);
#3149 = CARTESIAN_POINT('',(-18.9,-5.5,10.9));
#3150 = VECTOR('',#3151,1.);
#3151 = DIRECTION('',(-1.,-0.,-0.));
#3152 = ORIENTED_EDGE('',*,*,#3153,.F.);
#3153 = EDGE_CURVE('',#3137,#3146,#3154,.T.);
#3154 = LINE('',#3155,#3156);
#3155 = CARTESIAN_POINT('',(-19.5,-10.5,10.9));
#3156 = VECTOR('',#3157,1.);
#3157 = DIRECTION('',(-0.,1.,-0.));
#3158 = PLANE('',#3159);
#3159 = AXIS2_PLACEMENT_3D('',#3160,#3161,#3162);
#3160 = CARTESIAN_POINT('',(-18.9,-10.5,10.9));
#3161 = DIRECTION('',(-0.,-0.,-1.));
#3162 = DIRECTION('',(1.,0.,0.));
#3163 = ADVANCED_FACE('',(#3164,#3167),#3170,.T.);
#3164 = FACE_BOUND('',#3165,.T.);
#3165 = EDGE_LOOP('',(#3166));
#3166 = ORIENTED_EDGE('',*,*,#2893,.T.);
#3167 = FACE_BOUND('',#3168,.T.);
#3168 = EDGE_LOOP('',(#3169));
#3169 = ORIENTED_EDGE('',*,*,#2851,.F.);
#3170 = PLANE('',#3171);
#3171 = AXIS2_PLACEMENT_3D('',#3172,#3173,#3174);
#3172 = CARTESIAN_POINT('',(11.,-19.5,4.3));
#3173 = DIRECTION('',(0.,0.,1.));
#3174 = DIRECTION('',(1.,0.,-0.));
#3175 = ADVANCED_FACE('',(#3176,#3179),#3182,.T.);
#3176 = FACE_BOUND('',#3177,.T.);
#3177 = EDGE_LOOP('',(#3178));
#3178 = ORIENTED_EDGE('',*,*,#2918,.T.);
#3179 = FACE_BOUND('',#3180,.T.);
#3180 = EDGE_LOOP('',(#3181));
#3181 = ORIENTED_EDGE('',*,*,#2876,.F.);
#3182 = PLANE('',#3183);
#3183 = AXIS2_PLACEMENT_3D('',#3184,#3185,#3186);
#3184 = CARTESIAN_POINT('',(-11.,-19.5,4.3));
#3185 = DIRECTION('',(0.,0.,1.));
#3186 = DIRECTION('',(1.,0.,-0.));
#3187 = ADVANCED_FACE('',(#3188,#3191),#3194,.T.);
#3188 = FACE_BOUND('',#3189,.T.);
#3189 = EDGE_LOOP('',(#3190));
#3190 = ORIENTED_EDGE('',*,*,#2943,.T.);
#3191 = FACE_BOUND('',#3192,.T.);
#3192 = EDGE_LOOP('',(#3193));
#3193 = ORIENTED_EDGE('',*,*,#3001,.F.);
#3194 = PLANE('',#3195);
#3195 = AXIS2_PLACEMENT_3D('',#3196,#3197,#3198);
#3196 = CARTESIAN_POINT('',(11.,19.5,4.3));
#3197 = DIRECTION('',(0.,0.,1.));
#3198 = DIRECTION('',(1.,0.,-0.));
#3199 = ADVANCED_FACE('',(#3200,#3203),#3206,.T.);
#3200 = FACE_BOUND('',#3201,.T.);
#3201 = EDGE_LOOP('',(#3202));
#3202 = ORIENTED_EDGE('',*,*,#2968,.T.);
#3203 = FACE_BOUND('',#3204,.T.);
#3204 = EDGE_LOOP('',(#3205));
#3205 = ORIENTED_EDGE('',*,*,#3026,.F.);
#3206 = PLANE('',#3207);
#3207 = AXIS2_PLACEMENT_3D('',#3208,#3209,#3210);
#3208 = CARTESIAN_POINT('',(-11.,19.5,4.3));
#3209 = DIRECTION('',(0.,0.,1.));
#3210 = DIRECTION('',(1.,0.,-0.));
#3211 = ADVANCED_FACE('',(#3212),#3237,.T.);
#3212 = FACE_BOUND('',#3213,.T.);
#3213 = EDGE_LOOP('',(#3214,#3222,#3223,#3231));
#3214 = ORIENTED_EDGE('',*,*,#3215,.F.);
#3215 = EDGE_CURVE('',#3044,#3216,#3218,.T.);
#3216 = VERTEX_POINT('',#3217);
#3217 = CARTESIAN_POINT('',(19.,-10.5,12.066666666667));
#3218 = LINE('',#3219,#3220);
#3219 = CARTESIAN_POINT('',(19.5,-10.5,10.9));
#3220 = VECTOR('',#3221,1.);
#3221 = DIRECTION('',(-0.393919298579,0.,0.919145030018));
#3222 = ORIENTED_EDGE('',*,*,#3060,.T.);
#3223 = ORIENTED_EDGE('',*,*,#3224,.T.);
#3224 = EDGE_CURVE('',#3053,#3225,#3227,.T.);
#3225 = VERTEX_POINT('',#3226);
#3226 = CARTESIAN_POINT('',(19.,-5.5,12.066666666667));
#3227 = LINE('',#3228,#3229);
#3228 = CARTESIAN_POINT('',(19.5,-5.5,10.9));
#3229 = VECTOR('',#3230,1.);
#3230 = DIRECTION('',(-0.393919298579,0.,0.919145030018));
#3231 = ORIENTED_EDGE('',*,*,#3232,.T.);
#3232 = EDGE_CURVE('',#3225,#3216,#3233,.T.);
#3233 = LINE('',#3234,#3235);
#3234 = CARTESIAN_POINT('',(19.,-10.5,12.066666666667));
#3235 = VECTOR('',#3236,1.);
#3236 = DIRECTION('',(0.,-1.,-0.));
#3237 = PLANE('',#3238);
#3238 = AXIS2_PLACEMENT_3D('',#3239,#3240,#3241);
#3239 = CARTESIAN_POINT('',(19.5,-10.5,10.9));
#3240 = DIRECTION('',(0.919145030018,-0.,0.393919298579));
#3241 = DIRECTION('',(-0.393919298579,0.,0.919145030018));
#3242 = ADVANCED_FACE('',(#3243),#3268,.T.);
#3243 = FACE_BOUND('',#3244,.T.);
#3244 = EDGE_LOOP('',(#3245,#3253,#3254,#3262));
#3245 = ORIENTED_EDGE('',*,*,#3246,.F.);
#3246 = EDGE_CURVE('',#3075,#3247,#3249,.T.);
#3247 = VERTEX_POINT('',#3248);
#3248 = CARTESIAN_POINT('',(19.,5.5,12.066666666667));
#3249 = LINE('',#3250,#3251);
#3250 = CARTESIAN_POINT('',(19.5,5.5,10.9));
#3251 = VECTOR('',#3252,1.);
#3252 = DIRECTION('',(-0.393919298579,0.,0.919145030018));
#3253 = ORIENTED_EDGE('',*,*,#3091,.T.);
#3254 = ORIENTED_EDGE('',*,*,#3255,.T.);
#3255 = EDGE_CURVE('',#3084,#3256,#3258,.T.);
#3256 = VERTEX_POINT('',#3257);
#3257 = CARTESIAN_POINT('',(19.,10.5,12.066666666667));
#3258 = LINE('',#3259,#3260);
#3259 = CARTESIAN_POINT('',(19.5,10.5,10.9));
#3260 = VECTOR('',#3261,1.);
#3261 = DIRECTION('',(-0.393919298579,0.,0.919145030018));
#3262 = ORIENTED_EDGE('',*,*,#3263,.T.);
#3263 = EDGE_CURVE('',#3256,#3247,#3264,.T.);
#3264 = LINE('',#3265,#3266);
#3265 = CARTESIAN_POINT('',(19.,5.5,12.066666666667));
#3266 = VECTOR('',#3267,1.);
#3267 = DIRECTION('',(0.,-1.,-0.));
#3268 = PLANE('',#3269);
#3269 = AXIS2_PLACEMENT_3D('',#3270,#3271,#3272);
#3270 = CARTESIAN_POINT('',(19.5,5.5,10.9));
#3271 = DIRECTION('',(0.919145030018,-0.,0.393919298579));
#3272 = DIRECTION('',(-0.393919298579,0.,0.919145030018));
#3273 = ADVANCED_FACE('',(#3274),#3299,.T.);
#3274 = FACE_BOUND('',#3275,.F.);
#3275 = EDGE_LOOP('',(#3276,#3284,#3285,#3293));
#3276 = ORIENTED_EDGE('',*,*,#3277,.F.);
#3277 = EDGE_CURVE('',#3106,#3278,#3280,.T.);
#3278 = VERTEX_POINT('',#3279);
#3279 = CARTESIAN_POINT('',(-19.,5.5,12.066666666667));
#3280 = LINE('',#3281,#3282);
#3281 = CARTESIAN_POINT('',(-19.5,5.5,10.9));
#3282 = VECTOR('',#3283,1.);
#3283 = DIRECTION('',(0.393919298579,-0.,0.919145030018));
#3284 = ORIENTED_EDGE('',*,*,#3122,.T.);
#3285 = ORIENTED_EDGE('',*,*,#3286,.T.);
#3286 = EDGE_CURVE('',#3115,#3287,#3289,.T.);
#3287 = VERTEX_POINT('',#3288);
#3288 = CARTESIAN_POINT('',(-19.,10.5,12.066666666667));
#3289 = LINE('',#3290,#3291);
#3290 = CARTESIAN_POINT('',(-19.5,10.5,10.9));
#3291 = VECTOR('',#3292,1.);
#3292 = DIRECTION('',(0.393919298579,-0.,0.919145030018));
#3293 = ORIENTED_EDGE('',*,*,#3294,.T.);
#3294 = EDGE_CURVE('',#3287,#3278,#3295,.T.);
#3295 = LINE('',#3296,#3297);
#3296 = CARTESIAN_POINT('',(-19.,5.5,12.066666666667));
#3297 = VECTOR('',#3298,1.);
#3298 = DIRECTION('',(-0.,-1.,-0.));
#3299 = PLANE('',#3300);
#3300 = AXIS2_PLACEMENT_3D('',#3301,#3302,#3303);
#3301 = CARTESIAN_POINT('',(-19.5,5.5,10.9));
#3302 = DIRECTION('',(-0.919145030018,-0.,0.393919298579));
#3303 = DIRECTION('',(-0.393919298579,0.,-0.919145030018));
#3304 = ADVANCED_FACE('',(#3305),#3330,.T.);
#3305 = FACE_BOUND('',#3306,.F.);
#3306 = EDGE_LOOP('',(#3307,#3315,#3316,#3324));
#3307 = ORIENTED_EDGE('',*,*,#3308,.F.);
#3308 = EDGE_CURVE('',#3137,#3309,#3311,.T.);
#3309 = VERTEX_POINT('',#3310);
#3310 = CARTESIAN_POINT('',(-19.,-10.5,12.066666666667));
#3311 = LINE('',#3312,#3313);
#3312 = CARTESIAN_POINT('',(-19.5,-10.5,10.9));
#3313 = VECTOR('',#3314,1.);
#3314 = DIRECTION('',(0.393919298579,-0.,0.919145030018));
#3315 = ORIENTED_EDGE('',*,*,#3153,.T.);
#3316 = ORIENTED_EDGE('',*,*,#3317,.T.);
#3317 = EDGE_CURVE('',#3146,#3318,#3320,.T.);
#3318 = VERTEX_POINT('',#3319);
#3319 = CARTESIAN_POINT('',(-19.,-5.5,12.066666666667));
#3320 = LINE('',#3321,#3322);
#3321 = CARTESIAN_POINT('',(-19.5,-5.5,10.9));
#3322 = VECTOR('',#3323,1.);
#3323 = DIRECTION('',(0.393919298579,-0.,0.919145030018));
#3324 = ORIENTED_EDGE('',*,*,#3325,.T.);
#3325 = EDGE_CURVE('',#3318,#3309,#3326,.T.);
#3326 = LINE('',#3327,#3328);
#3327 = CARTESIAN_POINT('',(-19.,-10.5,12.066666666667));
#3328 = VECTOR('',#3329,1.);
#3329 = DIRECTION('',(-0.,-1.,-0.));
#3330 = PLANE('',#3331);
#3331 = AXIS2_PLACEMENT_3D('',#3332,#3333,#3334);
#3332 = CARTESIAN_POINT('',(-19.5,-10.5,10.9));
#3333 = DIRECTION('',(-0.919145030018,-0.,0.393919298579));
#3334 = DIRECTION('',(-0.393919298579,0.,-0.919145030018));
#3335 = ADVANCED_FACE('',(#3336),#3361,.T.);
#3336 = FACE_BOUND('',#3337,.T.);
#3337 = EDGE_LOOP('',(#3338,#3346,#3347,#3355));
#3338 = ORIENTED_EDGE('',*,*,#3339,.F.);
#3339 = EDGE_CURVE('',#3216,#3340,#3342,.T.);
#3340 = VERTEX_POINT('',#3341);
#3341 = CARTESIAN_POINT('',(19.,-10.5,12.3));
#3342 = LINE('',#3343,#3344);
#3343 = CARTESIAN_POINT('',(19.,-10.5,2.8));
#3344 = VECTOR('',#3345,1.);
#3345 = DIRECTION('',(0.,0.,1.));
#3346 = ORIENTED_EDGE('',*,*,#3232,.F.);
#3347 = ORIENTED_EDGE('',*,*,#3348,.T.);
#3348 = EDGE_CURVE('',#3225,#3349,#3351,.T.);
#3349 = VERTEX_POINT('',#3350);
#3350 = CARTESIAN_POINT('',(19.,-5.5,12.3));
#3351 = LINE('',#3352,#3353);
#3352 = CARTESIAN_POINT('',(19.,-5.5,2.8));
#3353 = VECTOR('',#3354,1.);
#3354 = DIRECTION('',(0.,0.,1.));
#3355 = ORIENTED_EDGE('',*,*,#3356,.F.);
#3356 = EDGE_CURVE('',#3340,#3349,#3357,.T.);
#3357 = LINE('',#3358,#3359);
#3358 = CARTESIAN_POINT('',(19.,-10.5,12.3));
#3359 = VECTOR('',#3360,1.);
#3360 = DIRECTION('',(-0.,1.,0.));
#3361 = PLANE('',#3362);
#3362 = AXIS2_PLACEMENT_3D('',#3363,#3364,#3365);
#3363 = CARTESIAN_POINT('',(19.,-10.5,2.8));
#3364 = DIRECTION('',(1.,0.,-0.));
#3365 = DIRECTION('',(0.,0.,1.));
#3366 = ADVANCED_FACE('',(#3367),#3392,.T.);
#3367 = FACE_BOUND('',#3368,.T.);
#3368 = EDGE_LOOP('',(#3369,#3377,#3378,#3386));
#3369 = ORIENTED_EDGE('',*,*,#3370,.F.);
#3370 = EDGE_CURVE('',#3247,#3371,#3373,.T.);
#3371 = VERTEX_POINT('',#3372);
#3372 = CARTESIAN_POINT('',(19.,5.5,12.3));
#3373 = LINE('',#3374,#3375);
#3374 = CARTESIAN_POINT('',(19.,5.5,2.8));
#3375 = VECTOR('',#3376,1.);
#3376 = DIRECTION('',(0.,0.,1.));
#3377 = ORIENTED_EDGE('',*,*,#3263,.F.);
#3378 = ORIENTED_EDGE('',*,*,#3379,.T.);
#3379 = EDGE_CURVE('',#3256,#3380,#3382,.T.);
#3380 = VERTEX_POINT('',#3381);
#3381 = CARTESIAN_POINT('',(19.,10.5,12.3));
#3382 = LINE('',#3383,#3384);
#3383 = CARTESIAN_POINT('',(19.,10.5,2.8));
#3384 = VECTOR('',#3385,1.);
#3385 = DIRECTION('',(0.,0.,1.));
#3386 = ORIENTED_EDGE('',*,*,#3387,.F.);
#3387 = EDGE_CURVE('',#3371,#3380,#3388,.T.);
#3388 = LINE('',#3389,#3390);
#3389 = CARTESIAN_POINT('',(19.,5.5,12.3));
#3390 = VECTOR('',#3391,1.);
#3391 = DIRECTION('',(-0.,1.,0.));
#3392 = PLANE('',#3393);
#3393 = AXIS2_PLACEMENT_3D('',#3394,#3395,#3396);
#3394 = CARTESIAN_POINT('',(19.,5.5,2.8));
#3395 = DIRECTION('',(1.,0.,-0.));
#3396 = DIRECTION('',(0.,0.,1.));
#3397 = ADVANCED_FACE('',(#3398),#3423,.T.);
#3398 = FACE_BOUND('',#3399,.F.);
#3399 = EDGE_LOOP('',(#3400,#3408,#3409,#3417));
#3400 = ORIENTED_EDGE('',*,*,#3401,.F.);
#3401 = EDGE_CURVE('',#3278,#3402,#3404,.T.);
#3402 = VERTEX_POINT('',#3403);
#3403 = CARTESIAN_POINT('',(-19.,5.5,12.3));
#3404 = LINE('',#3405,#3406);
#3405 = CARTESIAN_POINT('',(-19.,5.5,2.8));
#3406 = VECTOR('',#3407,1.);
#3407 = DIRECTION('',(-0.,-0.,1.));
#3408 = ORIENTED_EDGE('',*,*,#3294,.F.);
#3409 = ORIENTED_EDGE('',*,*,#3410,.T.);
#3410 = EDGE_CURVE('',#3287,#3411,#3413,.T.);
#3411 = VERTEX_POINT('',#3412);
#3412 = CARTESIAN_POINT('',(-19.,10.5,12.3));
#3413 = LINE('',#3414,#3415);
#3414 = CARTESIAN_POINT('',(-19.,10.5,2.8));
#3415 = VECTOR('',#3416,1.);
#3416 = DIRECTION('',(-0.,-0.,1.));
#3417 = ORIENTED_EDGE('',*,*,#3418,.F.);
#3418 = EDGE_CURVE('',#3402,#3411,#3419,.T.);
#3419 = LINE('',#3420,#3421);
#3420 = CARTESIAN_POINT('',(-19.,5.5,12.3));
#3421 = VECTOR('',#3422,1.);
#3422 = DIRECTION('',(-0.,1.,-0.));
#3423 = PLANE('',#3424);
#3424 = AXIS2_PLACEMENT_3D('',#3425,#3426,#3427);
#3425 = CARTESIAN_POINT('',(-19.,5.5,2.8));
#3426 = DIRECTION('',(-1.,-0.,-0.));
#3427 = DIRECTION('',(0.,0.,-1.));
#3428 = ADVANCED_FACE('',(#3429),#3454,.T.);
#3429 = FACE_BOUND('',#3430,.F.);
#3430 = EDGE_LOOP('',(#3431,#3439,#3440,#3448));
#3431 = ORIENTED_EDGE('',*,*,#3432,.F.);
#3432 = EDGE_CURVE('',#3309,#3433,#3435,.T.);
#3433 = VERTEX_POINT('',#3434);
#3434 = CARTESIAN_POINT('',(-19.,-10.5,12.3));
#3435 = LINE('',#3436,#3437);
#3436 = CARTESIAN_POINT('',(-19.,-10.5,2.8));
#3437 = VECTOR('',#3438,1.);
#3438 = DIRECTION('',(-0.,-0.,1.));
#3439 = ORIENTED_EDGE('',*,*,#3325,.F.);
#3440 = ORIENTED_EDGE('',*,*,#3441,.T.);
#3441 = EDGE_CURVE('',#3318,#3442,#3444,.T.);
#3442 = VERTEX_POINT('',#3443);
#3443 = CARTESIAN_POINT('',(-19.,-5.5,12.3));
#3444 = LINE('',#3445,#3446);
#3445 = CARTESIAN_POINT('',(-19.,-5.5,2.8));
#3446 = VECTOR('',#3447,1.);
#3447 = DIRECTION('',(-0.,-0.,1.));
#3448 = ORIENTED_EDGE('',*,*,#3449,.F.);
#3449 = EDGE_CURVE('',#3433,#3442,#3450,.T.);
#3450 = LINE('',#3451,#3452);
#3451 = CARTESIAN_POINT('',(-19.,-10.5,12.3));
#3452 = VECTOR('',#3453,1.);
#3453 = DIRECTION('',(-0.,1.,-0.));
#3454 = PLANE('',#3455);
#3455 = AXIS2_PLACEMENT_3D('',#3456,#3457,#3458);
#3456 = CARTESIAN_POINT('',(-19.,-10.5,2.8));
#3457 = DIRECTION('',(-1.,-0.,-0.));
#3458 = DIRECTION('',(0.,0.,-1.));
#3459 = ADVANCED_FACE('',(#3460),#3480,.T.);
#3460 = FACE_BOUND('',#3461,.T.);
#3461 = EDGE_LOOP('',(#3462,#3463,#3464,#3470,#3471,#3477,#3478,#3479));
#3462 = ORIENTED_EDGE('',*,*,#989,.F.);
#3463 = ORIENTED_EDGE('',*,*,#2148,.F.);
#3464 = ORIENTED_EDGE('',*,*,#3465,.F.);
#3465 = EDGE_CURVE('',#487,#2139,#3466,.T.);
#3466 = LINE('',#3467,#3468);
#3467 = CARTESIAN_POINT('',(18.,-10.8,-0.1));
#3468 = VECTOR('',#3469,1.);
#3469 = DIRECTION('',(0.,0.,1.));
#3470 = ORIENTED_EDGE('',*,*,#486,.F.);
#3471 = ORIENTED_EDGE('',*,*,#3472,.T.);
#3472 = EDGE_CURVE('',#479,#2001,#3473,.T.);
#3473 = LINE('',#3474,#3475);
#3474 = CARTESIAN_POINT('',(17.,-10.8,-0.1));
#3475 = VECTOR('',#3476,1.);
#3476 = DIRECTION('',(0.,0.,1.));
#3477 = ORIENTED_EDGE('',*,*,#2000,.F.);
#3478 = ORIENTED_EDGE('',*,*,#967,.F.);
#3479 = ORIENTED_EDGE('',*,*,#259,.F.);
#3480 = PLANE('',#3481);
#3481 = AXIS2_PLACEMENT_3D('',#3482,#3483,#3484);
#3482 = CARTESIAN_POINT('',(18.225490196078,-10.8,6.241503267974));
#3483 = DIRECTION('',(0.,1.,0.));
#3484 = DIRECTION('',(0.,-0.,1.));
#3485 = ADVANCED_FACE('',(#3486),#3506,.T.);
#3486 = FACE_BOUND('',#3487,.T.);
#3487 = EDGE_LOOP('',(#3488,#3489,#3490,#3491,#3492,#3498,#3499,#3505));
#3488 = ORIENTED_EDGE('',*,*,#1273,.T.);
#3489 = ORIENTED_EDGE('',*,*,#113,.T.);
#3490 = ORIENTED_EDGE('',*,*,#1313,.F.);
#3491 = ORIENTED_EDGE('',*,*,#2089,.T.);
#3492 = ORIENTED_EDGE('',*,*,#3493,.F.);
#3493 = EDGE_CURVE('',#584,#2082,#3494,.T.);
#3494 = LINE('',#3495,#3496);
#3495 = CARTESIAN_POINT('',(-17.,-10.8,2.8));
#3496 = VECTOR('',#3497,1.);
#3497 = DIRECTION('',(-0.,-0.,1.));
#3498 = ORIENTED_EDGE('',*,*,#607,.T.);
#3499 = ORIENTED_EDGE('',*,*,#3500,.T.);
#3500 = EDGE_CURVE('',#600,#2330,#3501,.T.);
#3501 = LINE('',#3502,#3503);
#3502 = CARTESIAN_POINT('',(-18.,-10.8,-0.1));
#3503 = VECTOR('',#3504,1.);
#3504 = DIRECTION('',(-0.,-0.,1.));
#3505 = ORIENTED_EDGE('',*,*,#2337,.T.);
#3506 = PLANE('',#3507);
#3507 = AXIS2_PLACEMENT_3D('',#3508,#3509,#3510);
#3508 = CARTESIAN_POINT('',(-18.22549019607,-10.8,6.241503267974));
#3509 = DIRECTION('',(0.,1.,0.));
#3510 = DIRECTION('',(0.,-0.,1.));
#3511 = ADVANCED_FACE('',(#3512),#3532,.T.);
#3512 = FACE_BOUND('',#3513,.T.);
#3513 = EDGE_LOOP('',(#3514,#3515,#3516,#3517,#3518,#3524,#3525,#3531));
#3514 = ORIENTED_EDGE('',*,*,#1005,.T.);
#3515 = ORIENTED_EDGE('',*,*,#243,.T.);
#3516 = ORIENTED_EDGE('',*,*,#1020,.T.);
#3517 = ORIENTED_EDGE('',*,*,#2016,.T.);
#3518 = ORIENTED_EDGE('',*,*,#3519,.F.);
#3519 = EDGE_CURVE('',#469,#2009,#3520,.T.);
#3520 = LINE('',#3521,#3522);
#3521 = CARTESIAN_POINT('',(17.,-5.2,2.8));
#3522 = VECTOR('',#3523,1.);
#3523 = DIRECTION('',(0.,0.,1.));
#3524 = ORIENTED_EDGE('',*,*,#468,.T.);
#3525 = ORIENTED_EDGE('',*,*,#3526,.T.);
#3526 = EDGE_CURVE('',#471,#2156,#3527,.T.);
#3527 = LINE('',#3528,#3529);
#3528 = CARTESIAN_POINT('',(18.,-5.2,-0.1));
#3529 = VECTOR('',#3530,1.);
#3530 = DIRECTION('',(0.,0.,1.));
#3531 = ORIENTED_EDGE('',*,*,#2155,.T.);
#3532 = PLANE('',#3533);
#3533 = AXIS2_PLACEMENT_3D('',#3534,#3535,#3536);
#3534 = CARTESIAN_POINT('',(18.225490196078,-5.2,6.241503267974));
#3535 = DIRECTION('',(-0.,-1.,-0.));
#3536 = DIRECTION('',(0.,0.,-1.));
#3537 = ADVANCED_FACE('',(#3538),#3558,.T.);
#3538 = FACE_BOUND('',#3539,.T.);
#3539 = EDGE_LOOP('',(#3540,#3541,#3542,#3548,#3549,#3555,#3556,#3557));
#3540 = ORIENTED_EDGE('',*,*,#1289,.F.);
#3541 = ORIENTED_EDGE('',*,*,#2344,.F.);
#3542 = ORIENTED_EDGE('',*,*,#3543,.F.);
#3543 = EDGE_CURVE('',#592,#2345,#3544,.T.);
#3544 = LINE('',#3545,#3546);
#3545 = CARTESIAN_POINT('',(-18.,-5.2,-0.1));
#3546 = VECTOR('',#3547,1.);
#3547 = DIRECTION('',(-0.,-0.,1.));
#3548 = ORIENTED_EDGE('',*,*,#591,.F.);
#3549 = ORIENTED_EDGE('',*,*,#3550,.T.);
#3550 = EDGE_CURVE('',#582,#2074,#3551,.T.);
#3551 = LINE('',#3552,#3553);
#3552 = CARTESIAN_POINT('',(-17.,-5.2,-0.1));
#3553 = VECTOR('',#3554,1.);
#3554 = DIRECTION('',(-0.,-0.,1.));
#3555 = ORIENTED_EDGE('',*,*,#2073,.F.);
#3556 = ORIENTED_EDGE('',*,*,#1252,.T.);
#3557 = ORIENTED_EDGE('',*,*,#129,.F.);
#3558 = PLANE('',#3559);
#3559 = AXIS2_PLACEMENT_3D('',#3560,#3561,#3562);
#3560 = CARTESIAN_POINT('',(-18.22549019607,-5.2,6.241503267974));
#3561 = DIRECTION('',(-0.,-1.,-0.));
#3562 = DIRECTION('',(0.,0.,-1.));
#3563 = ADVANCED_FACE('',(#3564),#3584,.T.);
#3564 = FACE_BOUND('',#3565,.T.);
#3565 = EDGE_LOOP('',(#3566,#3567,#3568,#3574,#3575,#3581,#3582,#3583));
#3566 = ORIENTED_EDGE('',*,*,#1051,.F.);
#3567 = ORIENTED_EDGE('',*,*,#2211,.F.);
#3568 = ORIENTED_EDGE('',*,*,#3569,.F.);
#3569 = EDGE_CURVE('',#634,#2202,#3570,.T.);
#3570 = LINE('',#3571,#3572);
#3571 = CARTESIAN_POINT('',(18.,5.2,-0.1));
#3572 = VECTOR('',#3573,1.);
#3573 = DIRECTION('',(0.,0.,1.));
#3574 = ORIENTED_EDGE('',*,*,#633,.F.);
#3575 = ORIENTED_EDGE('',*,*,#3576,.T.);
#3576 = EDGE_CURVE('',#626,#2024,#3577,.T.);
#3577 = LINE('',#3578,#3579);
#3578 = CARTESIAN_POINT('',(17.,5.2,-0.1));
#3579 = VECTOR('',#3580,1.);
#3580 = DIRECTION('',(0.,0.,1.));
#3581 = ORIENTED_EDGE('',*,*,#2023,.F.);
#3582 = ORIENTED_EDGE('',*,*,#1029,.F.);
#3583 = ORIENTED_EDGE('',*,*,#227,.F.);
#3584 = PLANE('',#3585);
#3585 = AXIS2_PLACEMENT_3D('',#3586,#3587,#3588);
#3586 = CARTESIAN_POINT('',(18.225490196078,5.2,6.241503267974));
#3587 = DIRECTION('',(0.,1.,0.));
#3588 = DIRECTION('',(0.,-0.,1.));
#3589 = ADVANCED_FACE('',(#3590),#3610,.T.);
#3590 = FACE_BOUND('',#3591,.T.);
#3591 = EDGE_LOOP('',(#3592,#3593,#3594,#3595,#3596,#3602,#3603,#3609));
#3592 = ORIENTED_EDGE('',*,*,#1211,.T.);
#3593 = ORIENTED_EDGE('',*,*,#145,.T.);
#3594 = ORIENTED_EDGE('',*,*,#1259,.F.);
#3595 = ORIENTED_EDGE('',*,*,#2066,.T.);
#3596 = ORIENTED_EDGE('',*,*,#3597,.F.);
#3597 = EDGE_CURVE('',#697,#2059,#3598,.T.);
#3598 = LINE('',#3599,#3600);
#3599 = CARTESIAN_POINT('',(-17.,5.2,2.8));
#3600 = VECTOR('',#3601,1.);
#3601 = DIRECTION('',(-0.,-0.,1.));
#3602 = ORIENTED_EDGE('',*,*,#720,.T.);
#3603 = ORIENTED_EDGE('',*,*,#3604,.T.);
#3604 = EDGE_CURVE('',#713,#2267,#3605,.T.);
#3605 = LINE('',#3606,#3607);
#3606 = CARTESIAN_POINT('',(-18.,5.2,-0.1));
#3607 = VECTOR('',#3608,1.);
#3608 = DIRECTION('',(-0.,-0.,1.));
#3609 = ORIENTED_EDGE('',*,*,#2274,.T.);
#3610 = PLANE('',#3611);
#3611 = AXIS2_PLACEMENT_3D('',#3612,#3613,#3614);
#3612 = CARTESIAN_POINT('',(-18.22549019607,5.2,6.241503267974));
#3613 = DIRECTION('',(0.,1.,0.));
#3614 = DIRECTION('',(0.,-0.,1.));
#3615 = ADVANCED_FACE('',(#3616),#3636,.T.);
#3616 = FACE_BOUND('',#3617,.T.);
#3617 = EDGE_LOOP('',(#3618,#3619,#3620,#3621,#3622,#3628,#3629,#3635));
#3618 = ORIENTED_EDGE('',*,*,#1067,.T.);
#3619 = ORIENTED_EDGE('',*,*,#211,.T.);
#3620 = ORIENTED_EDGE('',*,*,#1082,.T.);
#3621 = ORIENTED_EDGE('',*,*,#2039,.T.);
#3622 = ORIENTED_EDGE('',*,*,#3623,.F.);
#3623 = EDGE_CURVE('',#616,#2032,#3624,.T.);
#3624 = LINE('',#3625,#3626);
#3625 = CARTESIAN_POINT('',(17.,10.8,2.8));
#3626 = VECTOR('',#3627,1.);
#3627 = DIRECTION('',(0.,0.,1.));
#3628 = ORIENTED_EDGE('',*,*,#615,.T.);
#3629 = ORIENTED_EDGE('',*,*,#3630,.T.);
#3630 = EDGE_CURVE('',#618,#2219,#3631,.T.);
#3631 = LINE('',#3632,#3633);
#3632 = CARTESIAN_POINT('',(18.,10.8,-0.1));
#3633 = VECTOR('',#3634,1.);
#3634 = DIRECTION('',(0.,0.,1.));
#3635 = ORIENTED_EDGE('',*,*,#2218,.T.);
#3636 = PLANE('',#3637);
#3637 = AXIS2_PLACEMENT_3D('',#3638,#3639,#3640);
#3638 = CARTESIAN_POINT('',(18.225490196078,10.8,6.241503267974));
#3639 = DIRECTION('',(-0.,-1.,-0.));
#3640 = DIRECTION('',(0.,0.,-1.));
#3641 = ADVANCED_FACE('',(#3642),#3662,.T.);
#3642 = FACE_BOUND('',#3643,.T.);
#3643 = EDGE_LOOP('',(#3644,#3645,#3646,#3652,#3653,#3659,#3660,#3661));
#3644 = ORIENTED_EDGE('',*,*,#1227,.F.);
#3645 = ORIENTED_EDGE('',*,*,#2281,.F.);
#3646 = ORIENTED_EDGE('',*,*,#3647,.F.);
#3647 = EDGE_CURVE('',#705,#2282,#3648,.T.);
#3648 = LINE('',#3649,#3650);
#3649 = CARTESIAN_POINT('',(-18.,10.8,-0.1));
#3650 = VECTOR('',#3651,1.);
#3651 = DIRECTION('',(-0.,-0.,1.));
#3652 = ORIENTED_EDGE('',*,*,#704,.F.);
#3653 = ORIENTED_EDGE('',*,*,#3654,.T.);
#3654 = EDGE_CURVE('',#695,#2051,#3655,.T.);
#3655 = LINE('',#3656,#3657);
#3656 = CARTESIAN_POINT('',(-17.,10.8,-0.1));
#3657 = VECTOR('',#3658,1.);
#3658 = DIRECTION('',(-0.,-0.,1.));
#3659 = ORIENTED_EDGE('',*,*,#2050,.F.);
#3660 = ORIENTED_EDGE('',*,*,#1195,.T.);
#3661 = ORIENTED_EDGE('',*,*,#161,.F.);
#3662 = PLANE('',#3663);
#3663 = AXIS2_PLACEMENT_3D('',#3664,#3665,#3666);
#3664 = CARTESIAN_POINT('',(-18.22549019607,10.8,6.241503267974));
#3665 = DIRECTION('',(-0.,-1.,-0.));
#3666 = DIRECTION('',(0.,0.,-1.));
#3667 = ADVANCED_FACE('',(#3668),#3674,.T.);
#3668 = FACE_BOUND('',#3669,.T.);
#3669 = EDGE_LOOP('',(#3670,#3671,#3672,#3673));
#3670 = ORIENTED_EDGE('',*,*,#3519,.T.);
#3671 = ORIENTED_EDGE('',*,*,#2008,.F.);
#3672 = ORIENTED_EDGE('',*,*,#3472,.F.);
#3673 = ORIENTED_EDGE('',*,*,#478,.F.);
#3674 = PLANE('',#3675);
#3675 = AXIS2_PLACEMENT_3D('',#3676,#3677,#3678);
#3676 = CARTESIAN_POINT('',(17.,-8.,6.15));
#3677 = DIRECTION('',(1.,0.,0.));
#3678 = DIRECTION('',(-0.,0.,1.));
#3679 = ADVANCED_FACE('',(#3680),#3686,.T.);
#3680 = FACE_BOUND('',#3681,.T.);
#3681 = EDGE_LOOP('',(#3682,#3683,#3684,#3685));
#3682 = ORIENTED_EDGE('',*,*,#3623,.T.);
#3683 = ORIENTED_EDGE('',*,*,#2031,.F.);
#3684 = ORIENTED_EDGE('',*,*,#3576,.F.);
#3685 = ORIENTED_EDGE('',*,*,#625,.F.);
#3686 = PLANE('',#3687);
#3687 = AXIS2_PLACEMENT_3D('',#3688,#3689,#3690);
#3688 = CARTESIAN_POINT('',(17.,8.,6.15));
#3689 = DIRECTION('',(1.,0.,0.));
#3690 = DIRECTION('',(-0.,0.,1.));
#3691 = ADVANCED_FACE('',(#3692),#3721,.T.);
#3692 = FACE_BOUND('',#3693,.T.);
#3693 = EDGE_LOOP('',(#3694,#3695,#3703,#3711,#3717,#3718,#3719,#3720));
#3694 = ORIENTED_EDGE('',*,*,#2138,.T.);
#3695 = ORIENTED_EDGE('',*,*,#3696,.T.);
#3696 = EDGE_CURVE('',#2141,#3697,#3699,.T.);
#3697 = VERTEX_POINT('',#3698);
#3698 = CARTESIAN_POINT('',(18.,-10.5,12.3));
#3699 = LINE('',#3700,#3701);
#3700 = CARTESIAN_POINT('',(18.,-10.5,2.8));
#3701 = VECTOR('',#3702,1.);
#3702 = DIRECTION('',(0.,0.,1.));
#3703 = ORIENTED_EDGE('',*,*,#3704,.T.);
#3704 = EDGE_CURVE('',#3697,#3705,#3707,.T.);
#3705 = VERTEX_POINT('',#3706);
#3706 = CARTESIAN_POINT('',(18.,-5.5,12.3));
#3707 = LINE('',#3708,#3709);
#3708 = CARTESIAN_POINT('',(18.,-10.5,12.3));
#3709 = VECTOR('',#3710,1.);
#3710 = DIRECTION('',(-0.,1.,0.));
#3711 = ORIENTED_EDGE('',*,*,#3712,.F.);
#3712 = EDGE_CURVE('',#2164,#3705,#3713,.T.);
#3713 = LINE('',#3714,#3715);
#3714 = CARTESIAN_POINT('',(18.,-5.5,2.8));
#3715 = VECTOR('',#3716,1.);
#3716 = DIRECTION('',(0.,0.,1.));
#3717 = ORIENTED_EDGE('',*,*,#2163,.T.);
#3718 = ORIENTED_EDGE('',*,*,#3526,.F.);
#3719 = ORIENTED_EDGE('',*,*,#494,.T.);
#3720 = ORIENTED_EDGE('',*,*,#3465,.T.);
#3721 = PLANE('',#3722);
#3722 = AXIS2_PLACEMENT_3D('',#3723,#3724,#3725);
#3723 = CARTESIAN_POINT('',(18.,-8.,5.990782122905));
#3724 = DIRECTION('',(-1.,-0.,-0.));
#3725 = DIRECTION('',(0.,0.,-1.));
#3726 = ADVANCED_FACE('',(#3727),#3756,.T.);
#3727 = FACE_BOUND('',#3728,.T.);
#3728 = EDGE_LOOP('',(#3729,#3730,#3738,#3746,#3752,#3753,#3754,#3755));
#3729 = ORIENTED_EDGE('',*,*,#2201,.T.);
#3730 = ORIENTED_EDGE('',*,*,#3731,.T.);
#3731 = EDGE_CURVE('',#2204,#3732,#3734,.T.);
#3732 = VERTEX_POINT('',#3733);
#3733 = CARTESIAN_POINT('',(18.,5.5,12.3));
#3734 = LINE('',#3735,#3736);
#3735 = CARTESIAN_POINT('',(18.,5.5,2.8));
#3736 = VECTOR('',#3737,1.);
#3737 = DIRECTION('',(0.,0.,1.));
#3738 = ORIENTED_EDGE('',*,*,#3739,.T.);
#3739 = EDGE_CURVE('',#3732,#3740,#3742,.T.);
#3740 = VERTEX_POINT('',#3741);
#3741 = CARTESIAN_POINT('',(18.,10.5,12.3));
#3742 = LINE('',#3743,#3744);
#3743 = CARTESIAN_POINT('',(18.,5.5,12.3));
#3744 = VECTOR('',#3745,1.);
#3745 = DIRECTION('',(-0.,1.,0.));
#3746 = ORIENTED_EDGE('',*,*,#3747,.F.);
#3747 = EDGE_CURVE('',#2227,#3740,#3748,.T.);
#3748 = LINE('',#3749,#3750);
#3749 = CARTESIAN_POINT('',(18.,10.5,2.8));
#3750 = VECTOR('',#3751,1.);
#3751 = DIRECTION('',(0.,0.,1.));
#3752 = ORIENTED_EDGE('',*,*,#2226,.T.);
#3753 = ORIENTED_EDGE('',*,*,#3630,.F.);
#3754 = ORIENTED_EDGE('',*,*,#641,.T.);
#3755 = ORIENTED_EDGE('',*,*,#3569,.T.);
#3756 = PLANE('',#3757);
#3757 = AXIS2_PLACEMENT_3D('',#3758,#3759,#3760);
#3758 = CARTESIAN_POINT('',(18.,8.,5.990782122905));
#3759 = DIRECTION('',(-1.,-0.,-0.));
#3760 = DIRECTION('',(0.,0.,-1.));
#3761 = ADVANCED_FACE('',(#3762),#3768,.T.);
#3762 = FACE_BOUND('',#3763,.T.);
#3763 = EDGE_LOOP('',(#3764,#3765,#3766,#3767));
#3764 = ORIENTED_EDGE('',*,*,#3550,.F.);
#3765 = ORIENTED_EDGE('',*,*,#581,.T.);
#3766 = ORIENTED_EDGE('',*,*,#3493,.T.);
#3767 = ORIENTED_EDGE('',*,*,#2081,.T.);
#3768 = PLANE('',#3769);
#3769 = AXIS2_PLACEMENT_3D('',#3770,#3771,#3772);
#3770 = CARTESIAN_POINT('',(-17.,-8.,6.15));
#3771 = DIRECTION('',(-1.,-0.,-0.));
#3772 = DIRECTION('',(0.,0.,-1.));
#3773 = ADVANCED_FACE('',(#3774),#3780,.T.);
#3774 = FACE_BOUND('',#3775,.T.);
#3775 = EDGE_LOOP('',(#3776,#3777,#3778,#3779));
#3776 = ORIENTED_EDGE('',*,*,#3654,.F.);
#3777 = ORIENTED_EDGE('',*,*,#694,.T.);
#3778 = ORIENTED_EDGE('',*,*,#3597,.T.);
#3779 = ORIENTED_EDGE('',*,*,#2058,.T.);
#3780 = PLANE('',#3781);
#3781 = AXIS2_PLACEMENT_3D('',#3782,#3783,#3784);
#3782 = CARTESIAN_POINT('',(-17.,8.,6.15));
#3783 = DIRECTION('',(-1.,-0.,-0.));
#3784 = DIRECTION('',(0.,0.,-1.));
#3785 = ADVANCED_FACE('',(#3786),#3815,.T.);
#3786 = FACE_BOUND('',#3787,.T.);
#3787 = EDGE_LOOP('',(#3788,#3789,#3790,#3791,#3792,#3793,#3801,#3809));
#3788 = ORIENTED_EDGE('',*,*,#2327,.T.);
#3789 = ORIENTED_EDGE('',*,*,#3500,.F.);
#3790 = ORIENTED_EDGE('',*,*,#599,.F.);
#3791 = ORIENTED_EDGE('',*,*,#3543,.T.);
#3792 = ORIENTED_EDGE('',*,*,#2352,.T.);
#3793 = ORIENTED_EDGE('',*,*,#3794,.T.);
#3794 = EDGE_CURVE('',#2353,#3795,#3797,.T.);
#3795 = VERTEX_POINT('',#3796);
#3796 = CARTESIAN_POINT('',(-18.,-5.5,12.3));
#3797 = LINE('',#3798,#3799);
#3798 = CARTESIAN_POINT('',(-18.,-5.5,2.8));
#3799 = VECTOR('',#3800,1.);
#3800 = DIRECTION('',(-0.,-0.,1.));
#3801 = ORIENTED_EDGE('',*,*,#3802,.F.);
#3802 = EDGE_CURVE('',#3803,#3795,#3805,.T.);
#3803 = VERTEX_POINT('',#3804);
#3804 = CARTESIAN_POINT('',(-18.,-10.5,12.3));
#3805 = LINE('',#3806,#3807);
#3806 = CARTESIAN_POINT('',(-18.,-10.5,12.3));
#3807 = VECTOR('',#3808,1.);
#3808 = DIRECTION('',(-0.,1.,-0.));
#3809 = ORIENTED_EDGE('',*,*,#3810,.F.);
#3810 = EDGE_CURVE('',#2328,#3803,#3811,.T.);
#3811 = LINE('',#3812,#3813);
#3812 = CARTESIAN_POINT('',(-18.,-10.5,2.8));
#3813 = VECTOR('',#3814,1.);
#3814 = DIRECTION('',(-0.,-0.,1.));
#3815 = PLANE('',#3816);
#3816 = AXIS2_PLACEMENT_3D('',#3817,#3818,#3819);
#3817 = CARTESIAN_POINT('',(-18.,-8.,5.990782122905));
#3818 = DIRECTION('',(1.,0.,0.));
#3819 = DIRECTION('',(-0.,0.,1.));
#3820 = ADVANCED_FACE('',(#3821),#3850,.T.);
#3821 = FACE_BOUND('',#3822,.T.);
#3822 = EDGE_LOOP('',(#3823,#3824,#3825,#3826,#3827,#3828,#3836,#3844));
#3823 = ORIENTED_EDGE('',*,*,#2264,.T.);
#3824 = ORIENTED_EDGE('',*,*,#3604,.F.);
#3825 = ORIENTED_EDGE('',*,*,#712,.F.);
#3826 = ORIENTED_EDGE('',*,*,#3647,.T.);
#3827 = ORIENTED_EDGE('',*,*,#2289,.T.);
#3828 = ORIENTED_EDGE('',*,*,#3829,.T.);
#3829 = EDGE_CURVE('',#2290,#3830,#3832,.T.);
#3830 = VERTEX_POINT('',#3831);
#3831 = CARTESIAN_POINT('',(-18.,10.5,12.3));
#3832 = LINE('',#3833,#3834);
#3833 = CARTESIAN_POINT('',(-18.,10.5,2.8));
#3834 = VECTOR('',#3835,1.);
#3835 = DIRECTION('',(-0.,-0.,1.));
#3836 = ORIENTED_EDGE('',*,*,#3837,.F.);
#3837 = EDGE_CURVE('',#3838,#3830,#3840,.T.);
#3838 = VERTEX_POINT('',#3839);
#3839 = CARTESIAN_POINT('',(-18.,5.5,12.3));
#3840 = LINE('',#3841,#3842);
#3841 = CARTESIAN_POINT('',(-18.,5.5,12.3));
#3842 = VECTOR('',#3843,1.);
#3843 = DIRECTION('',(-0.,1.,-0.));
#3844 = ORIENTED_EDGE('',*,*,#3845,.F.);
#3845 = EDGE_CURVE('',#2265,#3838,#3846,.T.);
#3846 = LINE('',#3847,#3848);
#3847 = CARTESIAN_POINT('',(-18.,5.5,2.8));
#3848 = VECTOR('',#3849,1.);
#3849 = DIRECTION('',(-0.,-0.,1.));
#3850 = PLANE('',#3851);
#3851 = AXIS2_PLACEMENT_3D('',#3852,#3853,#3854);
#3852 = CARTESIAN_POINT('',(-18.,8.,5.990782122905));
#3853 = DIRECTION('',(1.,0.,0.));
#3854 = DIRECTION('',(-0.,0.,1.));
#3855 = ADVANCED_FACE('',(#3856),#3872,.T.);
#3856 = FACE_BOUND('',#3857,.T.);
#3857 = EDGE_LOOP('',(#3858,#3859,#3865,#3866));
#3858 = ORIENTED_EDGE('',*,*,#3704,.F.);
#3859 = ORIENTED_EDGE('',*,*,#3860,.T.);
#3860 = EDGE_CURVE('',#3697,#3340,#3861,.T.);
#3861 = LINE('',#3862,#3863);
#3862 = CARTESIAN_POINT('',(18.,-10.5,12.3));
#3863 = VECTOR('',#3864,1.);
#3864 = DIRECTION('',(1.,0.,-0.));
#3865 = ORIENTED_EDGE('',*,*,#3356,.T.);
#3866 = ORIENTED_EDGE('',*,*,#3867,.F.);
#3867 = EDGE_CURVE('',#3705,#3349,#3868,.T.);
#3868 = LINE('',#3869,#3870);
#3869 = CARTESIAN_POINT('',(18.,-5.5,12.3));
#3870 = VECTOR('',#3871,1.);
#3871 = DIRECTION('',(1.,0.,-0.));
#3872 = PLANE('',#3873);
#3873 = AXIS2_PLACEMENT_3D('',#3874,#3875,#3876);
#3874 = CARTESIAN_POINT('',(18.,-10.5,12.3));
#3875 = DIRECTION('',(0.,0.,1.));
#3876 = DIRECTION('',(1.,0.,-0.));
#3877 = ADVANCED_FACE('',(#3878),#3894,.T.);
#3878 = FACE_BOUND('',#3879,.T.);
#3879 = EDGE_LOOP('',(#3880,#3881,#3887,#3888));
#3880 = ORIENTED_EDGE('',*,*,#3739,.F.);
#3881 = ORIENTED_EDGE('',*,*,#3882,.T.);
#3882 = EDGE_CURVE('',#3732,#3371,#3883,.T.);
#3883 = LINE('',#3884,#3885);
#3884 = CARTESIAN_POINT('',(18.,5.5,12.3));
#3885 = VECTOR('',#3886,1.);
#3886 = DIRECTION('',(1.,0.,-0.));
#3887 = ORIENTED_EDGE('',*,*,#3387,.T.);
#3888 = ORIENTED_EDGE('',*,*,#3889,.F.);
#3889 = EDGE_CURVE('',#3740,#3380,#3890,.T.);
#3890 = LINE('',#3891,#3892);
#3891 = CARTESIAN_POINT('',(18.,10.5,12.3));
#3892 = VECTOR('',#3893,1.);
#3893 = DIRECTION('',(1.,0.,-0.));
#3894 = PLANE('',#3895);
#3895 = AXIS2_PLACEMENT_3D('',#3896,#3897,#3898);
#3896 = CARTESIAN_POINT('',(18.,5.5,12.3));
#3897 = DIRECTION('',(0.,0.,1.));
#3898 = DIRECTION('',(1.,0.,-0.));
#3899 = ADVANCED_FACE('',(#3900),#3916,.T.);
#3900 = FACE_BOUND('',#3901,.T.);
#3901 = EDGE_LOOP('',(#3902,#3908,#3909,#3915));
#3902 = ORIENTED_EDGE('',*,*,#3903,.T.);
#3903 = EDGE_CURVE('',#3830,#3411,#3904,.T.);
#3904 = LINE('',#3905,#3906);
#3905 = CARTESIAN_POINT('',(-18.,10.5,12.3));
#3906 = VECTOR('',#3907,1.);
#3907 = DIRECTION('',(-1.,-0.,-0.));
#3908 = ORIENTED_EDGE('',*,*,#3418,.F.);
#3909 = ORIENTED_EDGE('',*,*,#3910,.F.);
#3910 = EDGE_CURVE('',#3838,#3402,#3911,.T.);
#3911 = LINE('',#3912,#3913);
#3912 = CARTESIAN_POINT('',(-18.,5.5,12.3));
#3913 = VECTOR('',#3914,1.);
#3914 = DIRECTION('',(-1.,-0.,-0.));
#3915 = ORIENTED_EDGE('',*,*,#3837,.T.);
#3916 = PLANE('',#3917);
#3917 = AXIS2_PLACEMENT_3D('',#3918,#3919,#3920);
#3918 = CARTESIAN_POINT('',(-18.5,8.,12.3));
#3919 = DIRECTION('',(0.,0.,1.));
#3920 = DIRECTION('',(1.,0.,-0.));
#3921 = ADVANCED_FACE('',(#3922),#3938,.T.);
#3922 = FACE_BOUND('',#3923,.T.);
#3923 = EDGE_LOOP('',(#3924,#3930,#3931,#3937));
#3924 = ORIENTED_EDGE('',*,*,#3925,.T.);
#3925 = EDGE_CURVE('',#3795,#3442,#3926,.T.);
#3926 = LINE('',#3927,#3928);
#3927 = CARTESIAN_POINT('',(-18.,-5.5,12.3));
#3928 = VECTOR('',#3929,1.);
#3929 = DIRECTION('',(-1.,-0.,-0.));
#3930 = ORIENTED_EDGE('',*,*,#3449,.F.);
#3931 = ORIENTED_EDGE('',*,*,#3932,.F.);
#3932 = EDGE_CURVE('',#3803,#3433,#3933,.T.);
#3933 = LINE('',#3934,#3935);
#3934 = CARTESIAN_POINT('',(-18.,-10.5,12.3));
#3935 = VECTOR('',#3936,1.);
#3936 = DIRECTION('',(-1.,-0.,-0.));
#3937 = ORIENTED_EDGE('',*,*,#3802,.T.);
#3938 = PLANE('',#3939);
#3939 = AXIS2_PLACEMENT_3D('',#3940,#3941,#3942);
#3940 = CARTESIAN_POINT('',(-18.5,-8.,12.3));
#3941 = DIRECTION('',(0.,0.,1.));
#3942 = DIRECTION('',(1.,0.,-0.));
#3943 = ADVANCED_FACE('',(#3944),#3953,.T.);
#3944 = FACE_BOUND('',#3945,.T.);
#3945 = EDGE_LOOP('',(#3946,#3947,#3948,#3949,#3950,#3951,#3952));
#3946 = ORIENTED_EDGE('',*,*,#2719,.T.);
#3947 = ORIENTED_EDGE('',*,*,#3043,.T.);
#3948 = ORIENTED_EDGE('',*,*,#3215,.T.);
#3949 = ORIENTED_EDGE('',*,*,#3339,.T.);
#3950 = ORIENTED_EDGE('',*,*,#3860,.F.);
#3951 = ORIENTED_EDGE('',*,*,#3696,.F.);
#3952 = ORIENTED_EDGE('',*,*,#2187,.T.);
#3953 = PLANE('',#3954);
#3954 = AXIS2_PLACEMENT_3D('',#3955,#3956,#3957);
#3955 = CARTESIAN_POINT('',(18.534423509751,-10.5,7.646223172413));
#3956 = DIRECTION('',(-0.,-1.,-0.));
#3957 = DIRECTION('',(0.,0.,-1.));
#3958 = ADVANCED_FACE('',(#3959),#3968,.T.);
#3959 = FACE_BOUND('',#3960,.T.);
#3960 = EDGE_LOOP('',(#3961,#3962,#3963,#3964,#3965,#3966,#3967));
#3961 = ORIENTED_EDGE('',*,*,#2812,.F.);
#3962 = ORIENTED_EDGE('',*,*,#2376,.F.);
#3963 = ORIENTED_EDGE('',*,*,#3810,.T.);
#3964 = ORIENTED_EDGE('',*,*,#3932,.T.);
#3965 = ORIENTED_EDGE('',*,*,#3432,.F.);
#3966 = ORIENTED_EDGE('',*,*,#3308,.F.);
#3967 = ORIENTED_EDGE('',*,*,#3136,.F.);
#3968 = PLANE('',#3969);
#3969 = AXIS2_PLACEMENT_3D('',#3970,#3971,#3972);
#3970 = CARTESIAN_POINT('',(-18.53442350975,-10.5,7.646223172413));
#3971 = DIRECTION('',(-0.,-1.,-0.));
#3972 = DIRECTION('',(0.,0.,-1.));
#3973 = ADVANCED_FACE('',(#3974),#3983,.T.);
#3974 = FACE_BOUND('',#3975,.T.);
#3975 = EDGE_LOOP('',(#3976,#3977,#3978,#3979,#3980,#3981,#3982));
#3976 = ORIENTED_EDGE('',*,*,#2728,.F.);
#3977 = ORIENTED_EDGE('',*,*,#2171,.F.);
#3978 = ORIENTED_EDGE('',*,*,#3712,.T.);
#3979 = ORIENTED_EDGE('',*,*,#3867,.T.);
#3980 = ORIENTED_EDGE('',*,*,#3348,.F.);
#3981 = ORIENTED_EDGE('',*,*,#3224,.F.);
#3982 = ORIENTED_EDGE('',*,*,#3052,.F.);
#3983 = PLANE('',#3984);
#3984 = AXIS2_PLACEMENT_3D('',#3985,#3986,#3987);
#3985 = CARTESIAN_POINT('',(18.534423509751,-5.5,7.646223172413));
#3986 = DIRECTION('',(0.,1.,0.));
#3987 = DIRECTION('',(0.,-0.,1.));
#3988 = ADVANCED_FACE('',(#3989),#3998,.T.);
#3989 = FACE_BOUND('',#3990,.T.);
#3990 = EDGE_LOOP('',(#3991,#3992,#3993,#3994,#3995,#3996,#3997));
#3991 = ORIENTED_EDGE('',*,*,#2821,.T.);
#3992 = ORIENTED_EDGE('',*,*,#3145,.T.);
#3993 = ORIENTED_EDGE('',*,*,#3317,.T.);
#3994 = ORIENTED_EDGE('',*,*,#3441,.T.);
#3995 = ORIENTED_EDGE('',*,*,#3925,.F.);
#3996 = ORIENTED_EDGE('',*,*,#3794,.F.);
#3997 = ORIENTED_EDGE('',*,*,#2360,.T.);
#3998 = PLANE('',#3999);
#3999 = AXIS2_PLACEMENT_3D('',#4000,#4001,#4002);
#4000 = CARTESIAN_POINT('',(-18.53442350975,-5.5,7.646223172413));
#4001 = DIRECTION('',(0.,1.,0.));
#4002 = DIRECTION('',(0.,-0.,1.));
#4003 = ADVANCED_FACE('',(#4004),#4013,.T.);
#4004 = FACE_BOUND('',#4005,.T.);
#4005 = EDGE_LOOP('',(#4006,#4007,#4008,#4009,#4010,#4011,#4012));
#4006 = ORIENTED_EDGE('',*,*,#2750,.T.);
#4007 = ORIENTED_EDGE('',*,*,#3074,.T.);
#4008 = ORIENTED_EDGE('',*,*,#3246,.T.);
#4009 = ORIENTED_EDGE('',*,*,#3370,.T.);
#4010 = ORIENTED_EDGE('',*,*,#3882,.F.);
#4011 = ORIENTED_EDGE('',*,*,#3731,.F.);
#4012 = ORIENTED_EDGE('',*,*,#2250,.T.);
#4013 = PLANE('',#4014);
#4014 = AXIS2_PLACEMENT_3D('',#4015,#4016,#4017);
#4015 = CARTESIAN_POINT('',(18.534423509751,5.5,7.646223172413));
#4016 = DIRECTION('',(-0.,-1.,-0.));
#4017 = DIRECTION('',(0.,0.,-1.));
#4018 = ADVANCED_FACE('',(#4019),#4028,.T.);
#4019 = FACE_BOUND('',#4020,.T.);
#4020 = EDGE_LOOP('',(#4021,#4022,#4023,#4024,#4025,#4026,#4027));
#4021 = ORIENTED_EDGE('',*,*,#2781,.F.);
#4022 = ORIENTED_EDGE('',*,*,#2313,.F.);
#4023 = ORIENTED_EDGE('',*,*,#3845,.T.);
#4024 = ORIENTED_EDGE('',*,*,#3910,.T.);
#4025 = ORIENTED_EDGE('',*,*,#3401,.F.);
#4026 = ORIENTED_EDGE('',*,*,#3277,.F.);
#4027 = ORIENTED_EDGE('',*,*,#3105,.F.);
#4028 = PLANE('',#4029);
#4029 = AXIS2_PLACEMENT_3D('',#4030,#4031,#4032);
#4030 = CARTESIAN_POINT('',(-18.53442350975,5.5,7.646223172413));
#4031 = DIRECTION('',(-0.,-1.,-0.));
#4032 = DIRECTION('',(0.,0.,-1.));
#4033 = ADVANCED_FACE('',(#4034),#4043,.T.);
#4034 = FACE_BOUND('',#4035,.T.);
#4035 = EDGE_LOOP('',(#4036,#4037,#4038,#4039,#4040,#4041,#4042));
#4036 = ORIENTED_EDGE('',*,*,#2759,.F.);
#4037 = ORIENTED_EDGE('',*,*,#2234,.F.);
#4038 = ORIENTED_EDGE('',*,*,#3747,.T.);
#4039 = ORIENTED_EDGE('',*,*,#3889,.T.);
#4040 = ORIENTED_EDGE('',*,*,#3379,.F.);
#4041 = ORIENTED_EDGE('',*,*,#3255,.F.);
#4042 = ORIENTED_EDGE('',*,*,#3083,.F.);
#4043 = PLANE('',#4044);
#4044 = AXIS2_PLACEMENT_3D('',#4045,#4046,#4047);
#4045 = CARTESIAN_POINT('',(18.534423509751,10.5,7.646223172413));
#4046 = DIRECTION('',(0.,1.,0.));
#4047 = DIRECTION('',(0.,-0.,1.));
#4048 = ADVANCED_FACE('',(#4049),#4058,.T.);
#4049 = FACE_BOUND('',#4050,.T.);
#4050 = EDGE_LOOP('',(#4051,#4052,#4053,#4054,#4055,#4056,#4057));
#4051 = ORIENTED_EDGE('',*,*,#2790,.T.);
#4052 = ORIENTED_EDGE('',*,*,#3114,.T.);
#4053 = ORIENTED_EDGE('',*,*,#3286,.T.);
#4054 = ORIENTED_EDGE('',*,*,#3410,.T.);
#4055 = ORIENTED_EDGE('',*,*,#3903,.F.);
#4056 = ORIENTED_EDGE('',*,*,#3829,.F.);
#4057 = ORIENTED_EDGE('',*,*,#2297,.T.);
#4058 = PLANE('',#4059);
#4059 = AXIS2_PLACEMENT_3D('',#4060,#4061,#4062);
#4060 = CARTESIAN_POINT('',(-18.53442350975,10.5,7.646223172413));
#4061 = DIRECTION('',(0.,1.,0.));
#4062 = DIRECTION('',(0.,-0.,1.));
#4063 = ( GEOMETRIC_REPRESENTATION_CONTEXT(3) 
GLOBAL_UNCERTAINTY_ASSIGNED_CONTEXT((#4067)) 
GLOBAL_UNIT_ASSIGNED_CONTEXT((#4064,#4065,#4066)) REPRESENTATION_CONTEXT
('Context #1','3D Context with UNIT and UNCERTAINTY') );
#4064 = ( LENGTH_UNIT() NAMED_UNIT(*) SI_UNIT(.MILLI.,.METRE.) );
#4065 = ( NAMED_UNIT(*) PLANE_ANGLE_UNIT() SI_UNIT($,.RADIAN.) );
#4066 = ( NAMED_UNIT(*) SI_UNIT($,.STERADIAN.) SOLID_ANGLE_UNIT() );
#4067 = UNCERTAINTY_MEASURE_WITH_UNIT(LENGTH_MEASURE(1.E-07),#4064,
  'distance_accuracy_value','confusion accuracy');
#4068 = PRODUCT_RELATED_PRODUCT_CATEGORY('part',$,(#7));
ENDSEC;
END-ISO-10303-21;
