ISO-10303-21;
HEADER;
FILE_DESCRIPTION(('FreeCAD Model'),'2;1');
FILE_NAME('Open CASCADE Shape Model','2026-09-18T11:44:05',('FreeCAD'),(
    'FreeCAD'),'Open CASCADE STEP processor 7.8','FreeCAD','Unknown');
FILE_SCHEMA(('AUTOMOTIVE_DESIGN { 1 0 10303 214 1 1 1 1 }'));
ENDSEC;
DATA;
#1 = APPLICATION_PROTOCOL_DEFINITION('international standard',
  'automotive_design',2000,#2);
#2 = APPLICATION_CONTEXT(
  'core data for automotive mechanical design processes');
#3 = SHAPE_DEFINITION_REPRESENTATION(#4,#10);
#4 = PRODUCT_DEFINITION_SHAPE('','',#5);
#5 = PRODUCT_DEFINITION('design','',#6,#9);
#6 = PRODUCT_DEFINITION_FORMATION('','',#7);
#7 = PRODUCT('Open CASCADE STEP translator 7.8 1',
  'Open CASCADE STEP translator 7.8 1','',(#8));
#8 = PRODUCT_CONTEXT('',#2,'mechanical');
#9 = PRODUCT_DEFINITION_CONTEXT('part definition',#2,'design');
#10 = ADVANCED_BREP_SHAPE_REPRESENTATION('',(#11,#15),#4335);
#11 = AXIS2_PLACEMENT_3D('',#12,#13,#14);
#12 = CARTESIAN_POINT('',(0.,0.,0.));
#13 = DIRECTION('',(0.,0.,1.));
#14 = DIRECTION('',(1.,0.,-0.));
#15 = MANIFOLD_SOLID_BREP('',#16);
#16 = CLOSED_SHELL('',(#17,#59,#353,#377,#820,#860,#900,#924,#949,#973,
    #1020,#1044,#1091,#1115,#1162,#1186,#1233,#1257,#1282,#1306,#1331,
    #1355,#1402,#1426,#1473,#1497,#1544,#1568,#1615,#1639,#1664,#1688,
    #1721,#1738,#1755,#1772,#1789,#1801,#1826,#1843,#1892,#1917,#1948,
    #1972,#1996,#2013,#2044,#2068,#2092,#2109,#2126,#2175,#2206,#2230,
    #2254,#2271,#2288,#2337,#2362,#2393,#2417,#2441,#2458,#2489,#2513,
    #2537,#2554,#2571,#2620,#2651,#2675,#2699,#2716,#2741,#2758,#2807,
    #2902,#2937,#2972,#3007,#3042,#3062,#3110,#3134,#3175,#3195,#3342,
    #3390,#3414,#3455,#3503,#3527,#3568,#3588,#3636,#3660,#3701,#3721,
    #3738,#3755,#3772,#3789,#3806,#3823,#3835,#3852,#3869,#3886,#3903,
    #3928,#3945,#3962,#3974,#3999,#4024,#4049,#4074,#4099,#4116,#4133,
    #4145,#4162,#4179,#4191,#4216,#4233,#4250,#4262,#4287,#4299,#4311,
    #4323));
#17 = ADVANCED_FACE('',(#18),#54,.T.);
#18 = FACE_BOUND('',#19,.T.);
#19 = EDGE_LOOP('',(#20,#31,#39,#48));
#20 = ORIENTED_EDGE('',*,*,#21,.F.);
#21 = EDGE_CURVE('',#22,#24,#26,.T.);
#22 = VERTEX_POINT('',#23);
#23 = CARTESIAN_POINT('',(-21.,-23.,9.5));
#24 = VERTEX_POINT('',#25);
#25 = CARTESIAN_POINT('',(-16.,-28.,9.5));
#26 = CIRCLE('',#27,5.);
#27 = AXIS2_PLACEMENT_3D('',#28,#29,#30);
#28 = CARTESIAN_POINT('',(-16.,-23.,9.5));
#29 = DIRECTION('',(0.,0.,1.));
#30 = DIRECTION('',(1.,0.,-0.));
#31 = ORIENTED_EDGE('',*,*,#32,.F.);
#32 = EDGE_CURVE('',#33,#22,#35,.T.);
#33 = VERTEX_POINT('',#34);
#34 = CARTESIAN_POINT('',(-21.,-23.,0.));
#35 = LINE('',#36,#37);
#36 = CARTESIAN_POINT('',(-21.,-23.,0.));
#37 = VECTOR('',#38,1.);
#38 = DIRECTION('',(0.,0.,1.));
#39 = ORIENTED_EDGE('',*,*,#40,.T.);
#40 = EDGE_CURVE('',#33,#41,#43,.T.);
#41 = VERTEX_POINT('',#42);
#42 = CARTESIAN_POINT('',(-16.,-28.,0.));
#43 = CIRCLE('',#44,5.);
#44 = AXIS2_PLACEMENT_3D('',#45,#46,#47);
#45 = CARTESIAN_POINT('',(-16.,-23.,0.));
#46 = DIRECTION('',(0.,0.,1.));
#47 = DIRECTION('',(1.,0.,-0.));
#48 = ORIENTED_EDGE('',*,*,#49,.T.);
#49 = EDGE_CURVE('',#41,#24,#50,.T.);
#50 = LINE('',#51,#52);
#51 = CARTESIAN_POINT('',(-16.,-28.,0.));
#52 = VECTOR('',#53,1.);
#53 = DIRECTION('',(0.,0.,1.));
#54 = CYLINDRICAL_SURFACE('',#55,5.);
#55 = AXIS2_PLACEMENT_3D('',#56,#57,#58);
#56 = CARTESIAN_POINT('',(-16.,-23.,0.));
#57 = DIRECTION('',(0.,0.,1.));
#58 = DIRECTION('',(1.,0.,-0.));
#59 = ADVANCED_FACE('',(#60),#348,.T.);
#60 = FACE_BOUND('',#61,.T.);
#61 = EDGE_LOOP('',(#62,#70,#71,#79,#87,#95,#104,#112,#120,#128,#136,
    #144,#152,#160,#168,#176,#185,#193,#202,#210,#218,#226,#234,#242,
    #250,#258,#266,#274,#283,#291,#299,#307,#316,#324,#333,#341));
#62 = ORIENTED_EDGE('',*,*,#63,.F.);
#63 = EDGE_CURVE('',#22,#64,#66,.T.);
#64 = VERTEX_POINT('',#65);
#65 = CARTESIAN_POINT('',(-21.,23.,9.5));
#66 = LINE('',#67,#68);
#67 = CARTESIAN_POINT('',(-21.,-23.,9.5));
#68 = VECTOR('',#69,1.);
#69 = DIRECTION('',(-0.,1.,0.));
#70 = ORIENTED_EDGE('',*,*,#21,.T.);
#71 = ORIENTED_EDGE('',*,*,#72,.T.);
#72 = EDGE_CURVE('',#24,#73,#75,.T.);
#73 = VERTEX_POINT('',#74);
#74 = CARTESIAN_POINT('',(-6.5,-28.,9.5));
#75 = LINE('',#76,#77);
#76 = CARTESIAN_POINT('',(-16.,-28.,9.5));
#77 = VECTOR('',#78,1.);
#78 = DIRECTION('',(1.,0.,-0.));
#79 = ORIENTED_EDGE('',*,*,#80,.T.);
#80 = EDGE_CURVE('',#73,#81,#83,.T.);
#81 = VERTEX_POINT('',#82);
#82 = CARTESIAN_POINT('',(-6.5,-26.,9.5));
#83 = LINE('',#84,#85);
#84 = CARTESIAN_POINT('',(-6.5,-14.5,9.5));
#85 = VECTOR('',#86,1.);
#86 = DIRECTION('',(-0.,1.,0.));
#87 = ORIENTED_EDGE('',*,*,#88,.T.);
#88 = EDGE_CURVE('',#81,#89,#91,.T.);
#89 = VERTEX_POINT('',#90);
#90 = CARTESIAN_POINT('',(-16.,-26.,9.5));
#91 = LINE('',#92,#93);
#92 = CARTESIAN_POINT('',(-8.,-26.,9.5));
#93 = VECTOR('',#94,1.);
#94 = DIRECTION('',(-1.,-0.,0.));
#95 = ORIENTED_EDGE('',*,*,#96,.F.);
#96 = EDGE_CURVE('',#97,#89,#99,.T.);
#97 = VERTEX_POINT('',#98);
#98 = CARTESIAN_POINT('',(-19.,-23.,9.5));
#99 = CIRCLE('',#100,3.);
#100 = AXIS2_PLACEMENT_3D('',#101,#102,#103);
#101 = CARTESIAN_POINT('',(-16.,-23.,9.5));
#102 = DIRECTION('',(0.,0.,1.));
#103 = DIRECTION('',(1.,0.,-0.));
#104 = ORIENTED_EDGE('',*,*,#105,.T.);
#105 = EDGE_CURVE('',#97,#106,#108,.T.);
#106 = VERTEX_POINT('',#107);
#107 = CARTESIAN_POINT('',(-19.,-10.8,9.5));
#108 = LINE('',#109,#110);
#109 = CARTESIAN_POINT('',(-19.,-11.5,9.5));
#110 = VECTOR('',#111,1.);
#111 = DIRECTION('',(-0.,1.,0.));
#112 = ORIENTED_EDGE('',*,*,#113,.F.);
#113 = EDGE_CURVE('',#114,#106,#116,.T.);
#114 = VERTEX_POINT('',#115);
#115 = CARTESIAN_POINT('',(-20.,-10.8,9.5));
#116 = LINE('',#117,#118);
#117 = CARTESIAN_POINT('',(-8.5,-10.8,9.5));
#118 = VECTOR('',#119,1.);
#119 = DIRECTION('',(1.,0.,-0.));
#120 = ORIENTED_EDGE('',*,*,#121,.T.);
#121 = EDGE_CURVE('',#114,#122,#124,.T.);
#122 = VERTEX_POINT('',#123);
#123 = CARTESIAN_POINT('',(-20.,-5.2,9.5));
#124 = LINE('',#125,#126);
#125 = CARTESIAN_POINT('',(-20.,-5.4,9.5));
#126 = VECTOR('',#127,1.);
#127 = DIRECTION('',(0.,1.,0.));
#128 = ORIENTED_EDGE('',*,*,#129,.T.);
#129 = EDGE_CURVE('',#122,#130,#132,.T.);
#130 = VERTEX_POINT('',#131);
#131 = CARTESIAN_POINT('',(-19.,-5.2,9.5));
#132 = LINE('',#133,#134);
#133 = CARTESIAN_POINT('',(-8.5,-5.2,9.5));
#134 = VECTOR('',#135,1.);
#135 = DIRECTION('',(1.,0.,-0.));
#136 = ORIENTED_EDGE('',*,*,#137,.T.);
#137 = EDGE_CURVE('',#130,#138,#140,.T.);
#138 = VERTEX_POINT('',#139);
#139 = CARTESIAN_POINT('',(-19.,5.2,9.5));
#140 = LINE('',#141,#142);
#141 = CARTESIAN_POINT('',(-19.,-11.5,9.5));
#142 = VECTOR('',#143,1.);
#143 = DIRECTION('',(-0.,1.,0.));
#144 = ORIENTED_EDGE('',*,*,#145,.F.);
#145 = EDGE_CURVE('',#146,#138,#148,.T.);
#146 = VERTEX_POINT('',#147);
#147 = CARTESIAN_POINT('',(-20.,5.2,9.5));
#148 = LINE('',#149,#150);
#149 = CARTESIAN_POINT('',(-8.5,5.2,9.5));
#150 = VECTOR('',#151,1.);
#151 = DIRECTION('',(1.,0.,-0.));
#152 = ORIENTED_EDGE('',*,*,#153,.T.);
#153 = EDGE_CURVE('',#146,#154,#156,.T.);
#154 = VERTEX_POINT('',#155);
#155 = CARTESIAN_POINT('',(-20.,10.8,9.5));
#156 = LINE('',#157,#158);
#157 = CARTESIAN_POINT('',(-20.,2.6,9.5));
#158 = VECTOR('',#159,1.);
#159 = DIRECTION('',(0.,1.,0.));
#160 = ORIENTED_EDGE('',*,*,#161,.T.);
#161 = EDGE_CURVE('',#154,#162,#164,.T.);
#162 = VERTEX_POINT('',#163);
#163 = CARTESIAN_POINT('',(-19.,10.8,9.5));
#164 = LINE('',#165,#166);
#165 = CARTESIAN_POINT('',(-8.5,10.8,9.5));
#166 = VECTOR('',#167,1.);
#167 = DIRECTION('',(1.,0.,-0.));
#168 = ORIENTED_EDGE('',*,*,#169,.T.);
#169 = EDGE_CURVE('',#162,#170,#172,.T.);
#170 = VERTEX_POINT('',#171);
#171 = CARTESIAN_POINT('',(-19.,23.,9.5));
#172 = LINE('',#173,#174);
#173 = CARTESIAN_POINT('',(-19.,-11.5,9.5));
#174 = VECTOR('',#175,1.);
#175 = DIRECTION('',(-0.,1.,0.));
#176 = ORIENTED_EDGE('',*,*,#177,.F.);
#177 = EDGE_CURVE('',#178,#170,#180,.T.);
#178 = VERTEX_POINT('',#179);
#179 = CARTESIAN_POINT('',(-16.,26.,9.5));
#180 = CIRCLE('',#181,3.);
#181 = AXIS2_PLACEMENT_3D('',#182,#183,#184);
#182 = CARTESIAN_POINT('',(-16.,23.,9.5));
#183 = DIRECTION('',(0.,0.,1.));
#184 = DIRECTION('',(1.,0.,-0.));
#185 = ORIENTED_EDGE('',*,*,#186,.F.);
#186 = EDGE_CURVE('',#187,#178,#189,.T.);
#187 = VERTEX_POINT('',#188);
#188 = CARTESIAN_POINT('',(16.,26.,9.5));
#189 = LINE('',#190,#191);
#190 = CARTESIAN_POINT('',(-8.,26.,9.5));
#191 = VECTOR('',#192,1.);
#192 = DIRECTION('',(-1.,-0.,0.));
#193 = ORIENTED_EDGE('',*,*,#194,.F.);
#194 = EDGE_CURVE('',#195,#187,#197,.T.);
#195 = VERTEX_POINT('',#196);
#196 = CARTESIAN_POINT('',(19.,23.,9.5));
#197 = CIRCLE('',#198,3.);
#198 = AXIS2_PLACEMENT_3D('',#199,#200,#201);
#199 = CARTESIAN_POINT('',(16.,23.,9.5));
#200 = DIRECTION('',(0.,0.,1.));
#201 = DIRECTION('',(1.,0.,-0.));
#202 = ORIENTED_EDGE('',*,*,#203,.F.);
#203 = EDGE_CURVE('',#204,#195,#206,.T.);
#204 = VERTEX_POINT('',#205);
#205 = CARTESIAN_POINT('',(19.,10.8,9.5));
#206 = LINE('',#207,#208);
#207 = CARTESIAN_POINT('',(19.,-11.5,9.5));
#208 = VECTOR('',#209,1.);
#209 = DIRECTION('',(-0.,1.,0.));
#210 = ORIENTED_EDGE('',*,*,#211,.F.);
#211 = EDGE_CURVE('',#212,#204,#214,.T.);
#212 = VERTEX_POINT('',#213);
#213 = CARTESIAN_POINT('',(20.,10.8,9.5));
#214 = LINE('',#215,#216);
#215 = CARTESIAN_POINT('',(8.5,10.8,9.5));
#216 = VECTOR('',#217,1.);
#217 = DIRECTION('',(-1.,-0.,0.));
#218 = ORIENTED_EDGE('',*,*,#219,.F.);
#219 = EDGE_CURVE('',#220,#212,#222,.T.);
#220 = VERTEX_POINT('',#221);
#221 = CARTESIAN_POINT('',(20.,5.2,9.5));
#222 = LINE('',#223,#224);
#223 = CARTESIAN_POINT('',(20.,2.6,9.5));
#224 = VECTOR('',#225,1.);
#225 = DIRECTION('',(-0.,1.,0.));
#226 = ORIENTED_EDGE('',*,*,#227,.T.);
#227 = EDGE_CURVE('',#220,#228,#230,.T.);
#228 = VERTEX_POINT('',#229);
#229 = CARTESIAN_POINT('',(19.,5.2,9.5));
#230 = LINE('',#231,#232);
#231 = CARTESIAN_POINT('',(8.5,5.2,9.5));
#232 = VECTOR('',#233,1.);
#233 = DIRECTION('',(-1.,-0.,0.));
#234 = ORIENTED_EDGE('',*,*,#235,.F.);
#235 = EDGE_CURVE('',#236,#228,#238,.T.);
#236 = VERTEX_POINT('',#237);
#237 = CARTESIAN_POINT('',(19.,-5.2,9.5));
#238 = LINE('',#239,#240);
#239 = CARTESIAN_POINT('',(19.,-11.5,9.5));
#240 = VECTOR('',#241,1.);
#241 = DIRECTION('',(-0.,1.,0.));
#242 = ORIENTED_EDGE('',*,*,#243,.F.);
#243 = EDGE_CURVE('',#244,#236,#246,.T.);
#244 = VERTEX_POINT('',#245);
#245 = CARTESIAN_POINT('',(20.,-5.2,9.5));
#246 = LINE('',#247,#248);
#247 = CARTESIAN_POINT('',(8.5,-5.2,9.5));
#248 = VECTOR('',#249,1.);
#249 = DIRECTION('',(-1.,-0.,0.));
#250 = ORIENTED_EDGE('',*,*,#251,.F.);
#251 = EDGE_CURVE('',#252,#244,#254,.T.);
#252 = VERTEX_POINT('',#253);
#253 = CARTESIAN_POINT('',(20.,-10.8,9.5));
#254 = LINE('',#255,#256);
#255 = CARTESIAN_POINT('',(20.,-5.4,9.5));
#256 = VECTOR('',#257,1.);
#257 = DIRECTION('',(-0.,1.,0.));
#258 = ORIENTED_EDGE('',*,*,#259,.T.);
#259 = EDGE_CURVE('',#252,#260,#262,.T.);
#260 = VERTEX_POINT('',#261);
#261 = CARTESIAN_POINT('',(19.,-10.8,9.5));
#262 = LINE('',#263,#264);
#263 = CARTESIAN_POINT('',(8.5,-10.8,9.5));
#264 = VECTOR('',#265,1.);
#265 = DIRECTION('',(-1.,-0.,0.));
#266 = ORIENTED_EDGE('',*,*,#267,.F.);
#267 = EDGE_CURVE('',#268,#260,#270,.T.);
#268 = VERTEX_POINT('',#269);
#269 = CARTESIAN_POINT('',(19.,-23.,9.5));
#270 = LINE('',#271,#272);
#271 = CARTESIAN_POINT('',(19.,-11.5,9.5));
#272 = VECTOR('',#273,1.);
#273 = DIRECTION('',(-0.,1.,0.));
#274 = ORIENTED_EDGE('',*,*,#275,.F.);
#275 = EDGE_CURVE('',#276,#268,#278,.T.);
#276 = VERTEX_POINT('',#277);
#277 = CARTESIAN_POINT('',(16.,-26.,9.5));
#278 = CIRCLE('',#279,3.);
#279 = AXIS2_PLACEMENT_3D('',#280,#281,#282);
#280 = CARTESIAN_POINT('',(16.,-23.,9.5));
#281 = DIRECTION('',(0.,0.,1.));
#282 = DIRECTION('',(1.,0.,-0.));
#283 = ORIENTED_EDGE('',*,*,#284,.T.);
#284 = EDGE_CURVE('',#276,#285,#287,.T.);
#285 = VERTEX_POINT('',#286);
#286 = CARTESIAN_POINT('',(6.5,-26.,9.5));
#287 = LINE('',#288,#289);
#288 = CARTESIAN_POINT('',(-8.,-26.,9.5));
#289 = VECTOR('',#290,1.);
#290 = DIRECTION('',(-1.,-0.,0.));
#291 = ORIENTED_EDGE('',*,*,#292,.F.);
#292 = EDGE_CURVE('',#293,#285,#295,.T.);
#293 = VERTEX_POINT('',#294);
#294 = CARTESIAN_POINT('',(6.5,-28.,9.5));
#295 = LINE('',#296,#297);
#296 = CARTESIAN_POINT('',(6.5,-14.5,9.5));
#297 = VECTOR('',#298,1.);
#298 = DIRECTION('',(-0.,1.,0.));
#299 = ORIENTED_EDGE('',*,*,#300,.T.);
#300 = EDGE_CURVE('',#293,#301,#303,.T.);
#301 = VERTEX_POINT('',#302);
#302 = CARTESIAN_POINT('',(16.,-28.,9.5));
#303 = LINE('',#304,#305);
#304 = CARTESIAN_POINT('',(-16.,-28.,9.5));
#305 = VECTOR('',#306,1.);
#306 = DIRECTION('',(1.,0.,-0.));
#307 = ORIENTED_EDGE('',*,*,#308,.T.);
#308 = EDGE_CURVE('',#301,#309,#311,.T.);
#309 = VERTEX_POINT('',#310);
#310 = CARTESIAN_POINT('',(21.,-23.,9.5));
#311 = CIRCLE('',#312,5.);
#312 = AXIS2_PLACEMENT_3D('',#313,#314,#315);
#313 = CARTESIAN_POINT('',(16.,-23.,9.5));
#314 = DIRECTION('',(0.,0.,1.));
#315 = DIRECTION('',(1.,0.,-0.));
#316 = ORIENTED_EDGE('',*,*,#317,.T.);
#317 = EDGE_CURVE('',#309,#318,#320,.T.);
#318 = VERTEX_POINT('',#319);
#319 = CARTESIAN_POINT('',(21.,23.,9.5));
#320 = LINE('',#321,#322);
#321 = CARTESIAN_POINT('',(21.,-23.,9.5));
#322 = VECTOR('',#323,1.);
#323 = DIRECTION('',(-0.,1.,0.));
#324 = ORIENTED_EDGE('',*,*,#325,.T.);
#325 = EDGE_CURVE('',#318,#326,#328,.T.);
#326 = VERTEX_POINT('',#327);
#327 = CARTESIAN_POINT('',(16.,28.,9.5));
#328 = CIRCLE('',#329,5.);
#329 = AXIS2_PLACEMENT_3D('',#330,#331,#332);
#330 = CARTESIAN_POINT('',(16.,23.,9.5));
#331 = DIRECTION('',(0.,0.,1.));
#332 = DIRECTION('',(1.,0.,-0.));
#333 = ORIENTED_EDGE('',*,*,#334,.F.);
#334 = EDGE_CURVE('',#335,#326,#337,.T.);
#335 = VERTEX_POINT('',#336);
#336 = CARTESIAN_POINT('',(-16.,28.,9.5));
#337 = LINE('',#338,#339);
#338 = CARTESIAN_POINT('',(-16.,28.,9.5));
#339 = VECTOR('',#340,1.);
#340 = DIRECTION('',(1.,0.,-0.));
#341 = ORIENTED_EDGE('',*,*,#342,.T.);
#342 = EDGE_CURVE('',#335,#64,#343,.T.);
#343 = CIRCLE('',#344,5.);
#344 = AXIS2_PLACEMENT_3D('',#345,#346,#347);
#345 = CARTESIAN_POINT('',(-16.,23.,9.5));
#346 = DIRECTION('',(0.,0.,1.));
#347 = DIRECTION('',(1.,0.,-0.));
#348 = PLANE('',#349);
#349 = AXIS2_PLACEMENT_3D('',#350,#351,#352);
#350 = CARTESIAN_POINT('',(0.,-1.215523145324E-15,9.5));
#351 = DIRECTION('',(0.,0.,1.));
#352 = DIRECTION('',(1.,0.,-0.));
#353 = ADVANCED_FACE('',(#354),#372,.F.);
#354 = FACE_BOUND('',#355,.F.);
#355 = EDGE_LOOP('',(#356,#357,#365,#371));
#356 = ORIENTED_EDGE('',*,*,#32,.F.);
#357 = ORIENTED_EDGE('',*,*,#358,.T.);
#358 = EDGE_CURVE('',#33,#359,#361,.T.);
#359 = VERTEX_POINT('',#360);
#360 = CARTESIAN_POINT('',(-21.,23.,0.));
#361 = LINE('',#362,#363);
#362 = CARTESIAN_POINT('',(-21.,-23.,0.));
#363 = VECTOR('',#364,1.);
#364 = DIRECTION('',(-0.,1.,0.));
#365 = ORIENTED_EDGE('',*,*,#366,.T.);
#366 = EDGE_CURVE('',#359,#64,#367,.T.);
#367 = LINE('',#368,#369);
#368 = CARTESIAN_POINT('',(-21.,23.,0.));
#369 = VECTOR('',#370,1.);
#370 = DIRECTION('',(0.,0.,1.));
#371 = ORIENTED_EDGE('',*,*,#63,.F.);
#372 = PLANE('',#373);
#373 = AXIS2_PLACEMENT_3D('',#374,#375,#376);
#374 = CARTESIAN_POINT('',(-21.,-23.,0.));
#375 = DIRECTION('',(1.,0.,-0.));
#376 = DIRECTION('',(0.,0.,1.));
#377 = ADVANCED_FACE('',(#378,#431,#442,#476,#487,#521,#555,#589,#623,
    #657,#668,#702,#736,#770,#804),#815,.T.);
#378 = FACE_BOUND('',#379,.T.);
#379 = EDGE_LOOP('',(#380,#381,#382,#391,#399,#408,#416,#425));
#380 = ORIENTED_EDGE('',*,*,#40,.F.);
#381 = ORIENTED_EDGE('',*,*,#358,.T.);
#382 = ORIENTED_EDGE('',*,*,#383,.F.);
#383 = EDGE_CURVE('',#384,#359,#386,.T.);
#384 = VERTEX_POINT('',#385);
#385 = CARTESIAN_POINT('',(-16.,28.,0.));
#386 = CIRCLE('',#387,5.);
#387 = AXIS2_PLACEMENT_3D('',#388,#389,#390);
#388 = CARTESIAN_POINT('',(-16.,23.,0.));
#389 = DIRECTION('',(0.,0.,1.));
#390 = DIRECTION('',(1.,0.,-0.));
#391 = ORIENTED_EDGE('',*,*,#392,.T.);
#392 = EDGE_CURVE('',#384,#393,#395,.T.);
#393 = VERTEX_POINT('',#394);
#394 = CARTESIAN_POINT('',(16.,28.,0.));
#395 = LINE('',#396,#397);
#396 = CARTESIAN_POINT('',(-16.,28.,0.));
#397 = VECTOR('',#398,1.);
#398 = DIRECTION('',(1.,0.,-0.));
#399 = ORIENTED_EDGE('',*,*,#400,.F.);
#400 = EDGE_CURVE('',#401,#393,#403,.T.);
#401 = VERTEX_POINT('',#402);
#402 = CARTESIAN_POINT('',(21.,23.,0.));
#403 = CIRCLE('',#404,5.);
#404 = AXIS2_PLACEMENT_3D('',#405,#406,#407);
#405 = CARTESIAN_POINT('',(16.,23.,0.));
#406 = DIRECTION('',(0.,0.,1.));
#407 = DIRECTION('',(1.,0.,-0.));
#408 = ORIENTED_EDGE('',*,*,#409,.F.);
#409 = EDGE_CURVE('',#410,#401,#412,.T.);
#410 = VERTEX_POINT('',#411);
#411 = CARTESIAN_POINT('',(21.,-23.,0.));
#412 = LINE('',#413,#414);
#413 = CARTESIAN_POINT('',(21.,-23.,0.));
#414 = VECTOR('',#415,1.);
#415 = DIRECTION('',(-0.,1.,0.));
#416 = ORIENTED_EDGE('',*,*,#417,.F.);
#417 = EDGE_CURVE('',#418,#410,#420,.T.);
#418 = VERTEX_POINT('',#419);
#419 = CARTESIAN_POINT('',(16.,-28.,0.));
#420 = CIRCLE('',#421,5.);
#421 = AXIS2_PLACEMENT_3D('',#422,#423,#424);
#422 = CARTESIAN_POINT('',(16.,-23.,0.));
#423 = DIRECTION('',(0.,0.,1.));
#424 = DIRECTION('',(1.,0.,-0.));
#425 = ORIENTED_EDGE('',*,*,#426,.F.);
#426 = EDGE_CURVE('',#41,#418,#427,.T.);
#427 = LINE('',#428,#429);
#428 = CARTESIAN_POINT('',(-16.,-28.,0.));
#429 = VECTOR('',#430,1.);
#430 = DIRECTION('',(1.,0.,-0.));
#431 = FACE_BOUND('',#432,.T.);
#432 = EDGE_LOOP('',(#433));
#433 = ORIENTED_EDGE('',*,*,#434,.T.);
#434 = EDGE_CURVE('',#435,#435,#437,.T.);
#435 = VERTEX_POINT('',#436);
#436 = CARTESIAN_POINT('',(13.1,-19.5,0.));
#437 = CIRCLE('',#438,2.1);
#438 = AXIS2_PLACEMENT_3D('',#439,#440,#441);
#439 = CARTESIAN_POINT('',(11.,-19.5,0.));
#440 = DIRECTION('',(0.,0.,1.));
#441 = DIRECTION('',(1.,0.,-0.));
#442 = FACE_BOUND('',#443,.T.);
#443 = EDGE_LOOP('',(#444,#454,#462,#470));
#444 = ORIENTED_EDGE('',*,*,#445,.F.);
#445 = EDGE_CURVE('',#446,#448,#450,.T.);
#446 = VERTEX_POINT('',#447);
#447 = CARTESIAN_POINT('',(17.,-5.2,0.));
#448 = VERTEX_POINT('',#449);
#449 = CARTESIAN_POINT('',(18.,-5.2,0.));
#450 = LINE('',#451,#452);
#451 = CARTESIAN_POINT('',(8.5,-5.2,0.));
#452 = VECTOR('',#453,1.);
#453 = DIRECTION('',(1.,0.,-0.));
#454 = ORIENTED_EDGE('',*,*,#455,.T.);
#455 = EDGE_CURVE('',#446,#456,#458,.T.);
#456 = VERTEX_POINT('',#457);
#457 = CARTESIAN_POINT('',(17.,-10.8,0.));
#458 = LINE('',#459,#460);
#459 = CARTESIAN_POINT('',(17.,-5.4,0.));
#460 = VECTOR('',#461,1.);
#461 = DIRECTION('',(0.,-1.,0.));
#462 = ORIENTED_EDGE('',*,*,#463,.T.);
#463 = EDGE_CURVE('',#456,#464,#466,.T.);
#464 = VERTEX_POINT('',#465);
#465 = CARTESIAN_POINT('',(18.,-10.8,0.));
#466 = LINE('',#467,#468);
#467 = CARTESIAN_POINT('',(8.5,-10.8,0.));
#468 = VECTOR('',#469,1.);
#469 = DIRECTION('',(1.,0.,-0.));
#470 = ORIENTED_EDGE('',*,*,#471,.F.);
#471 = EDGE_CURVE('',#448,#464,#472,.T.);
#472 = LINE('',#473,#474);
#473 = CARTESIAN_POINT('',(18.,-5.4,0.));
#474 = VECTOR('',#475,1.);
#475 = DIRECTION('',(0.,-1.,0.));
#476 = FACE_BOUND('',#477,.T.);
#477 = EDGE_LOOP('',(#478));
#478 = ORIENTED_EDGE('',*,*,#479,.T.);
#479 = EDGE_CURVE('',#480,#480,#482,.T.);
#480 = VERTEX_POINT('',#481);
#481 = CARTESIAN_POINT('',(-8.9,-19.5,0.));
#482 = CIRCLE('',#483,2.1);
#483 = AXIS2_PLACEMENT_3D('',#484,#485,#486);
#484 = CARTESIAN_POINT('',(-11.,-19.5,0.));
#485 = DIRECTION('',(0.,0.,1.));
#486 = DIRECTION('',(1.,0.,-0.));
#487 = FACE_BOUND('',#488,.T.);
#488 = EDGE_LOOP('',(#489,#499,#507,#515));
#489 = ORIENTED_EDGE('',*,*,#490,.F.);
#490 = EDGE_CURVE('',#491,#493,#495,.T.);
#491 = VERTEX_POINT('',#492);
#492 = CARTESIAN_POINT('',(-5.,-6.,0.));
#493 = VERTEX_POINT('',#494);
#494 = CARTESIAN_POINT('',(5.,-6.,0.));
#495 = LINE('',#496,#497);
#496 = CARTESIAN_POINT('',(-2.5,-6.,0.));
#497 = VECTOR('',#498,1.);
#498 = DIRECTION('',(1.,0.,-0.));
#499 = ORIENTED_EDGE('',*,*,#500,.T.);
#500 = EDGE_CURVE('',#491,#501,#503,.T.);
#501 = VERTEX_POINT('',#502);
#502 = CARTESIAN_POINT('',(-5.,-8.,0.));
#503 = LINE('',#504,#505);
#504 = CARTESIAN_POINT('',(-5.,-4.,0.));
#505 = VECTOR('',#506,1.);
#506 = DIRECTION('',(0.,-1.,0.));
#507 = ORIENTED_EDGE('',*,*,#508,.T.);
#508 = EDGE_CURVE('',#501,#509,#511,.T.);
#509 = VERTEX_POINT('',#510);
#510 = CARTESIAN_POINT('',(5.,-8.,0.));
#511 = LINE('',#512,#513);
#512 = CARTESIAN_POINT('',(-2.5,-8.,0.));
#513 = VECTOR('',#514,1.);
#514 = DIRECTION('',(1.,0.,-0.));
#515 = ORIENTED_EDGE('',*,*,#516,.F.);
#516 = EDGE_CURVE('',#493,#509,#517,.T.);
#517 = LINE('',#518,#519);
#518 = CARTESIAN_POINT('',(5.,-4.,0.));
#519 = VECTOR('',#520,1.);
#520 = DIRECTION('',(0.,-1.,0.));
#521 = FACE_BOUND('',#522,.T.);
#522 = EDGE_LOOP('',(#523,#533,#541,#549));
#523 = ORIENTED_EDGE('',*,*,#524,.F.);
#524 = EDGE_CURVE('',#525,#527,#529,.T.);
#525 = VERTEX_POINT('',#526);
#526 = CARTESIAN_POINT('',(-5.,0.,0.));
#527 = VERTEX_POINT('',#528);
#528 = CARTESIAN_POINT('',(5.,0.,0.));
#529 = LINE('',#530,#531);
#530 = CARTESIAN_POINT('',(-2.5,0.,0.));
#531 = VECTOR('',#532,1.);
#532 = DIRECTION('',(1.,0.,-0.));
#533 = ORIENTED_EDGE('',*,*,#534,.T.);
#534 = EDGE_CURVE('',#525,#535,#537,.T.);
#535 = VERTEX_POINT('',#536);
#536 = CARTESIAN_POINT('',(-5.,-2.,0.));
#537 = LINE('',#538,#539);
#538 = CARTESIAN_POINT('',(-5.,-1.,0.));
#539 = VECTOR('',#540,1.);
#540 = DIRECTION('',(0.,-1.,0.));
#541 = ORIENTED_EDGE('',*,*,#542,.T.);
#542 = EDGE_CURVE('',#535,#543,#545,.T.);
#543 = VERTEX_POINT('',#544);
#544 = CARTESIAN_POINT('',(5.,-2.,0.));
#545 = LINE('',#546,#547);
#546 = CARTESIAN_POINT('',(-2.5,-2.,0.));
#547 = VECTOR('',#548,1.);
#548 = DIRECTION('',(1.,0.,-0.));
#549 = ORIENTED_EDGE('',*,*,#550,.F.);
#550 = EDGE_CURVE('',#527,#543,#551,.T.);
#551 = LINE('',#552,#553);
#552 = CARTESIAN_POINT('',(5.,-1.,0.));
#553 = VECTOR('',#554,1.);
#554 = DIRECTION('',(0.,-1.,0.));
#555 = FACE_BOUND('',#556,.T.);
#556 = EDGE_LOOP('',(#557,#567,#575,#583));
#557 = ORIENTED_EDGE('',*,*,#558,.F.);
#558 = EDGE_CURVE('',#559,#561,#563,.T.);
#559 = VERTEX_POINT('',#560);
#560 = CARTESIAN_POINT('',(-17.,-5.2,0.));
#561 = VERTEX_POINT('',#562);
#562 = CARTESIAN_POINT('',(-17.,-10.8,0.));
#563 = LINE('',#564,#565);
#564 = CARTESIAN_POINT('',(-17.,-5.4,0.));
#565 = VECTOR('',#566,1.);
#566 = DIRECTION('',(0.,-1.,0.));
#567 = ORIENTED_EDGE('',*,*,#568,.T.);
#568 = EDGE_CURVE('',#559,#569,#571,.T.);
#569 = VERTEX_POINT('',#570);
#570 = CARTESIAN_POINT('',(-18.,-5.2,0.));
#571 = LINE('',#572,#573);
#572 = CARTESIAN_POINT('',(-8.5,-5.2,0.));
#573 = VECTOR('',#574,1.);
#574 = DIRECTION('',(-1.,0.,0.));
#575 = ORIENTED_EDGE('',*,*,#576,.T.);
#576 = EDGE_CURVE('',#569,#577,#579,.T.);
#577 = VERTEX_POINT('',#578);
#578 = CARTESIAN_POINT('',(-18.,-10.8,0.));
#579 = LINE('',#580,#581);
#580 = CARTESIAN_POINT('',(-18.,-5.4,0.));
#581 = VECTOR('',#582,1.);
#582 = DIRECTION('',(0.,-1.,0.));
#583 = ORIENTED_EDGE('',*,*,#584,.F.);
#584 = EDGE_CURVE('',#561,#577,#585,.T.);
#585 = LINE('',#586,#587);
#586 = CARTESIAN_POINT('',(-8.5,-10.8,0.));
#587 = VECTOR('',#588,1.);
#588 = DIRECTION('',(-1.,0.,0.));
#589 = FACE_BOUND('',#590,.T.);
#590 = EDGE_LOOP('',(#591,#601,#609,#617));
#591 = ORIENTED_EDGE('',*,*,#592,.F.);
#592 = EDGE_CURVE('',#593,#595,#597,.T.);
#593 = VERTEX_POINT('',#594);
#594 = CARTESIAN_POINT('',(9.43,14.98,0.));
#595 = VERTEX_POINT('',#596);
#596 = CARTESIAN_POINT('',(13.43,14.98,0.));
#597 = LINE('',#598,#599);
#598 = CARTESIAN_POINT('',(4.715,14.98,0.));
#599 = VECTOR('',#600,1.);
#600 = DIRECTION('',(1.,0.,-0.));
#601 = ORIENTED_EDGE('',*,*,#602,.T.);
#602 = EDGE_CURVE('',#593,#603,#605,.T.);
#603 = VERTEX_POINT('',#604);
#604 = CARTESIAN_POINT('',(9.43,-14.42,0.));
#605 = LINE('',#606,#607);
#606 = CARTESIAN_POINT('',(9.43,-7.21,0.));
#607 = VECTOR('',#608,1.);
#608 = DIRECTION('',(0.,-1.,0.));
#609 = ORIENTED_EDGE('',*,*,#610,.T.);
#610 = EDGE_CURVE('',#603,#611,#613,.T.);
#611 = VERTEX_POINT('',#612);
#612 = CARTESIAN_POINT('',(13.43,-14.42,0.));
#613 = LINE('',#614,#615);
#614 = CARTESIAN_POINT('',(4.715,-14.42,0.));
#615 = VECTOR('',#616,1.);
#616 = DIRECTION('',(1.,0.,-0.));
#617 = ORIENTED_EDGE('',*,*,#618,.F.);
#618 = EDGE_CURVE('',#595,#611,#619,.T.);
#619 = LINE('',#620,#621);
#620 = CARTESIAN_POINT('',(13.43,-7.21,0.));
#621 = VECTOR('',#622,1.);
#622 = DIRECTION('',(0.,-1.,0.));
#623 = FACE_BOUND('',#624,.T.);
#624 = EDGE_LOOP('',(#625,#635,#643,#651));
#625 = ORIENTED_EDGE('',*,*,#626,.F.);
#626 = EDGE_CURVE('',#627,#629,#631,.T.);
#627 = VERTEX_POINT('',#628);
#628 = CARTESIAN_POINT('',(17.,10.8,0.));
#629 = VERTEX_POINT('',#630);
#630 = CARTESIAN_POINT('',(18.,10.8,0.));
#631 = LINE('',#632,#633);
#632 = CARTESIAN_POINT('',(8.5,10.8,0.));
#633 = VECTOR('',#634,1.);
#634 = DIRECTION('',(1.,0.,-0.));
#635 = ORIENTED_EDGE('',*,*,#636,.T.);
#636 = EDGE_CURVE('',#627,#637,#639,.T.);
#637 = VERTEX_POINT('',#638);
#638 = CARTESIAN_POINT('',(17.,5.2,0.));
#639 = LINE('',#640,#641);
#640 = CARTESIAN_POINT('',(17.,2.6,0.));
#641 = VECTOR('',#642,1.);
#642 = DIRECTION('',(0.,-1.,0.));
#643 = ORIENTED_EDGE('',*,*,#644,.T.);
#644 = EDGE_CURVE('',#637,#645,#647,.T.);
#645 = VERTEX_POINT('',#646);
#646 = CARTESIAN_POINT('',(18.,5.2,0.));
#647 = LINE('',#648,#649);
#648 = CARTESIAN_POINT('',(8.5,5.2,0.));
#649 = VECTOR('',#650,1.);
#650 = DIRECTION('',(1.,0.,-0.));
#651 = ORIENTED_EDGE('',*,*,#652,.F.);
#652 = EDGE_CURVE('',#629,#645,#653,.T.);
#653 = LINE('',#654,#655);
#654 = CARTESIAN_POINT('',(18.,2.6,0.));
#655 = VECTOR('',#656,1.);
#656 = DIRECTION('',(0.,-1.,0.));
#657 = FACE_BOUND('',#658,.T.);
#658 = EDGE_LOOP('',(#659));
#659 = ORIENTED_EDGE('',*,*,#660,.T.);
#660 = EDGE_CURVE('',#661,#661,#663,.T.);
#661 = VERTEX_POINT('',#662);
#662 = CARTESIAN_POINT('',(13.1,19.5,0.));
#663 = CIRCLE('',#664,2.1);
#664 = AXIS2_PLACEMENT_3D('',#665,#666,#667);
#665 = CARTESIAN_POINT('',(11.,19.5,0.));
#666 = DIRECTION('',(0.,0.,1.));
#667 = DIRECTION('',(1.,0.,-0.));
#668 = FACE_BOUND('',#669,.T.);
#669 = EDGE_LOOP('',(#670,#680,#688,#696));
#670 = ORIENTED_EDGE('',*,*,#671,.F.);
#671 = EDGE_CURVE('',#672,#674,#676,.T.);
#672 = VERTEX_POINT('',#673);
#673 = CARTESIAN_POINT('',(-5.,6.,0.));
#674 = VERTEX_POINT('',#675);
#675 = CARTESIAN_POINT('',(5.,6.,0.));
#676 = LINE('',#677,#678);
#677 = CARTESIAN_POINT('',(-2.5,6.,0.));
#678 = VECTOR('',#679,1.);
#679 = DIRECTION('',(1.,0.,-0.));
#680 = ORIENTED_EDGE('',*,*,#681,.T.);
#681 = EDGE_CURVE('',#672,#682,#684,.T.);
#682 = VERTEX_POINT('',#683);
#683 = CARTESIAN_POINT('',(-5.,4.,0.));
#684 = LINE('',#685,#686);
#685 = CARTESIAN_POINT('',(-5.,2.,0.));
#686 = VECTOR('',#687,1.);
#687 = DIRECTION('',(0.,-1.,0.));
#688 = ORIENTED_EDGE('',*,*,#689,.T.);
#689 = EDGE_CURVE('',#682,#690,#692,.T.);
#690 = VERTEX_POINT('',#691);
#691 = CARTESIAN_POINT('',(5.,4.,0.));
#692 = LINE('',#693,#694);
#693 = CARTESIAN_POINT('',(-2.5,4.,0.));
#694 = VECTOR('',#695,1.);
#695 = DIRECTION('',(1.,0.,-0.));
#696 = ORIENTED_EDGE('',*,*,#697,.F.);
#697 = EDGE_CURVE('',#674,#690,#698,.T.);
#698 = LINE('',#699,#700);
#699 = CARTESIAN_POINT('',(5.,2.,0.));
#700 = VECTOR('',#701,1.);
#701 = DIRECTION('',(0.,-1.,0.));
#702 = FACE_BOUND('',#703,.T.);
#703 = EDGE_LOOP('',(#704,#714,#722,#730));
#704 = ORIENTED_EDGE('',*,*,#705,.F.);
#705 = EDGE_CURVE('',#706,#708,#710,.T.);
#706 = VERTEX_POINT('',#707);
#707 = CARTESIAN_POINT('',(-13.43,14.98,0.));
#708 = VERTEX_POINT('',#709);
#709 = CARTESIAN_POINT('',(-9.43,14.98,0.));
#710 = LINE('',#711,#712);
#711 = CARTESIAN_POINT('',(-6.715,14.98,0.));
#712 = VECTOR('',#713,1.);
#713 = DIRECTION('',(1.,0.,-0.));
#714 = ORIENTED_EDGE('',*,*,#715,.T.);
#715 = EDGE_CURVE('',#706,#716,#718,.T.);
#716 = VERTEX_POINT('',#717);
#717 = CARTESIAN_POINT('',(-13.43,-14.42,0.));
#718 = LINE('',#719,#720);
#719 = CARTESIAN_POINT('',(-13.43,-7.21,0.));
#720 = VECTOR('',#721,1.);
#721 = DIRECTION('',(0.,-1.,0.));
#722 = ORIENTED_EDGE('',*,*,#723,.T.);
#723 = EDGE_CURVE('',#716,#724,#726,.T.);
#724 = VERTEX_POINT('',#725);
#725 = CARTESIAN_POINT('',(-9.43,-14.42,0.));
#726 = LINE('',#727,#728);
#727 = CARTESIAN_POINT('',(-6.715,-14.42,0.));
#728 = VECTOR('',#729,1.);
#729 = DIRECTION('',(1.,0.,-0.));
#730 = ORIENTED_EDGE('',*,*,#731,.F.);
#731 = EDGE_CURVE('',#708,#724,#732,.T.);
#732 = LINE('',#733,#734);
#733 = CARTESIAN_POINT('',(-9.43,-7.21,0.));
#734 = VECTOR('',#735,1.);
#735 = DIRECTION('',(0.,-1.,0.));
#736 = FACE_BOUND('',#737,.T.);
#737 = EDGE_LOOP('',(#738,#748,#756,#764));
#738 = ORIENTED_EDGE('',*,*,#739,.F.);
#739 = EDGE_CURVE('',#740,#742,#744,.T.);
#740 = VERTEX_POINT('',#741);
#741 = CARTESIAN_POINT('',(-17.,10.8,0.));
#742 = VERTEX_POINT('',#743);
#743 = CARTESIAN_POINT('',(-17.,5.2,0.));
#744 = LINE('',#745,#746);
#745 = CARTESIAN_POINT('',(-17.,2.6,0.));
#746 = VECTOR('',#747,1.);
#747 = DIRECTION('',(0.,-1.,0.));
#748 = ORIENTED_EDGE('',*,*,#749,.T.);
#749 = EDGE_CURVE('',#740,#750,#752,.T.);
#750 = VERTEX_POINT('',#751);
#751 = CARTESIAN_POINT('',(-18.,10.8,0.));
#752 = LINE('',#753,#754);
#753 = CARTESIAN_POINT('',(-8.5,10.8,0.));
#754 = VECTOR('',#755,1.);
#755 = DIRECTION('',(-1.,0.,0.));
#756 = ORIENTED_EDGE('',*,*,#757,.T.);
#757 = EDGE_CURVE('',#750,#758,#760,.T.);
#758 = VERTEX_POINT('',#759);
#759 = CARTESIAN_POINT('',(-18.,5.2,0.));
#760 = LINE('',#761,#762);
#761 = CARTESIAN_POINT('',(-18.,2.6,0.));
#762 = VECTOR('',#763,1.);
#763 = DIRECTION('',(0.,-1.,0.));
#764 = ORIENTED_EDGE('',*,*,#765,.F.);
#765 = EDGE_CURVE('',#742,#758,#766,.T.);
#766 = LINE('',#767,#768);
#767 = CARTESIAN_POINT('',(-8.5,5.2,0.));
#768 = VECTOR('',#769,1.);
#769 = DIRECTION('',(-1.,0.,0.));
#770 = FACE_BOUND('',#771,.T.);
#771 = EDGE_LOOP('',(#772,#782,#790,#798));
#772 = ORIENTED_EDGE('',*,*,#773,.F.);
#773 = EDGE_CURVE('',#774,#776,#778,.T.);
#774 = VERTEX_POINT('',#775);
#775 = CARTESIAN_POINT('',(-5.,12.,0.));
#776 = VERTEX_POINT('',#777);
#777 = CARTESIAN_POINT('',(5.,12.,0.));
#778 = LINE('',#779,#780);
#779 = CARTESIAN_POINT('',(-2.5,12.,0.));
#780 = VECTOR('',#781,1.);
#781 = DIRECTION('',(1.,0.,-0.));
#782 = ORIENTED_EDGE('',*,*,#783,.T.);
#783 = EDGE_CURVE('',#774,#784,#786,.T.);
#784 = VERTEX_POINT('',#785);
#785 = CARTESIAN_POINT('',(-5.,10.,0.));
#786 = LINE('',#787,#788);
#787 = CARTESIAN_POINT('',(-5.,5.,0.));
#788 = VECTOR('',#789,1.);
#789 = DIRECTION('',(0.,-1.,0.));
#790 = ORIENTED_EDGE('',*,*,#791,.T.);
#791 = EDGE_CURVE('',#784,#792,#794,.T.);
#792 = VERTEX_POINT('',#793);
#793 = CARTESIAN_POINT('',(5.,10.,0.));
#794 = LINE('',#795,#796);
#795 = CARTESIAN_POINT('',(-2.5,10.,0.));
#796 = VECTOR('',#797,1.);
#797 = DIRECTION('',(1.,0.,-0.));
#798 = ORIENTED_EDGE('',*,*,#799,.F.);
#799 = EDGE_CURVE('',#776,#792,#800,.T.);
#800 = LINE('',#801,#802);
#801 = CARTESIAN_POINT('',(5.,5.,0.));
#802 = VECTOR('',#803,1.);
#803 = DIRECTION('',(0.,-1.,0.));
#804 = FACE_BOUND('',#805,.T.);
#805 = EDGE_LOOP('',(#806));
#806 = ORIENTED_EDGE('',*,*,#807,.T.);
#807 = EDGE_CURVE('',#808,#808,#810,.T.);
#808 = VERTEX_POINT('',#809);
#809 = CARTESIAN_POINT('',(-8.9,19.5,0.));
#810 = CIRCLE('',#811,2.1);
#811 = AXIS2_PLACEMENT_3D('',#812,#813,#814);
#812 = CARTESIAN_POINT('',(-11.,19.5,0.));
#813 = DIRECTION('',(0.,0.,1.));
#814 = DIRECTION('',(1.,0.,-0.));
#815 = PLANE('',#816);
#816 = AXIS2_PLACEMENT_3D('',#817,#818,#819);
#817 = CARTESIAN_POINT('',(0.,-2.431046290648E-15,0.));
#818 = DIRECTION('',(-0.,-0.,-1.));
#819 = DIRECTION('',(-1.,0.,0.));
#820 = ADVANCED_FACE('',(#821),#855,.F.);
#821 = FACE_BOUND('',#822,.F.);
#822 = EDGE_LOOP('',(#823,#824,#825,#826,#834,#842,#848,#849));
#823 = ORIENTED_EDGE('',*,*,#426,.F.);
#824 = ORIENTED_EDGE('',*,*,#49,.T.);
#825 = ORIENTED_EDGE('',*,*,#72,.T.);
#826 = ORIENTED_EDGE('',*,*,#827,.T.);
#827 = EDGE_CURVE('',#73,#828,#830,.T.);
#828 = VERTEX_POINT('',#829);
#829 = CARTESIAN_POINT('',(-6.5,-28.,3.6));
#830 = LINE('',#831,#832);
#831 = CARTESIAN_POINT('',(-6.5,-28.,1.8));
#832 = VECTOR('',#833,1.);
#833 = DIRECTION('',(-0.,0.,-1.));
#834 = ORIENTED_EDGE('',*,*,#835,.T.);
#835 = EDGE_CURVE('',#828,#836,#838,.T.);
#836 = VERTEX_POINT('',#837);
#837 = CARTESIAN_POINT('',(6.5,-28.,3.6));
#838 = LINE('',#839,#840);
#839 = CARTESIAN_POINT('',(-11.25,-28.,3.6));
#840 = VECTOR('',#841,1.);
#841 = DIRECTION('',(1.,0.,-0.));
#842 = ORIENTED_EDGE('',*,*,#843,.F.);
#843 = EDGE_CURVE('',#293,#836,#844,.T.);
#844 = LINE('',#845,#846);
#845 = CARTESIAN_POINT('',(6.5,-28.,1.8));
#846 = VECTOR('',#847,1.);
#847 = DIRECTION('',(-0.,0.,-1.));
#848 = ORIENTED_EDGE('',*,*,#300,.T.);
#849 = ORIENTED_EDGE('',*,*,#850,.F.);
#850 = EDGE_CURVE('',#418,#301,#851,.T.);
#851 = LINE('',#852,#853);
#852 = CARTESIAN_POINT('',(16.,-28.,0.));
#853 = VECTOR('',#854,1.);
#854 = DIRECTION('',(0.,0.,1.));
#855 = PLANE('',#856);
#856 = AXIS2_PLACEMENT_3D('',#857,#858,#859);
#857 = CARTESIAN_POINT('',(-16.,-28.,0.));
#858 = DIRECTION('',(-0.,1.,0.));
#859 = DIRECTION('',(0.,0.,1.));
#860 = ADVANCED_FACE('',(#861),#895,.T.);
#861 = FACE_BOUND('',#862,.T.);
#862 = EDGE_LOOP('',(#863,#864,#872,#880,#888,#894));
#863 = ORIENTED_EDGE('',*,*,#827,.T.);
#864 = ORIENTED_EDGE('',*,*,#865,.T.);
#865 = EDGE_CURVE('',#828,#866,#868,.T.);
#866 = VERTEX_POINT('',#867);
#867 = CARTESIAN_POINT('',(-6.5,-22.5,3.6));
#868 = LINE('',#869,#870);
#869 = CARTESIAN_POINT('',(-6.5,-29.,3.6));
#870 = VECTOR('',#871,1.);
#871 = DIRECTION('',(-0.,1.,0.));
#872 = ORIENTED_EDGE('',*,*,#873,.F.);
#873 = EDGE_CURVE('',#874,#866,#876,.T.);
#874 = VERTEX_POINT('',#875);
#875 = CARTESIAN_POINT('',(-6.5,-22.5,12.3));
#876 = LINE('',#877,#878);
#877 = CARTESIAN_POINT('',(-6.5,-22.5,3.2));
#878 = VECTOR('',#879,1.);
#879 = DIRECTION('',(-0.,0.,-1.));
#880 = ORIENTED_EDGE('',*,*,#881,.F.);
#881 = EDGE_CURVE('',#882,#874,#884,.T.);
#882 = VERTEX_POINT('',#883);
#883 = CARTESIAN_POINT('',(-6.5,-26.,12.3));
#884 = LINE('',#885,#886);
#885 = CARTESIAN_POINT('',(-6.5,-14.5,12.3));
#886 = VECTOR('',#887,1.);
#887 = DIRECTION('',(-0.,1.,0.));
#888 = ORIENTED_EDGE('',*,*,#889,.T.);
#889 = EDGE_CURVE('',#882,#81,#890,.T.);
#890 = LINE('',#891,#892);
#891 = CARTESIAN_POINT('',(-6.5,-26.,6.5));
#892 = VECTOR('',#893,1.);
#893 = DIRECTION('',(-0.,0.,-1.));
#894 = ORIENTED_EDGE('',*,*,#80,.F.);
#895 = PLANE('',#896);
#896 = AXIS2_PLACEMENT_3D('',#897,#898,#899);
#897 = CARTESIAN_POINT('',(-6.5,-29.,3.6));
#898 = DIRECTION('',(1.,0.,-0.));
#899 = DIRECTION('',(0.,0.,1.));
#900 = ADVANCED_FACE('',(#901),#919,.F.);
#901 = FACE_BOUND('',#902,.F.);
#902 = EDGE_LOOP('',(#903,#904,#905,#913));
#903 = ORIENTED_EDGE('',*,*,#889,.T.);
#904 = ORIENTED_EDGE('',*,*,#88,.T.);
#905 = ORIENTED_EDGE('',*,*,#906,.T.);
#906 = EDGE_CURVE('',#89,#907,#909,.T.);
#907 = VERTEX_POINT('',#908);
#908 = CARTESIAN_POINT('',(-16.,-26.,12.3));
#909 = LINE('',#910,#911);
#910 = CARTESIAN_POINT('',(-16.,-26.,9.4));
#911 = VECTOR('',#912,1.);
#912 = DIRECTION('',(0.,0.,1.));
#913 = ORIENTED_EDGE('',*,*,#914,.T.);
#914 = EDGE_CURVE('',#907,#882,#915,.T.);
#915 = LINE('',#916,#917);
#916 = CARTESIAN_POINT('',(-16.,-26.,12.3));
#917 = VECTOR('',#918,1.);
#918 = DIRECTION('',(1.,0.,-0.));
#919 = PLANE('',#920);
#920 = AXIS2_PLACEMENT_3D('',#921,#922,#923);
#921 = CARTESIAN_POINT('',(-16.,-26.,9.4));
#922 = DIRECTION('',(-0.,1.,0.));
#923 = DIRECTION('',(0.,0.,1.));
#924 = ADVANCED_FACE('',(#925),#944,.T.);
#925 = FACE_BOUND('',#926,.T.);
#926 = EDGE_LOOP('',(#927,#936,#942,#943));
#927 = ORIENTED_EDGE('',*,*,#928,.F.);
#928 = EDGE_CURVE('',#929,#907,#931,.T.);
#929 = VERTEX_POINT('',#930);
#930 = CARTESIAN_POINT('',(-19.,-23.,12.3));
#931 = CIRCLE('',#932,3.);
#932 = AXIS2_PLACEMENT_3D('',#933,#934,#935);
#933 = CARTESIAN_POINT('',(-16.,-23.,12.3));
#934 = DIRECTION('',(0.,0.,1.));
#935 = DIRECTION('',(1.,0.,-0.));
#936 = ORIENTED_EDGE('',*,*,#937,.F.);
#937 = EDGE_CURVE('',#97,#929,#938,.T.);
#938 = LINE('',#939,#940);
#939 = CARTESIAN_POINT('',(-19.,-23.,9.4));
#940 = VECTOR('',#941,1.);
#941 = DIRECTION('',(0.,0.,1.));
#942 = ORIENTED_EDGE('',*,*,#96,.T.);
#943 = ORIENTED_EDGE('',*,*,#906,.T.);
#944 = CYLINDRICAL_SURFACE('',#945,3.);
#945 = AXIS2_PLACEMENT_3D('',#946,#947,#948);
#946 = CARTESIAN_POINT('',(-16.,-23.,9.4));
#947 = DIRECTION('',(0.,0.,1.));
#948 = DIRECTION('',(1.,0.,-0.));
#949 = ADVANCED_FACE('',(#950),#968,.F.);
#950 = FACE_BOUND('',#951,.F.);
#951 = EDGE_LOOP('',(#952,#953,#954,#962));
#952 = ORIENTED_EDGE('',*,*,#937,.F.);
#953 = ORIENTED_EDGE('',*,*,#105,.T.);
#954 = ORIENTED_EDGE('',*,*,#955,.F.);
#955 = EDGE_CURVE('',#956,#106,#958,.T.);
#956 = VERTEX_POINT('',#957);
#957 = CARTESIAN_POINT('',(-19.,-10.8,12.3));
#958 = LINE('',#959,#960);
#959 = CARTESIAN_POINT('',(-19.,-10.8,6.1));
#960 = VECTOR('',#961,1.);
#961 = DIRECTION('',(0.,-0.,-1.));
#962 = ORIENTED_EDGE('',*,*,#963,.F.);
#963 = EDGE_CURVE('',#929,#956,#964,.T.);
#964 = LINE('',#965,#966);
#965 = CARTESIAN_POINT('',(-19.,-23.,12.3));
#966 = VECTOR('',#967,1.);
#967 = DIRECTION('',(-0.,1.,0.));
#968 = PLANE('',#969);
#969 = AXIS2_PLACEMENT_3D('',#970,#971,#972);
#970 = CARTESIAN_POINT('',(-19.,-23.,9.4));
#971 = DIRECTION('',(1.,0.,-0.));
#972 = DIRECTION('',(0.,0.,1.));
#973 = ADVANCED_FACE('',(#974),#1015,.T.);
#974 = FACE_BOUND('',#975,.T.);
#975 = EDGE_LOOP('',(#976,#984,#985,#986,#994,#1000,#1001,#1009));
#976 = ORIENTED_EDGE('',*,*,#977,.T.);
#977 = EDGE_CURVE('',#978,#114,#980,.T.);
#978 = VERTEX_POINT('',#979);
#979 = CARTESIAN_POINT('',(-20.,-10.8,2.8));
#980 = LINE('',#981,#982);
#981 = CARTESIAN_POINT('',(-20.,-10.8,2.8));
#982 = VECTOR('',#983,1.);
#983 = DIRECTION('',(-0.,-0.,1.));
#984 = ORIENTED_EDGE('',*,*,#113,.T.);
#985 = ORIENTED_EDGE('',*,*,#955,.F.);
#986 = ORIENTED_EDGE('',*,*,#987,.T.);
#987 = EDGE_CURVE('',#956,#988,#990,.T.);
#988 = VERTEX_POINT('',#989);
#989 = CARTESIAN_POINT('',(-17.,-10.8,12.3));
#990 = LINE('',#991,#992);
#991 = CARTESIAN_POINT('',(-8.5,-10.8,12.3));
#992 = VECTOR('',#993,1.);
#993 = DIRECTION('',(1.,0.,-0.));
#994 = ORIENTED_EDGE('',*,*,#995,.F.);
#995 = EDGE_CURVE('',#561,#988,#996,.T.);
#996 = LINE('',#997,#998);
#997 = CARTESIAN_POINT('',(-17.,-10.8,2.8));
#998 = VECTOR('',#999,1.);
#999 = DIRECTION('',(-0.,-0.,1.));
#1000 = ORIENTED_EDGE('',*,*,#584,.T.);
#1001 = ORIENTED_EDGE('',*,*,#1002,.T.);
#1002 = EDGE_CURVE('',#577,#1003,#1005,.T.);
#1003 = VERTEX_POINT('',#1004);
#1004 = CARTESIAN_POINT('',(-18.,-10.8,2.8));
#1005 = LINE('',#1006,#1007);
#1006 = CARTESIAN_POINT('',(-18.,-10.8,-0.1));
#1007 = VECTOR('',#1008,1.);
#1008 = DIRECTION('',(-0.,-0.,1.));
#1009 = ORIENTED_EDGE('',*,*,#1010,.T.);
#1010 = EDGE_CURVE('',#1003,#978,#1011,.T.);
#1011 = LINE('',#1012,#1013);
#1012 = CARTESIAN_POINT('',(-17.,-10.8,2.8));
#1013 = VECTOR('',#1014,1.);
#1014 = DIRECTION('',(-1.,-0.,-0.));
#1015 = PLANE('',#1016);
#1016 = AXIS2_PLACEMENT_3D('',#1017,#1018,#1019);
#1017 = CARTESIAN_POINT('',(-18.22549019607,-10.8,6.241503267974));
#1018 = DIRECTION('',(0.,1.,0.));
#1019 = DIRECTION('',(0.,-0.,1.));
#1020 = ADVANCED_FACE('',(#1021),#1039,.F.);
#1021 = FACE_BOUND('',#1022,.T.);
#1022 = EDGE_LOOP('',(#1023,#1024,#1032,#1038));
#1023 = ORIENTED_EDGE('',*,*,#977,.F.);
#1024 = ORIENTED_EDGE('',*,*,#1025,.T.);
#1025 = EDGE_CURVE('',#978,#1026,#1028,.T.);
#1026 = VERTEX_POINT('',#1027);
#1027 = CARTESIAN_POINT('',(-20.,-5.2,2.8));
#1028 = LINE('',#1029,#1030);
#1029 = CARTESIAN_POINT('',(-20.,-10.8,2.8));
#1030 = VECTOR('',#1031,1.);
#1031 = DIRECTION('',(-0.,1.,-0.));
#1032 = ORIENTED_EDGE('',*,*,#1033,.T.);
#1033 = EDGE_CURVE('',#1026,#122,#1034,.T.);
#1034 = LINE('',#1035,#1036);
#1035 = CARTESIAN_POINT('',(-20.,-5.2,2.8));
#1036 = VECTOR('',#1037,1.);
#1037 = DIRECTION('',(-0.,-0.,1.));
#1038 = ORIENTED_EDGE('',*,*,#121,.F.);
#1039 = PLANE('',#1040);
#1040 = AXIS2_PLACEMENT_3D('',#1041,#1042,#1043);
#1041 = CARTESIAN_POINT('',(-20.,-10.8,2.8));
#1042 = DIRECTION('',(-1.,-0.,-0.));
#1043 = DIRECTION('',(0.,0.,-1.));
#1044 = ADVANCED_FACE('',(#1045),#1086,.T.);
#1045 = FACE_BOUND('',#1046,.T.);
#1046 = EDGE_LOOP('',(#1047,#1048,#1056,#1062,#1063,#1071,#1079,#1085));
#1047 = ORIENTED_EDGE('',*,*,#1033,.F.);
#1048 = ORIENTED_EDGE('',*,*,#1049,.F.);
#1049 = EDGE_CURVE('',#1050,#1026,#1052,.T.);
#1050 = VERTEX_POINT('',#1051);
#1051 = CARTESIAN_POINT('',(-18.,-5.2,2.8));
#1052 = LINE('',#1053,#1054);
#1053 = CARTESIAN_POINT('',(-17.,-5.2,2.8));
#1054 = VECTOR('',#1055,1.);
#1055 = DIRECTION('',(-1.,-0.,-0.));
#1056 = ORIENTED_EDGE('',*,*,#1057,.F.);
#1057 = EDGE_CURVE('',#569,#1050,#1058,.T.);
#1058 = LINE('',#1059,#1060);
#1059 = CARTESIAN_POINT('',(-18.,-5.2,-0.1));
#1060 = VECTOR('',#1061,1.);
#1061 = DIRECTION('',(-0.,-0.,1.));
#1062 = ORIENTED_EDGE('',*,*,#568,.F.);
#1063 = ORIENTED_EDGE('',*,*,#1064,.T.);
#1064 = EDGE_CURVE('',#559,#1065,#1067,.T.);
#1065 = VERTEX_POINT('',#1066);
#1066 = CARTESIAN_POINT('',(-17.,-5.2,12.3));
#1067 = LINE('',#1068,#1069);
#1068 = CARTESIAN_POINT('',(-17.,-5.2,-0.1));
#1069 = VECTOR('',#1070,1.);
#1070 = DIRECTION('',(-0.,-0.,1.));
#1071 = ORIENTED_EDGE('',*,*,#1072,.F.);
#1072 = EDGE_CURVE('',#1073,#1065,#1075,.T.);
#1073 = VERTEX_POINT('',#1074);
#1074 = CARTESIAN_POINT('',(-19.,-5.2,12.3));
#1075 = LINE('',#1076,#1077);
#1076 = CARTESIAN_POINT('',(-8.5,-5.2,12.3));
#1077 = VECTOR('',#1078,1.);
#1078 = DIRECTION('',(1.,0.,-0.));
#1079 = ORIENTED_EDGE('',*,*,#1080,.T.);
#1080 = EDGE_CURVE('',#1073,#130,#1081,.T.);
#1081 = LINE('',#1082,#1083);
#1082 = CARTESIAN_POINT('',(-19.,-5.2,6.1));
#1083 = VECTOR('',#1084,1.);
#1084 = DIRECTION('',(0.,-0.,-1.));
#1085 = ORIENTED_EDGE('',*,*,#129,.F.);
#1086 = PLANE('',#1087);
#1087 = AXIS2_PLACEMENT_3D('',#1088,#1089,#1090);
#1088 = CARTESIAN_POINT('',(-18.22549019607,-5.2,6.241503267974));
#1089 = DIRECTION('',(-0.,-1.,-0.));
#1090 = DIRECTION('',(0.,0.,-1.));
#1091 = ADVANCED_FACE('',(#1092),#1110,.F.);
#1092 = FACE_BOUND('',#1093,.F.);
#1093 = EDGE_LOOP('',(#1094,#1102,#1103,#1104));
#1094 = ORIENTED_EDGE('',*,*,#1095,.F.);
#1095 = EDGE_CURVE('',#1073,#1096,#1098,.T.);
#1096 = VERTEX_POINT('',#1097);
#1097 = CARTESIAN_POINT('',(-19.,5.2,12.3));
#1098 = LINE('',#1099,#1100);
#1099 = CARTESIAN_POINT('',(-19.,-23.,12.3));
#1100 = VECTOR('',#1101,1.);
#1101 = DIRECTION('',(-0.,1.,0.));
#1102 = ORIENTED_EDGE('',*,*,#1080,.T.);
#1103 = ORIENTED_EDGE('',*,*,#137,.T.);
#1104 = ORIENTED_EDGE('',*,*,#1105,.F.);
#1105 = EDGE_CURVE('',#1096,#138,#1106,.T.);
#1106 = LINE('',#1107,#1108);
#1107 = CARTESIAN_POINT('',(-19.,5.2,6.1));
#1108 = VECTOR('',#1109,1.);
#1109 = DIRECTION('',(0.,-0.,-1.));
#1110 = PLANE('',#1111);
#1111 = AXIS2_PLACEMENT_3D('',#1112,#1113,#1114);
#1112 = CARTESIAN_POINT('',(-19.,-23.,9.4));
#1113 = DIRECTION('',(1.,0.,-0.));
#1114 = DIRECTION('',(0.,0.,1.));
#1115 = ADVANCED_FACE('',(#1116),#1157,.T.);
#1116 = FACE_BOUND('',#1117,.T.);
#1117 = EDGE_LOOP('',(#1118,#1126,#1127,#1128,#1136,#1142,#1143,#1151));
#1118 = ORIENTED_EDGE('',*,*,#1119,.T.);
#1119 = EDGE_CURVE('',#1120,#146,#1122,.T.);
#1120 = VERTEX_POINT('',#1121);
#1121 = CARTESIAN_POINT('',(-20.,5.2,2.8));
#1122 = LINE('',#1123,#1124);
#1123 = CARTESIAN_POINT('',(-20.,5.2,2.8));
#1124 = VECTOR('',#1125,1.);
#1125 = DIRECTION('',(-0.,-0.,1.));
#1126 = ORIENTED_EDGE('',*,*,#145,.T.);
#1127 = ORIENTED_EDGE('',*,*,#1105,.F.);
#1128 = ORIENTED_EDGE('',*,*,#1129,.T.);
#1129 = EDGE_CURVE('',#1096,#1130,#1132,.T.);
#1130 = VERTEX_POINT('',#1131);
#1131 = CARTESIAN_POINT('',(-17.,5.2,12.3));
#1132 = LINE('',#1133,#1134);
#1133 = CARTESIAN_POINT('',(-8.5,5.2,12.3));
#1134 = VECTOR('',#1135,1.);
#1135 = DIRECTION('',(1.,0.,-0.));
#1136 = ORIENTED_EDGE('',*,*,#1137,.F.);
#1137 = EDGE_CURVE('',#742,#1130,#1138,.T.);
#1138 = LINE('',#1139,#1140);
#1139 = CARTESIAN_POINT('',(-17.,5.2,2.8));
#1140 = VECTOR('',#1141,1.);
#1141 = DIRECTION('',(-0.,-0.,1.));
#1142 = ORIENTED_EDGE('',*,*,#765,.T.);
#1143 = ORIENTED_EDGE('',*,*,#1144,.T.);
#1144 = EDGE_CURVE('',#758,#1145,#1147,.T.);
#1145 = VERTEX_POINT('',#1146);
#1146 = CARTESIAN_POINT('',(-18.,5.2,2.8));
#1147 = LINE('',#1148,#1149);
#1148 = CARTESIAN_POINT('',(-18.,5.2,-0.1));
#1149 = VECTOR('',#1150,1.);
#1150 = DIRECTION('',(-0.,-0.,1.));
#1151 = ORIENTED_EDGE('',*,*,#1152,.T.);
#1152 = EDGE_CURVE('',#1145,#1120,#1153,.T.);
#1153 = LINE('',#1154,#1155);
#1154 = CARTESIAN_POINT('',(-17.,5.2,2.8));
#1155 = VECTOR('',#1156,1.);
#1156 = DIRECTION('',(-1.,-0.,-0.));
#1157 = PLANE('',#1158);
#1158 = AXIS2_PLACEMENT_3D('',#1159,#1160,#1161);
#1159 = CARTESIAN_POINT('',(-18.22549019607,5.2,6.241503267974));
#1160 = DIRECTION('',(0.,1.,0.));
#1161 = DIRECTION('',(0.,-0.,1.));
#1162 = ADVANCED_FACE('',(#1163),#1181,.F.);
#1163 = FACE_BOUND('',#1164,.T.);
#1164 = EDGE_LOOP('',(#1165,#1166,#1174,#1180));
#1165 = ORIENTED_EDGE('',*,*,#1119,.F.);
#1166 = ORIENTED_EDGE('',*,*,#1167,.T.);
#1167 = EDGE_CURVE('',#1120,#1168,#1170,.T.);
#1168 = VERTEX_POINT('',#1169);
#1169 = CARTESIAN_POINT('',(-20.,10.8,2.8));
#1170 = LINE('',#1171,#1172);
#1171 = CARTESIAN_POINT('',(-20.,5.2,2.8));
#1172 = VECTOR('',#1173,1.);
#1173 = DIRECTION('',(-0.,1.,-0.));
#1174 = ORIENTED_EDGE('',*,*,#1175,.T.);
#1175 = EDGE_CURVE('',#1168,#154,#1176,.T.);
#1176 = LINE('',#1177,#1178);
#1177 = CARTESIAN_POINT('',(-20.,10.8,2.8));
#1178 = VECTOR('',#1179,1.);
#1179 = DIRECTION('',(-0.,-0.,1.));
#1180 = ORIENTED_EDGE('',*,*,#153,.F.);
#1181 = PLANE('',#1182);
#1182 = AXIS2_PLACEMENT_3D('',#1183,#1184,#1185);
#1183 = CARTESIAN_POINT('',(-20.,5.2,2.8));
#1184 = DIRECTION('',(-1.,-0.,-0.));
#1185 = DIRECTION('',(0.,0.,-1.));
#1186 = ADVANCED_FACE('',(#1187),#1228,.T.);
#1187 = FACE_BOUND('',#1188,.T.);
#1188 = EDGE_LOOP('',(#1189,#1190,#1198,#1204,#1205,#1213,#1221,#1227));
#1189 = ORIENTED_EDGE('',*,*,#1175,.F.);
#1190 = ORIENTED_EDGE('',*,*,#1191,.F.);
#1191 = EDGE_CURVE('',#1192,#1168,#1194,.T.);
#1192 = VERTEX_POINT('',#1193);
#1193 = CARTESIAN_POINT('',(-18.,10.8,2.8));
#1194 = LINE('',#1195,#1196);
#1195 = CARTESIAN_POINT('',(-17.,10.8,2.8));
#1196 = VECTOR('',#1197,1.);
#1197 = DIRECTION('',(-1.,-0.,-0.));
#1198 = ORIENTED_EDGE('',*,*,#1199,.F.);
#1199 = EDGE_CURVE('',#750,#1192,#1200,.T.);
#1200 = LINE('',#1201,#1202);
#1201 = CARTESIAN_POINT('',(-18.,10.8,-0.1));
#1202 = VECTOR('',#1203,1.);
#1203 = DIRECTION('',(-0.,-0.,1.));
#1204 = ORIENTED_EDGE('',*,*,#749,.F.);
#1205 = ORIENTED_EDGE('',*,*,#1206,.T.);
#1206 = EDGE_CURVE('',#740,#1207,#1209,.T.);
#1207 = VERTEX_POINT('',#1208);
#1208 = CARTESIAN_POINT('',(-17.,10.8,12.3));
#1209 = LINE('',#1210,#1211);
#1210 = CARTESIAN_POINT('',(-17.,10.8,-0.1));
#1211 = VECTOR('',#1212,1.);
#1212 = DIRECTION('',(-0.,-0.,1.));
#1213 = ORIENTED_EDGE('',*,*,#1214,.F.);
#1214 = EDGE_CURVE('',#1215,#1207,#1217,.T.);
#1215 = VERTEX_POINT('',#1216);
#1216 = CARTESIAN_POINT('',(-19.,10.8,12.3));
#1217 = LINE('',#1218,#1219);
#1218 = CARTESIAN_POINT('',(-8.5,10.8,12.3));
#1219 = VECTOR('',#1220,1.);
#1220 = DIRECTION('',(1.,0.,-0.));
#1221 = ORIENTED_EDGE('',*,*,#1222,.T.);
#1222 = EDGE_CURVE('',#1215,#162,#1223,.T.);
#1223 = LINE('',#1224,#1225);
#1224 = CARTESIAN_POINT('',(-19.,10.8,6.1));
#1225 = VECTOR('',#1226,1.);
#1226 = DIRECTION('',(0.,-0.,-1.));
#1227 = ORIENTED_EDGE('',*,*,#161,.F.);
#1228 = PLANE('',#1229);
#1229 = AXIS2_PLACEMENT_3D('',#1230,#1231,#1232);
#1230 = CARTESIAN_POINT('',(-18.22549019607,10.8,6.241503267974));
#1231 = DIRECTION('',(-0.,-1.,-0.));
#1232 = DIRECTION('',(0.,0.,-1.));
#1233 = ADVANCED_FACE('',(#1234),#1252,.F.);
#1234 = FACE_BOUND('',#1235,.F.);
#1235 = EDGE_LOOP('',(#1236,#1244,#1245,#1246));
#1236 = ORIENTED_EDGE('',*,*,#1237,.F.);
#1237 = EDGE_CURVE('',#1215,#1238,#1240,.T.);
#1238 = VERTEX_POINT('',#1239);
#1239 = CARTESIAN_POINT('',(-19.,23.,12.3));
#1240 = LINE('',#1241,#1242);
#1241 = CARTESIAN_POINT('',(-19.,-23.,12.3));
#1242 = VECTOR('',#1243,1.);
#1243 = DIRECTION('',(-0.,1.,0.));
#1244 = ORIENTED_EDGE('',*,*,#1222,.T.);
#1245 = ORIENTED_EDGE('',*,*,#169,.T.);
#1246 = ORIENTED_EDGE('',*,*,#1247,.T.);
#1247 = EDGE_CURVE('',#170,#1238,#1248,.T.);
#1248 = LINE('',#1249,#1250);
#1249 = CARTESIAN_POINT('',(-19.,23.,9.4));
#1250 = VECTOR('',#1251,1.);
#1251 = DIRECTION('',(0.,0.,1.));
#1252 = PLANE('',#1253);
#1253 = AXIS2_PLACEMENT_3D('',#1254,#1255,#1256);
#1254 = CARTESIAN_POINT('',(-19.,-23.,9.4));
#1255 = DIRECTION('',(1.,0.,-0.));
#1256 = DIRECTION('',(0.,0.,1.));
#1257 = ADVANCED_FACE('',(#1258),#1277,.T.);
#1258 = FACE_BOUND('',#1259,.T.);
#1259 = EDGE_LOOP('',(#1260,#1269,#1275,#1276));
#1260 = ORIENTED_EDGE('',*,*,#1261,.F.);
#1261 = EDGE_CURVE('',#1262,#1238,#1264,.T.);
#1262 = VERTEX_POINT('',#1263);
#1263 = CARTESIAN_POINT('',(-16.,26.,12.3));
#1264 = CIRCLE('',#1265,3.);
#1265 = AXIS2_PLACEMENT_3D('',#1266,#1267,#1268);
#1266 = CARTESIAN_POINT('',(-16.,23.,12.3));
#1267 = DIRECTION('',(0.,0.,1.));
#1268 = DIRECTION('',(1.,0.,-0.));
#1269 = ORIENTED_EDGE('',*,*,#1270,.F.);
#1270 = EDGE_CURVE('',#178,#1262,#1271,.T.);
#1271 = LINE('',#1272,#1273);
#1272 = CARTESIAN_POINT('',(-16.,26.,9.4));
#1273 = VECTOR('',#1274,1.);
#1274 = DIRECTION('',(0.,0.,1.));
#1275 = ORIENTED_EDGE('',*,*,#177,.T.);
#1276 = ORIENTED_EDGE('',*,*,#1247,.T.);
#1277 = CYLINDRICAL_SURFACE('',#1278,3.);
#1278 = AXIS2_PLACEMENT_3D('',#1279,#1280,#1281);
#1279 = CARTESIAN_POINT('',(-16.,23.,9.4));
#1280 = DIRECTION('',(0.,0.,1.));
#1281 = DIRECTION('',(1.,0.,-0.));
#1282 = ADVANCED_FACE('',(#1283),#1301,.T.);
#1283 = FACE_BOUND('',#1284,.T.);
#1284 = EDGE_LOOP('',(#1285,#1286,#1287,#1295));
#1285 = ORIENTED_EDGE('',*,*,#186,.T.);
#1286 = ORIENTED_EDGE('',*,*,#1270,.T.);
#1287 = ORIENTED_EDGE('',*,*,#1288,.T.);
#1288 = EDGE_CURVE('',#1262,#1289,#1291,.T.);
#1289 = VERTEX_POINT('',#1290);
#1290 = CARTESIAN_POINT('',(16.,26.,12.3));
#1291 = LINE('',#1292,#1293);
#1292 = CARTESIAN_POINT('',(-16.,26.,12.3));
#1293 = VECTOR('',#1294,1.);
#1294 = DIRECTION('',(1.,0.,-0.));
#1295 = ORIENTED_EDGE('',*,*,#1296,.F.);
#1296 = EDGE_CURVE('',#187,#1289,#1297,.T.);
#1297 = LINE('',#1298,#1299);
#1298 = CARTESIAN_POINT('',(16.,26.,9.4));
#1299 = VECTOR('',#1300,1.);
#1300 = DIRECTION('',(0.,0.,1.));
#1301 = PLANE('',#1302);
#1302 = AXIS2_PLACEMENT_3D('',#1303,#1304,#1305);
#1303 = CARTESIAN_POINT('',(-16.,26.,9.4));
#1304 = DIRECTION('',(-0.,1.,0.));
#1305 = DIRECTION('',(0.,0.,1.));
#1306 = ADVANCED_FACE('',(#1307),#1326,.T.);
#1307 = FACE_BOUND('',#1308,.T.);
#1308 = EDGE_LOOP('',(#1309,#1318,#1324,#1325));
#1309 = ORIENTED_EDGE('',*,*,#1310,.F.);
#1310 = EDGE_CURVE('',#1311,#1289,#1313,.T.);
#1311 = VERTEX_POINT('',#1312);
#1312 = CARTESIAN_POINT('',(19.,23.,12.3));
#1313 = CIRCLE('',#1314,3.);
#1314 = AXIS2_PLACEMENT_3D('',#1315,#1316,#1317);
#1315 = CARTESIAN_POINT('',(16.,23.,12.3));
#1316 = DIRECTION('',(0.,0.,1.));
#1317 = DIRECTION('',(1.,0.,-0.));
#1318 = ORIENTED_EDGE('',*,*,#1319,.F.);
#1319 = EDGE_CURVE('',#195,#1311,#1320,.T.);
#1320 = LINE('',#1321,#1322);
#1321 = CARTESIAN_POINT('',(19.,23.,9.4));
#1322 = VECTOR('',#1323,1.);
#1323 = DIRECTION('',(0.,0.,1.));
#1324 = ORIENTED_EDGE('',*,*,#194,.T.);
#1325 = ORIENTED_EDGE('',*,*,#1296,.T.);
#1326 = CYLINDRICAL_SURFACE('',#1327,3.);
#1327 = AXIS2_PLACEMENT_3D('',#1328,#1329,#1330);
#1328 = CARTESIAN_POINT('',(16.,23.,9.4));
#1329 = DIRECTION('',(0.,0.,1.));
#1330 = DIRECTION('',(1.,0.,-0.));
#1331 = ADVANCED_FACE('',(#1332),#1350,.T.);
#1332 = FACE_BOUND('',#1333,.T.);
#1333 = EDGE_LOOP('',(#1334,#1342,#1343,#1344));
#1334 = ORIENTED_EDGE('',*,*,#1335,.F.);
#1335 = EDGE_CURVE('',#204,#1336,#1338,.T.);
#1336 = VERTEX_POINT('',#1337);
#1337 = CARTESIAN_POINT('',(19.,10.8,12.3));
#1338 = LINE('',#1339,#1340);
#1339 = CARTESIAN_POINT('',(19.,10.8,6.1));
#1340 = VECTOR('',#1341,1.);
#1341 = DIRECTION('',(0.,0.,1.));
#1342 = ORIENTED_EDGE('',*,*,#203,.T.);
#1343 = ORIENTED_EDGE('',*,*,#1319,.T.);
#1344 = ORIENTED_EDGE('',*,*,#1345,.F.);
#1345 = EDGE_CURVE('',#1336,#1311,#1346,.T.);
#1346 = LINE('',#1347,#1348);
#1347 = CARTESIAN_POINT('',(19.,-23.,12.3));
#1348 = VECTOR('',#1349,1.);
#1349 = DIRECTION('',(-0.,1.,0.));
#1350 = PLANE('',#1351);
#1351 = AXIS2_PLACEMENT_3D('',#1352,#1353,#1354);
#1352 = CARTESIAN_POINT('',(19.,-23.,9.4));
#1353 = DIRECTION('',(1.,0.,-0.));
#1354 = DIRECTION('',(0.,0.,1.));
#1355 = ADVANCED_FACE('',(#1356),#1397,.T.);
#1356 = FACE_BOUND('',#1357,.T.);
#1357 = EDGE_LOOP('',(#1358,#1366,#1367,#1368,#1376,#1382,#1383,#1391));
#1358 = ORIENTED_EDGE('',*,*,#1359,.T.);
#1359 = EDGE_CURVE('',#1360,#212,#1362,.T.);
#1360 = VERTEX_POINT('',#1361);
#1361 = CARTESIAN_POINT('',(20.,10.8,2.8));
#1362 = LINE('',#1363,#1364);
#1363 = CARTESIAN_POINT('',(20.,10.8,2.8));
#1364 = VECTOR('',#1365,1.);
#1365 = DIRECTION('',(0.,0.,1.));
#1366 = ORIENTED_EDGE('',*,*,#211,.T.);
#1367 = ORIENTED_EDGE('',*,*,#1335,.T.);
#1368 = ORIENTED_EDGE('',*,*,#1369,.T.);
#1369 = EDGE_CURVE('',#1336,#1370,#1372,.T.);
#1370 = VERTEX_POINT('',#1371);
#1371 = CARTESIAN_POINT('',(17.,10.8,12.3));
#1372 = LINE('',#1373,#1374);
#1373 = CARTESIAN_POINT('',(8.5,10.8,12.3));
#1374 = VECTOR('',#1375,1.);
#1375 = DIRECTION('',(-1.,-0.,0.));
#1376 = ORIENTED_EDGE('',*,*,#1377,.F.);
#1377 = EDGE_CURVE('',#627,#1370,#1378,.T.);
#1378 = LINE('',#1379,#1380);
#1379 = CARTESIAN_POINT('',(17.,10.8,2.8));
#1380 = VECTOR('',#1381,1.);
#1381 = DIRECTION('',(0.,0.,1.));
#1382 = ORIENTED_EDGE('',*,*,#626,.T.);
#1383 = ORIENTED_EDGE('',*,*,#1384,.T.);
#1384 = EDGE_CURVE('',#629,#1385,#1387,.T.);
#1385 = VERTEX_POINT('',#1386);
#1386 = CARTESIAN_POINT('',(18.,10.8,2.8));
#1387 = LINE('',#1388,#1389);
#1388 = CARTESIAN_POINT('',(18.,10.8,-0.1));
#1389 = VECTOR('',#1390,1.);
#1390 = DIRECTION('',(0.,0.,1.));
#1391 = ORIENTED_EDGE('',*,*,#1392,.T.);
#1392 = EDGE_CURVE('',#1385,#1360,#1393,.T.);
#1393 = LINE('',#1394,#1395);
#1394 = CARTESIAN_POINT('',(17.,10.8,2.8));
#1395 = VECTOR('',#1396,1.);
#1396 = DIRECTION('',(1.,0.,-0.));
#1397 = PLANE('',#1398);
#1398 = AXIS2_PLACEMENT_3D('',#1399,#1400,#1401);
#1399 = CARTESIAN_POINT('',(18.225490196078,10.8,6.241503267974));
#1400 = DIRECTION('',(-0.,-1.,-0.));
#1401 = DIRECTION('',(0.,0.,-1.));
#1402 = ADVANCED_FACE('',(#1403),#1421,.F.);
#1403 = FACE_BOUND('',#1404,.F.);
#1404 = EDGE_LOOP('',(#1405,#1413,#1419,#1420));
#1405 = ORIENTED_EDGE('',*,*,#1406,.F.);
#1406 = EDGE_CURVE('',#1407,#220,#1409,.T.);
#1407 = VERTEX_POINT('',#1408);
#1408 = CARTESIAN_POINT('',(20.,5.2,2.8));
#1409 = LINE('',#1410,#1411);
#1410 = CARTESIAN_POINT('',(20.,5.2,2.8));
#1411 = VECTOR('',#1412,1.);
#1412 = DIRECTION('',(0.,0.,1.));
#1413 = ORIENTED_EDGE('',*,*,#1414,.T.);
#1414 = EDGE_CURVE('',#1407,#1360,#1415,.T.);
#1415 = LINE('',#1416,#1417);
#1416 = CARTESIAN_POINT('',(20.,5.2,2.8));
#1417 = VECTOR('',#1418,1.);
#1418 = DIRECTION('',(-0.,1.,0.));
#1419 = ORIENTED_EDGE('',*,*,#1359,.T.);
#1420 = ORIENTED_EDGE('',*,*,#219,.F.);
#1421 = PLANE('',#1422);
#1422 = AXIS2_PLACEMENT_3D('',#1423,#1424,#1425);
#1423 = CARTESIAN_POINT('',(20.,5.2,2.8));
#1424 = DIRECTION('',(1.,0.,-0.));
#1425 = DIRECTION('',(0.,0.,1.));
#1426 = ADVANCED_FACE('',(#1427),#1468,.T.);
#1427 = FACE_BOUND('',#1428,.T.);
#1428 = EDGE_LOOP('',(#1429,#1430,#1438,#1444,#1445,#1453,#1461,#1467));
#1429 = ORIENTED_EDGE('',*,*,#1406,.F.);
#1430 = ORIENTED_EDGE('',*,*,#1431,.F.);
#1431 = EDGE_CURVE('',#1432,#1407,#1434,.T.);
#1432 = VERTEX_POINT('',#1433);
#1433 = CARTESIAN_POINT('',(18.,5.2,2.8));
#1434 = LINE('',#1435,#1436);
#1435 = CARTESIAN_POINT('',(17.,5.2,2.8));
#1436 = VECTOR('',#1437,1.);
#1437 = DIRECTION('',(1.,0.,-0.));
#1438 = ORIENTED_EDGE('',*,*,#1439,.F.);
#1439 = EDGE_CURVE('',#645,#1432,#1440,.T.);
#1440 = LINE('',#1441,#1442);
#1441 = CARTESIAN_POINT('',(18.,5.2,-0.1));
#1442 = VECTOR('',#1443,1.);
#1443 = DIRECTION('',(0.,0.,1.));
#1444 = ORIENTED_EDGE('',*,*,#644,.F.);
#1445 = ORIENTED_EDGE('',*,*,#1446,.T.);
#1446 = EDGE_CURVE('',#637,#1447,#1449,.T.);
#1447 = VERTEX_POINT('',#1448);
#1448 = CARTESIAN_POINT('',(17.,5.2,12.3));
#1449 = LINE('',#1450,#1451);
#1450 = CARTESIAN_POINT('',(17.,5.2,-0.1));
#1451 = VECTOR('',#1452,1.);
#1452 = DIRECTION('',(0.,0.,1.));
#1453 = ORIENTED_EDGE('',*,*,#1454,.F.);
#1454 = EDGE_CURVE('',#1455,#1447,#1457,.T.);
#1455 = VERTEX_POINT('',#1456);
#1456 = CARTESIAN_POINT('',(19.,5.2,12.3));
#1457 = LINE('',#1458,#1459);
#1458 = CARTESIAN_POINT('',(8.5,5.2,12.3));
#1459 = VECTOR('',#1460,1.);
#1460 = DIRECTION('',(-1.,-0.,0.));
#1461 = ORIENTED_EDGE('',*,*,#1462,.F.);
#1462 = EDGE_CURVE('',#228,#1455,#1463,.T.);
#1463 = LINE('',#1464,#1465);
#1464 = CARTESIAN_POINT('',(19.,5.2,6.1));
#1465 = VECTOR('',#1466,1.);
#1466 = DIRECTION('',(0.,0.,1.));
#1467 = ORIENTED_EDGE('',*,*,#227,.F.);
#1468 = PLANE('',#1469);
#1469 = AXIS2_PLACEMENT_3D('',#1470,#1471,#1472);
#1470 = CARTESIAN_POINT('',(18.225490196078,5.2,6.241503267974));
#1471 = DIRECTION('',(0.,1.,0.));
#1472 = DIRECTION('',(0.,-0.,1.));
#1473 = ADVANCED_FACE('',(#1474),#1492,.T.);
#1474 = FACE_BOUND('',#1475,.T.);
#1475 = EDGE_LOOP('',(#1476,#1484,#1485,#1486));
#1476 = ORIENTED_EDGE('',*,*,#1477,.F.);
#1477 = EDGE_CURVE('',#236,#1478,#1480,.T.);
#1478 = VERTEX_POINT('',#1479);
#1479 = CARTESIAN_POINT('',(19.,-5.2,12.3));
#1480 = LINE('',#1481,#1482);
#1481 = CARTESIAN_POINT('',(19.,-5.2,6.1));
#1482 = VECTOR('',#1483,1.);
#1483 = DIRECTION('',(0.,0.,1.));
#1484 = ORIENTED_EDGE('',*,*,#235,.T.);
#1485 = ORIENTED_EDGE('',*,*,#1462,.T.);
#1486 = ORIENTED_EDGE('',*,*,#1487,.F.);
#1487 = EDGE_CURVE('',#1478,#1455,#1488,.T.);
#1488 = LINE('',#1489,#1490);
#1489 = CARTESIAN_POINT('',(19.,-23.,12.3));
#1490 = VECTOR('',#1491,1.);
#1491 = DIRECTION('',(-0.,1.,0.));
#1492 = PLANE('',#1493);
#1493 = AXIS2_PLACEMENT_3D('',#1494,#1495,#1496);
#1494 = CARTESIAN_POINT('',(19.,-23.,9.4));
#1495 = DIRECTION('',(1.,0.,-0.));
#1496 = DIRECTION('',(0.,0.,1.));
#1497 = ADVANCED_FACE('',(#1498),#1539,.T.);
#1498 = FACE_BOUND('',#1499,.T.);
#1499 = EDGE_LOOP('',(#1500,#1508,#1509,#1510,#1518,#1524,#1525,#1533));
#1500 = ORIENTED_EDGE('',*,*,#1501,.T.);
#1501 = EDGE_CURVE('',#1502,#244,#1504,.T.);
#1502 = VERTEX_POINT('',#1503);
#1503 = CARTESIAN_POINT('',(20.,-5.2,2.8));
#1504 = LINE('',#1505,#1506);
#1505 = CARTESIAN_POINT('',(20.,-5.2,2.8));
#1506 = VECTOR('',#1507,1.);
#1507 = DIRECTION('',(0.,0.,1.));
#1508 = ORIENTED_EDGE('',*,*,#243,.T.);
#1509 = ORIENTED_EDGE('',*,*,#1477,.T.);
#1510 = ORIENTED_EDGE('',*,*,#1511,.T.);
#1511 = EDGE_CURVE('',#1478,#1512,#1514,.T.);
#1512 = VERTEX_POINT('',#1513);
#1513 = CARTESIAN_POINT('',(17.,-5.2,12.3));
#1514 = LINE('',#1515,#1516);
#1515 = CARTESIAN_POINT('',(8.5,-5.2,12.3));
#1516 = VECTOR('',#1517,1.);
#1517 = DIRECTION('',(-1.,-0.,0.));
#1518 = ORIENTED_EDGE('',*,*,#1519,.F.);
#1519 = EDGE_CURVE('',#446,#1512,#1520,.T.);
#1520 = LINE('',#1521,#1522);
#1521 = CARTESIAN_POINT('',(17.,-5.2,2.8));
#1522 = VECTOR('',#1523,1.);
#1523 = DIRECTION('',(0.,0.,1.));
#1524 = ORIENTED_EDGE('',*,*,#445,.T.);
#1525 = ORIENTED_EDGE('',*,*,#1526,.T.);
#1526 = EDGE_CURVE('',#448,#1527,#1529,.T.);
#1527 = VERTEX_POINT('',#1528);
#1528 = CARTESIAN_POINT('',(18.,-5.2,2.8));
#1529 = LINE('',#1530,#1531);
#1530 = CARTESIAN_POINT('',(18.,-5.2,-0.1));
#1531 = VECTOR('',#1532,1.);
#1532 = DIRECTION('',(0.,0.,1.));
#1533 = ORIENTED_EDGE('',*,*,#1534,.T.);
#1534 = EDGE_CURVE('',#1527,#1502,#1535,.T.);
#1535 = LINE('',#1536,#1537);
#1536 = CARTESIAN_POINT('',(17.,-5.2,2.8));
#1537 = VECTOR('',#1538,1.);
#1538 = DIRECTION('',(1.,0.,-0.));
#1539 = PLANE('',#1540);
#1540 = AXIS2_PLACEMENT_3D('',#1541,#1542,#1543);
#1541 = CARTESIAN_POINT('',(18.225490196078,-5.2,6.241503267974));
#1542 = DIRECTION('',(-0.,-1.,-0.));
#1543 = DIRECTION('',(0.,0.,-1.));
#1544 = ADVANCED_FACE('',(#1545),#1563,.F.);
#1545 = FACE_BOUND('',#1546,.F.);
#1546 = EDGE_LOOP('',(#1547,#1555,#1561,#1562));
#1547 = ORIENTED_EDGE('',*,*,#1548,.F.);
#1548 = EDGE_CURVE('',#1549,#252,#1551,.T.);
#1549 = VERTEX_POINT('',#1550);
#1550 = CARTESIAN_POINT('',(20.,-10.8,2.8));
#1551 = LINE('',#1552,#1553);
#1552 = CARTESIAN_POINT('',(20.,-10.8,2.8));
#1553 = VECTOR('',#1554,1.);
#1554 = DIRECTION('',(0.,0.,1.));
#1555 = ORIENTED_EDGE('',*,*,#1556,.T.);
#1556 = EDGE_CURVE('',#1549,#1502,#1557,.T.);
#1557 = LINE('',#1558,#1559);
#1558 = CARTESIAN_POINT('',(20.,-10.8,2.8));
#1559 = VECTOR('',#1560,1.);
#1560 = DIRECTION('',(-0.,1.,0.));
#1561 = ORIENTED_EDGE('',*,*,#1501,.T.);
#1562 = ORIENTED_EDGE('',*,*,#251,.F.);
#1563 = PLANE('',#1564);
#1564 = AXIS2_PLACEMENT_3D('',#1565,#1566,#1567);
#1565 = CARTESIAN_POINT('',(20.,-10.8,2.8));
#1566 = DIRECTION('',(1.,0.,-0.));
#1567 = DIRECTION('',(0.,0.,1.));
#1568 = ADVANCED_FACE('',(#1569),#1610,.T.);
#1569 = FACE_BOUND('',#1570,.T.);
#1570 = EDGE_LOOP('',(#1571,#1572,#1580,#1586,#1587,#1595,#1603,#1609));
#1571 = ORIENTED_EDGE('',*,*,#1548,.F.);
#1572 = ORIENTED_EDGE('',*,*,#1573,.F.);
#1573 = EDGE_CURVE('',#1574,#1549,#1576,.T.);
#1574 = VERTEX_POINT('',#1575);
#1575 = CARTESIAN_POINT('',(18.,-10.8,2.8));
#1576 = LINE('',#1577,#1578);
#1577 = CARTESIAN_POINT('',(17.,-10.8,2.8));
#1578 = VECTOR('',#1579,1.);
#1579 = DIRECTION('',(1.,0.,-0.));
#1580 = ORIENTED_EDGE('',*,*,#1581,.F.);
#1581 = EDGE_CURVE('',#464,#1574,#1582,.T.);
#1582 = LINE('',#1583,#1584);
#1583 = CARTESIAN_POINT('',(18.,-10.8,-0.1));
#1584 = VECTOR('',#1585,1.);
#1585 = DIRECTION('',(0.,0.,1.));
#1586 = ORIENTED_EDGE('',*,*,#463,.F.);
#1587 = ORIENTED_EDGE('',*,*,#1588,.T.);
#1588 = EDGE_CURVE('',#456,#1589,#1591,.T.);
#1589 = VERTEX_POINT('',#1590);
#1590 = CARTESIAN_POINT('',(17.,-10.8,12.3));
#1591 = LINE('',#1592,#1593);
#1592 = CARTESIAN_POINT('',(17.,-10.8,-0.1));
#1593 = VECTOR('',#1594,1.);
#1594 = DIRECTION('',(0.,0.,1.));
#1595 = ORIENTED_EDGE('',*,*,#1596,.F.);
#1596 = EDGE_CURVE('',#1597,#1589,#1599,.T.);
#1597 = VERTEX_POINT('',#1598);
#1598 = CARTESIAN_POINT('',(19.,-10.8,12.3));
#1599 = LINE('',#1600,#1601);
#1600 = CARTESIAN_POINT('',(8.5,-10.8,12.3));
#1601 = VECTOR('',#1602,1.);
#1602 = DIRECTION('',(-1.,-0.,0.));
#1603 = ORIENTED_EDGE('',*,*,#1604,.F.);
#1604 = EDGE_CURVE('',#260,#1597,#1605,.T.);
#1605 = LINE('',#1606,#1607);
#1606 = CARTESIAN_POINT('',(19.,-10.8,6.1));
#1607 = VECTOR('',#1608,1.);
#1608 = DIRECTION('',(0.,0.,1.));
#1609 = ORIENTED_EDGE('',*,*,#259,.F.);
#1610 = PLANE('',#1611);
#1611 = AXIS2_PLACEMENT_3D('',#1612,#1613,#1614);
#1612 = CARTESIAN_POINT('',(18.225490196078,-10.8,6.241503267974));
#1613 = DIRECTION('',(0.,1.,0.));
#1614 = DIRECTION('',(0.,-0.,1.));
#1615 = ADVANCED_FACE('',(#1616),#1634,.T.);
#1616 = FACE_BOUND('',#1617,.T.);
#1617 = EDGE_LOOP('',(#1618,#1626,#1627,#1628));
#1618 = ORIENTED_EDGE('',*,*,#1619,.F.);
#1619 = EDGE_CURVE('',#268,#1620,#1622,.T.);
#1620 = VERTEX_POINT('',#1621);
#1621 = CARTESIAN_POINT('',(19.,-23.,12.3));
#1622 = LINE('',#1623,#1624);
#1623 = CARTESIAN_POINT('',(19.,-23.,9.4));
#1624 = VECTOR('',#1625,1.);
#1625 = DIRECTION('',(0.,0.,1.));
#1626 = ORIENTED_EDGE('',*,*,#267,.T.);
#1627 = ORIENTED_EDGE('',*,*,#1604,.T.);
#1628 = ORIENTED_EDGE('',*,*,#1629,.F.);
#1629 = EDGE_CURVE('',#1620,#1597,#1630,.T.);
#1630 = LINE('',#1631,#1632);
#1631 = CARTESIAN_POINT('',(19.,-23.,12.3));
#1632 = VECTOR('',#1633,1.);
#1633 = DIRECTION('',(-0.,1.,0.));
#1634 = PLANE('',#1635);
#1635 = AXIS2_PLACEMENT_3D('',#1636,#1637,#1638);
#1636 = CARTESIAN_POINT('',(19.,-23.,9.4));
#1637 = DIRECTION('',(1.,0.,-0.));
#1638 = DIRECTION('',(0.,0.,1.));
#1639 = ADVANCED_FACE('',(#1640),#1659,.T.);
#1640 = FACE_BOUND('',#1641,.T.);
#1641 = EDGE_LOOP('',(#1642,#1651,#1657,#1658));
#1642 = ORIENTED_EDGE('',*,*,#1643,.F.);
#1643 = EDGE_CURVE('',#1644,#1620,#1646,.T.);
#1644 = VERTEX_POINT('',#1645);
#1645 = CARTESIAN_POINT('',(16.,-26.,12.3));
#1646 = CIRCLE('',#1647,3.);
#1647 = AXIS2_PLACEMENT_3D('',#1648,#1649,#1650);
#1648 = CARTESIAN_POINT('',(16.,-23.,12.3));
#1649 = DIRECTION('',(0.,0.,1.));
#1650 = DIRECTION('',(1.,0.,-0.));
#1651 = ORIENTED_EDGE('',*,*,#1652,.F.);
#1652 = EDGE_CURVE('',#276,#1644,#1653,.T.);
#1653 = LINE('',#1654,#1655);
#1654 = CARTESIAN_POINT('',(16.,-26.,9.4));
#1655 = VECTOR('',#1656,1.);
#1656 = DIRECTION('',(0.,0.,1.));
#1657 = ORIENTED_EDGE('',*,*,#275,.T.);
#1658 = ORIENTED_EDGE('',*,*,#1619,.T.);
#1659 = CYLINDRICAL_SURFACE('',#1660,3.);
#1660 = AXIS2_PLACEMENT_3D('',#1661,#1662,#1663);
#1661 = CARTESIAN_POINT('',(16.,-23.,9.4));
#1662 = DIRECTION('',(0.,0.,1.));
#1663 = DIRECTION('',(1.,0.,-0.));
#1664 = ADVANCED_FACE('',(#1665),#1683,.F.);
#1665 = FACE_BOUND('',#1666,.F.);
#1666 = EDGE_LOOP('',(#1667,#1668,#1669,#1677));
#1667 = ORIENTED_EDGE('',*,*,#1652,.F.);
#1668 = ORIENTED_EDGE('',*,*,#284,.T.);
#1669 = ORIENTED_EDGE('',*,*,#1670,.F.);
#1670 = EDGE_CURVE('',#1671,#285,#1673,.T.);
#1671 = VERTEX_POINT('',#1672);
#1672 = CARTESIAN_POINT('',(6.5,-26.,12.3));
#1673 = LINE('',#1674,#1675);
#1674 = CARTESIAN_POINT('',(6.5,-26.,6.5));
#1675 = VECTOR('',#1676,1.);
#1676 = DIRECTION('',(-0.,0.,-1.));
#1677 = ORIENTED_EDGE('',*,*,#1678,.T.);
#1678 = EDGE_CURVE('',#1671,#1644,#1679,.T.);
#1679 = LINE('',#1680,#1681);
#1680 = CARTESIAN_POINT('',(-16.,-26.,12.3));
#1681 = VECTOR('',#1682,1.);
#1682 = DIRECTION('',(1.,0.,-0.));
#1683 = PLANE('',#1684);
#1684 = AXIS2_PLACEMENT_3D('',#1685,#1686,#1687);
#1685 = CARTESIAN_POINT('',(-16.,-26.,9.4));
#1686 = DIRECTION('',(-0.,1.,0.));
#1687 = DIRECTION('',(0.,0.,1.));
#1688 = ADVANCED_FACE('',(#1689),#1716,.F.);
#1689 = FACE_BOUND('',#1690,.F.);
#1690 = EDGE_LOOP('',(#1691,#1692,#1700,#1708,#1714,#1715));
#1691 = ORIENTED_EDGE('',*,*,#843,.T.);
#1692 = ORIENTED_EDGE('',*,*,#1693,.T.);
#1693 = EDGE_CURVE('',#836,#1694,#1696,.T.);
#1694 = VERTEX_POINT('',#1695);
#1695 = CARTESIAN_POINT('',(6.5,-22.5,3.6));
#1696 = LINE('',#1697,#1698);
#1697 = CARTESIAN_POINT('',(6.5,-29.,3.6));
#1698 = VECTOR('',#1699,1.);
#1699 = DIRECTION('',(-0.,1.,0.));
#1700 = ORIENTED_EDGE('',*,*,#1701,.F.);
#1701 = EDGE_CURVE('',#1702,#1694,#1704,.T.);
#1702 = VERTEX_POINT('',#1703);
#1703 = CARTESIAN_POINT('',(6.5,-22.5,12.3));
#1704 = LINE('',#1705,#1706);
#1705 = CARTESIAN_POINT('',(6.5,-22.5,3.2));
#1706 = VECTOR('',#1707,1.);
#1707 = DIRECTION('',(-0.,0.,-1.));
#1708 = ORIENTED_EDGE('',*,*,#1709,.F.);
#1709 = EDGE_CURVE('',#1671,#1702,#1710,.T.);
#1710 = LINE('',#1711,#1712);
#1711 = CARTESIAN_POINT('',(6.5,-14.5,12.3));
#1712 = VECTOR('',#1713,1.);
#1713 = DIRECTION('',(-0.,1.,0.));
#1714 = ORIENTED_EDGE('',*,*,#1670,.T.);
#1715 = ORIENTED_EDGE('',*,*,#292,.F.);
#1716 = PLANE('',#1717);
#1717 = AXIS2_PLACEMENT_3D('',#1718,#1719,#1720);
#1718 = CARTESIAN_POINT('',(6.5,-29.,3.6));
#1719 = DIRECTION('',(1.,0.,-0.));
#1720 = DIRECTION('',(0.,0.,1.));
#1721 = ADVANCED_FACE('',(#1722),#1733,.T.);
#1722 = FACE_BOUND('',#1723,.T.);
#1723 = EDGE_LOOP('',(#1724,#1725,#1726,#1727));
#1724 = ORIENTED_EDGE('',*,*,#308,.F.);
#1725 = ORIENTED_EDGE('',*,*,#850,.F.);
#1726 = ORIENTED_EDGE('',*,*,#417,.T.);
#1727 = ORIENTED_EDGE('',*,*,#1728,.T.);
#1728 = EDGE_CURVE('',#410,#309,#1729,.T.);
#1729 = LINE('',#1730,#1731);
#1730 = CARTESIAN_POINT('',(21.,-23.,0.));
#1731 = VECTOR('',#1732,1.);
#1732 = DIRECTION('',(0.,0.,1.));
#1733 = CYLINDRICAL_SURFACE('',#1734,5.);
#1734 = AXIS2_PLACEMENT_3D('',#1735,#1736,#1737);
#1735 = CARTESIAN_POINT('',(16.,-23.,0.));
#1736 = DIRECTION('',(0.,0.,1.));
#1737 = DIRECTION('',(1.,0.,-0.));
#1738 = ADVANCED_FACE('',(#1739),#1750,.T.);
#1739 = FACE_BOUND('',#1740,.T.);
#1740 = EDGE_LOOP('',(#1741,#1742,#1743,#1749));
#1741 = ORIENTED_EDGE('',*,*,#1728,.F.);
#1742 = ORIENTED_EDGE('',*,*,#409,.T.);
#1743 = ORIENTED_EDGE('',*,*,#1744,.T.);
#1744 = EDGE_CURVE('',#401,#318,#1745,.T.);
#1745 = LINE('',#1746,#1747);
#1746 = CARTESIAN_POINT('',(21.,23.,0.));
#1747 = VECTOR('',#1748,1.);
#1748 = DIRECTION('',(0.,0.,1.));
#1749 = ORIENTED_EDGE('',*,*,#317,.F.);
#1750 = PLANE('',#1751);
#1751 = AXIS2_PLACEMENT_3D('',#1752,#1753,#1754);
#1752 = CARTESIAN_POINT('',(21.,-23.,0.));
#1753 = DIRECTION('',(1.,0.,-0.));
#1754 = DIRECTION('',(0.,0.,1.));
#1755 = ADVANCED_FACE('',(#1756),#1767,.T.);
#1756 = FACE_BOUND('',#1757,.T.);
#1757 = EDGE_LOOP('',(#1758,#1759,#1760,#1761));
#1758 = ORIENTED_EDGE('',*,*,#325,.F.);
#1759 = ORIENTED_EDGE('',*,*,#1744,.F.);
#1760 = ORIENTED_EDGE('',*,*,#400,.T.);
#1761 = ORIENTED_EDGE('',*,*,#1762,.T.);
#1762 = EDGE_CURVE('',#393,#326,#1763,.T.);
#1763 = LINE('',#1764,#1765);
#1764 = CARTESIAN_POINT('',(16.,28.,0.));
#1765 = VECTOR('',#1766,1.);
#1766 = DIRECTION('',(0.,0.,1.));
#1767 = CYLINDRICAL_SURFACE('',#1768,5.);
#1768 = AXIS2_PLACEMENT_3D('',#1769,#1770,#1771);
#1769 = CARTESIAN_POINT('',(16.,23.,0.));
#1770 = DIRECTION('',(0.,0.,1.));
#1771 = DIRECTION('',(1.,0.,-0.));
#1772 = ADVANCED_FACE('',(#1773),#1784,.T.);
#1773 = FACE_BOUND('',#1774,.T.);
#1774 = EDGE_LOOP('',(#1775,#1776,#1782,#1783));
#1775 = ORIENTED_EDGE('',*,*,#392,.F.);
#1776 = ORIENTED_EDGE('',*,*,#1777,.T.);
#1777 = EDGE_CURVE('',#384,#335,#1778,.T.);
#1778 = LINE('',#1779,#1780);
#1779 = CARTESIAN_POINT('',(-16.,28.,0.));
#1780 = VECTOR('',#1781,1.);
#1781 = DIRECTION('',(0.,0.,1.));
#1782 = ORIENTED_EDGE('',*,*,#334,.T.);
#1783 = ORIENTED_EDGE('',*,*,#1762,.F.);
#1784 = PLANE('',#1785);
#1785 = AXIS2_PLACEMENT_3D('',#1786,#1787,#1788);
#1786 = CARTESIAN_POINT('',(-16.,28.,0.));
#1787 = DIRECTION('',(-0.,1.,0.));
#1788 = DIRECTION('',(0.,0.,1.));
#1789 = ADVANCED_FACE('',(#1790),#1796,.T.);
#1790 = FACE_BOUND('',#1791,.T.);
#1791 = EDGE_LOOP('',(#1792,#1793,#1794,#1795));
#1792 = ORIENTED_EDGE('',*,*,#342,.F.);
#1793 = ORIENTED_EDGE('',*,*,#1777,.F.);
#1794 = ORIENTED_EDGE('',*,*,#383,.T.);
#1795 = ORIENTED_EDGE('',*,*,#366,.T.);
#1796 = CYLINDRICAL_SURFACE('',#1797,5.);
#1797 = AXIS2_PLACEMENT_3D('',#1798,#1799,#1800);
#1798 = CARTESIAN_POINT('',(-16.,23.,0.));
#1799 = DIRECTION('',(0.,0.,1.));
#1800 = DIRECTION('',(1.,0.,-0.));
#1801 = ADVANCED_FACE('',(#1802),#1821,.F.);
#1802 = FACE_BOUND('',#1803,.F.);
#1803 = EDGE_LOOP('',(#1804,#1812,#1819,#1820));
#1804 = ORIENTED_EDGE('',*,*,#1805,.T.);
#1805 = EDGE_CURVE('',#435,#1806,#1808,.T.);
#1806 = VERTEX_POINT('',#1807);
#1807 = CARTESIAN_POINT('',(13.1,-19.5,1.3));
#1808 = LINE('',#1809,#1810);
#1809 = CARTESIAN_POINT('',(13.1,-19.5,-0.1));
#1810 = VECTOR('',#1811,1.);
#1811 = DIRECTION('',(0.,0.,1.));
#1812 = ORIENTED_EDGE('',*,*,#1813,.F.);
#1813 = EDGE_CURVE('',#1806,#1806,#1814,.T.);
#1814 = CIRCLE('',#1815,2.1);
#1815 = AXIS2_PLACEMENT_3D('',#1816,#1817,#1818);
#1816 = CARTESIAN_POINT('',(11.,-19.5,1.3));
#1817 = DIRECTION('',(0.,0.,1.));
#1818 = DIRECTION('',(1.,0.,-0.));
#1819 = ORIENTED_EDGE('',*,*,#1805,.F.);
#1820 = ORIENTED_EDGE('',*,*,#434,.T.);
#1821 = CYLINDRICAL_SURFACE('',#1822,2.1);
#1822 = AXIS2_PLACEMENT_3D('',#1823,#1824,#1825);
#1823 = CARTESIAN_POINT('',(11.,-19.5,-0.1));
#1824 = DIRECTION('',(0.,0.,1.));
#1825 = DIRECTION('',(1.,0.,-0.));
#1826 = ADVANCED_FACE('',(#1827),#1838,.T.);
#1827 = FACE_BOUND('',#1828,.T.);
#1828 = EDGE_LOOP('',(#1829,#1830,#1836,#1837));
#1829 = ORIENTED_EDGE('',*,*,#1519,.T.);
#1830 = ORIENTED_EDGE('',*,*,#1831,.F.);
#1831 = EDGE_CURVE('',#1589,#1512,#1832,.T.);
#1832 = LINE('',#1833,#1834);
#1833 = CARTESIAN_POINT('',(17.,-5.4,12.3));
#1834 = VECTOR('',#1835,1.);
#1835 = DIRECTION('',(-0.,1.,0.));
#1836 = ORIENTED_EDGE('',*,*,#1588,.F.);
#1837 = ORIENTED_EDGE('',*,*,#455,.F.);
#1838 = PLANE('',#1839);
#1839 = AXIS2_PLACEMENT_3D('',#1840,#1841,#1842);
#1840 = CARTESIAN_POINT('',(17.,-8.,6.15));
#1841 = DIRECTION('',(1.,0.,0.));
#1842 = DIRECTION('',(-0.,0.,1.));
#1843 = ADVANCED_FACE('',(#1844),#1887,.T.);
#1844 = FACE_BOUND('',#1845,.T.);
#1845 = EDGE_LOOP('',(#1846,#1854,#1862,#1870,#1878,#1884,#1885,#1886));
#1846 = ORIENTED_EDGE('',*,*,#1847,.T.);
#1847 = EDGE_CURVE('',#1574,#1848,#1850,.T.);
#1848 = VERTEX_POINT('',#1849);
#1849 = CARTESIAN_POINT('',(18.,-10.5,2.8));
#1850 = LINE('',#1851,#1852);
#1851 = CARTESIAN_POINT('',(18.,-10.8,2.8));
#1852 = VECTOR('',#1853,1.);
#1853 = DIRECTION('',(-0.,1.,0.));
#1854 = ORIENTED_EDGE('',*,*,#1855,.T.);
#1855 = EDGE_CURVE('',#1848,#1856,#1858,.T.);
#1856 = VERTEX_POINT('',#1857);
#1857 = CARTESIAN_POINT('',(18.,-10.5,12.3));
#1858 = LINE('',#1859,#1860);
#1859 = CARTESIAN_POINT('',(18.,-10.5,2.8));
#1860 = VECTOR('',#1861,1.);
#1861 = DIRECTION('',(0.,0.,1.));
#1862 = ORIENTED_EDGE('',*,*,#1863,.T.);
#1863 = EDGE_CURVE('',#1856,#1864,#1866,.T.);
#1864 = VERTEX_POINT('',#1865);
#1865 = CARTESIAN_POINT('',(18.,-5.5,12.3));
#1866 = LINE('',#1867,#1868);
#1867 = CARTESIAN_POINT('',(18.,-10.5,12.3));
#1868 = VECTOR('',#1869,1.);
#1869 = DIRECTION('',(-0.,1.,0.));
#1870 = ORIENTED_EDGE('',*,*,#1871,.F.);
#1871 = EDGE_CURVE('',#1872,#1864,#1874,.T.);
#1872 = VERTEX_POINT('',#1873);
#1873 = CARTESIAN_POINT('',(18.,-5.5,2.8));
#1874 = LINE('',#1875,#1876);
#1875 = CARTESIAN_POINT('',(18.,-5.5,2.8));
#1876 = VECTOR('',#1877,1.);
#1877 = DIRECTION('',(0.,0.,1.));
#1878 = ORIENTED_EDGE('',*,*,#1879,.T.);
#1879 = EDGE_CURVE('',#1872,#1527,#1880,.T.);
#1880 = LINE('',#1881,#1882);
#1881 = CARTESIAN_POINT('',(18.,-10.8,2.8));
#1882 = VECTOR('',#1883,1.);
#1883 = DIRECTION('',(-0.,1.,0.));
#1884 = ORIENTED_EDGE('',*,*,#1526,.F.);
#1885 = ORIENTED_EDGE('',*,*,#471,.T.);
#1886 = ORIENTED_EDGE('',*,*,#1581,.T.);
#1887 = PLANE('',#1888);
#1888 = AXIS2_PLACEMENT_3D('',#1889,#1890,#1891);
#1889 = CARTESIAN_POINT('',(18.,-8.,5.990782122905));
#1890 = DIRECTION('',(-1.,-0.,-0.));
#1891 = DIRECTION('',(0.,0.,-1.));
#1892 = ADVANCED_FACE('',(#1893),#1912,.F.);
#1893 = FACE_BOUND('',#1894,.F.);
#1894 = EDGE_LOOP('',(#1895,#1903,#1910,#1911));
#1895 = ORIENTED_EDGE('',*,*,#1896,.T.);
#1896 = EDGE_CURVE('',#480,#1897,#1899,.T.);
#1897 = VERTEX_POINT('',#1898);
#1898 = CARTESIAN_POINT('',(-8.9,-19.5,1.3));
#1899 = LINE('',#1900,#1901);
#1900 = CARTESIAN_POINT('',(-8.9,-19.5,-0.1));
#1901 = VECTOR('',#1902,1.);
#1902 = DIRECTION('',(0.,0.,1.));
#1903 = ORIENTED_EDGE('',*,*,#1904,.F.);
#1904 = EDGE_CURVE('',#1897,#1897,#1905,.T.);
#1905 = CIRCLE('',#1906,2.1);
#1906 = AXIS2_PLACEMENT_3D('',#1907,#1908,#1909);
#1907 = CARTESIAN_POINT('',(-11.,-19.5,1.3));
#1908 = DIRECTION('',(0.,0.,1.));
#1909 = DIRECTION('',(1.,0.,-0.));
#1910 = ORIENTED_EDGE('',*,*,#1896,.F.);
#1911 = ORIENTED_EDGE('',*,*,#479,.T.);
#1912 = CYLINDRICAL_SURFACE('',#1913,2.1);
#1913 = AXIS2_PLACEMENT_3D('',#1914,#1915,#1916);
#1914 = CARTESIAN_POINT('',(-11.,-19.5,-0.1));
#1915 = DIRECTION('',(0.,0.,1.));
#1916 = DIRECTION('',(1.,0.,-0.));
#1917 = ADVANCED_FACE('',(#1918),#1943,.F.);
#1918 = FACE_BOUND('',#1919,.F.);
#1919 = EDGE_LOOP('',(#1920,#1928,#1929,#1937));
#1920 = ORIENTED_EDGE('',*,*,#1921,.F.);
#1921 = EDGE_CURVE('',#493,#1922,#1924,.T.);
#1922 = VERTEX_POINT('',#1923);
#1923 = CARTESIAN_POINT('',(5.,-6.,2.8));
#1924 = LINE('',#1925,#1926);
#1925 = CARTESIAN_POINT('',(5.,-6.,-0.1));
#1926 = VECTOR('',#1927,1.);
#1927 = DIRECTION('',(0.,0.,1.));
#1928 = ORIENTED_EDGE('',*,*,#490,.F.);
#1929 = ORIENTED_EDGE('',*,*,#1930,.T.);
#1930 = EDGE_CURVE('',#491,#1931,#1933,.T.);
#1931 = VERTEX_POINT('',#1932);
#1932 = CARTESIAN_POINT('',(-5.,-6.,2.8));
#1933 = LINE('',#1934,#1935);
#1934 = CARTESIAN_POINT('',(-5.,-6.,-0.1));
#1935 = VECTOR('',#1936,1.);
#1936 = DIRECTION('',(0.,0.,1.));
#1937 = ORIENTED_EDGE('',*,*,#1938,.T.);
#1938 = EDGE_CURVE('',#1931,#1922,#1939,.T.);
#1939 = LINE('',#1940,#1941);
#1940 = CARTESIAN_POINT('',(-2.5,-6.,2.8));
#1941 = VECTOR('',#1942,1.);
#1942 = DIRECTION('',(1.,0.,-0.));
#1943 = PLANE('',#1944);
#1944 = AXIS2_PLACEMENT_3D('',#1945,#1946,#1947);
#1945 = CARTESIAN_POINT('',(-5.,-6.,-0.1));
#1946 = DIRECTION('',(-0.,1.,0.));
#1947 = DIRECTION('',(0.,0.,1.));
#1948 = ADVANCED_FACE('',(#1949),#1967,.T.);
#1949 = FACE_BOUND('',#1950,.T.);
#1950 = EDGE_LOOP('',(#1951,#1959,#1960,#1961));
#1951 = ORIENTED_EDGE('',*,*,#1952,.F.);
#1952 = EDGE_CURVE('',#501,#1953,#1955,.T.);
#1953 = VERTEX_POINT('',#1954);
#1954 = CARTESIAN_POINT('',(-5.,-8.,2.8));
#1955 = LINE('',#1956,#1957);
#1956 = CARTESIAN_POINT('',(-5.,-8.,-0.1));
#1957 = VECTOR('',#1958,1.);
#1958 = DIRECTION('',(0.,0.,1.));
#1959 = ORIENTED_EDGE('',*,*,#500,.F.);
#1960 = ORIENTED_EDGE('',*,*,#1930,.T.);
#1961 = ORIENTED_EDGE('',*,*,#1962,.T.);
#1962 = EDGE_CURVE('',#1931,#1953,#1963,.T.);
#1963 = LINE('',#1964,#1965);
#1964 = CARTESIAN_POINT('',(-5.,-4.,2.8));
#1965 = VECTOR('',#1966,1.);
#1966 = DIRECTION('',(0.,-1.,0.));
#1967 = PLANE('',#1968);
#1968 = AXIS2_PLACEMENT_3D('',#1969,#1970,#1971);
#1969 = CARTESIAN_POINT('',(-5.,-8.,-0.1));
#1970 = DIRECTION('',(1.,0.,-0.));
#1971 = DIRECTION('',(0.,0.,1.));
#1972 = ADVANCED_FACE('',(#1973),#1991,.F.);
#1973 = FACE_BOUND('',#1974,.F.);
#1974 = EDGE_LOOP('',(#1975,#1983,#1984,#1985));
#1975 = ORIENTED_EDGE('',*,*,#1976,.F.);
#1976 = EDGE_CURVE('',#509,#1977,#1979,.T.);
#1977 = VERTEX_POINT('',#1978);
#1978 = CARTESIAN_POINT('',(5.,-8.,2.8));
#1979 = LINE('',#1980,#1981);
#1980 = CARTESIAN_POINT('',(5.,-8.,-0.1));
#1981 = VECTOR('',#1982,1.);
#1982 = DIRECTION('',(0.,0.,1.));
#1983 = ORIENTED_EDGE('',*,*,#516,.F.);
#1984 = ORIENTED_EDGE('',*,*,#1921,.T.);
#1985 = ORIENTED_EDGE('',*,*,#1986,.T.);
#1986 = EDGE_CURVE('',#1922,#1977,#1987,.T.);
#1987 = LINE('',#1988,#1989);
#1988 = CARTESIAN_POINT('',(5.,-4.,2.8));
#1989 = VECTOR('',#1990,1.);
#1990 = DIRECTION('',(0.,-1.,0.));
#1991 = PLANE('',#1992);
#1992 = AXIS2_PLACEMENT_3D('',#1993,#1994,#1995);
#1993 = CARTESIAN_POINT('',(5.,-8.,-0.1));
#1994 = DIRECTION('',(1.,0.,-0.));
#1995 = DIRECTION('',(0.,0.,1.));
#1996 = ADVANCED_FACE('',(#1997),#2008,.T.);
#1997 = FACE_BOUND('',#1998,.T.);
#1998 = EDGE_LOOP('',(#1999,#2000,#2001,#2002));
#1999 = ORIENTED_EDGE('',*,*,#1976,.F.);
#2000 = ORIENTED_EDGE('',*,*,#508,.F.);
#2001 = ORIENTED_EDGE('',*,*,#1952,.T.);
#2002 = ORIENTED_EDGE('',*,*,#2003,.T.);
#2003 = EDGE_CURVE('',#1953,#1977,#2004,.T.);
#2004 = LINE('',#2005,#2006);
#2005 = CARTESIAN_POINT('',(-2.5,-8.,2.8));
#2006 = VECTOR('',#2007,1.);
#2007 = DIRECTION('',(1.,0.,-0.));
#2008 = PLANE('',#2009);
#2009 = AXIS2_PLACEMENT_3D('',#2010,#2011,#2012);
#2010 = CARTESIAN_POINT('',(-5.,-8.,-0.1));
#2011 = DIRECTION('',(-0.,1.,0.));
#2012 = DIRECTION('',(0.,0.,1.));
#2013 = ADVANCED_FACE('',(#2014),#2039,.F.);
#2014 = FACE_BOUND('',#2015,.F.);
#2015 = EDGE_LOOP('',(#2016,#2024,#2025,#2033));
#2016 = ORIENTED_EDGE('',*,*,#2017,.F.);
#2017 = EDGE_CURVE('',#527,#2018,#2020,.T.);
#2018 = VERTEX_POINT('',#2019);
#2019 = CARTESIAN_POINT('',(5.,0.,2.8));
#2020 = LINE('',#2021,#2022);
#2021 = CARTESIAN_POINT('',(5.,0.,-0.1));
#2022 = VECTOR('',#2023,1.);
#2023 = DIRECTION('',(0.,0.,1.));
#2024 = ORIENTED_EDGE('',*,*,#524,.F.);
#2025 = ORIENTED_EDGE('',*,*,#2026,.T.);
#2026 = EDGE_CURVE('',#525,#2027,#2029,.T.);
#2027 = VERTEX_POINT('',#2028);
#2028 = CARTESIAN_POINT('',(-5.,0.,2.8));
#2029 = LINE('',#2030,#2031);
#2030 = CARTESIAN_POINT('',(-5.,0.,-0.1));
#2031 = VECTOR('',#2032,1.);
#2032 = DIRECTION('',(0.,0.,1.));
#2033 = ORIENTED_EDGE('',*,*,#2034,.T.);
#2034 = EDGE_CURVE('',#2027,#2018,#2035,.T.);
#2035 = LINE('',#2036,#2037);
#2036 = CARTESIAN_POINT('',(-2.5,0.,2.8));
#2037 = VECTOR('',#2038,1.);
#2038 = DIRECTION('',(1.,0.,-0.));
#2039 = PLANE('',#2040);
#2040 = AXIS2_PLACEMENT_3D('',#2041,#2042,#2043);
#2041 = CARTESIAN_POINT('',(-5.,0.,-0.1));
#2042 = DIRECTION('',(-0.,1.,0.));
#2043 = DIRECTION('',(0.,0.,1.));
#2044 = ADVANCED_FACE('',(#2045),#2063,.T.);
#2045 = FACE_BOUND('',#2046,.T.);
#2046 = EDGE_LOOP('',(#2047,#2055,#2056,#2057));
#2047 = ORIENTED_EDGE('',*,*,#2048,.F.);
#2048 = EDGE_CURVE('',#535,#2049,#2051,.T.);
#2049 = VERTEX_POINT('',#2050);
#2050 = CARTESIAN_POINT('',(-5.,-2.,2.8));
#2051 = LINE('',#2052,#2053);
#2052 = CARTESIAN_POINT('',(-5.,-2.,-0.1));
#2053 = VECTOR('',#2054,1.);
#2054 = DIRECTION('',(0.,0.,1.));
#2055 = ORIENTED_EDGE('',*,*,#534,.F.);
#2056 = ORIENTED_EDGE('',*,*,#2026,.T.);
#2057 = ORIENTED_EDGE('',*,*,#2058,.T.);
#2058 = EDGE_CURVE('',#2027,#2049,#2059,.T.);
#2059 = LINE('',#2060,#2061);
#2060 = CARTESIAN_POINT('',(-5.,-1.,2.8));
#2061 = VECTOR('',#2062,1.);
#2062 = DIRECTION('',(0.,-1.,0.));
#2063 = PLANE('',#2064);
#2064 = AXIS2_PLACEMENT_3D('',#2065,#2066,#2067);
#2065 = CARTESIAN_POINT('',(-5.,-2.,-0.1));
#2066 = DIRECTION('',(1.,0.,-0.));
#2067 = DIRECTION('',(0.,0.,1.));
#2068 = ADVANCED_FACE('',(#2069),#2087,.F.);
#2069 = FACE_BOUND('',#2070,.F.);
#2070 = EDGE_LOOP('',(#2071,#2079,#2080,#2081));
#2071 = ORIENTED_EDGE('',*,*,#2072,.F.);
#2072 = EDGE_CURVE('',#543,#2073,#2075,.T.);
#2073 = VERTEX_POINT('',#2074);
#2074 = CARTESIAN_POINT('',(5.,-2.,2.8));
#2075 = LINE('',#2076,#2077);
#2076 = CARTESIAN_POINT('',(5.,-2.,-0.1));
#2077 = VECTOR('',#2078,1.);
#2078 = DIRECTION('',(0.,0.,1.));
#2079 = ORIENTED_EDGE('',*,*,#550,.F.);
#2080 = ORIENTED_EDGE('',*,*,#2017,.T.);
#2081 = ORIENTED_EDGE('',*,*,#2082,.T.);
#2082 = EDGE_CURVE('',#2018,#2073,#2083,.T.);
#2083 = LINE('',#2084,#2085);
#2084 = CARTESIAN_POINT('',(5.,-1.,2.8));
#2085 = VECTOR('',#2086,1.);
#2086 = DIRECTION('',(0.,-1.,0.));
#2087 = PLANE('',#2088);
#2088 = AXIS2_PLACEMENT_3D('',#2089,#2090,#2091);
#2089 = CARTESIAN_POINT('',(5.,-2.,-0.1));
#2090 = DIRECTION('',(1.,0.,-0.));
#2091 = DIRECTION('',(0.,0.,1.));
#2092 = ADVANCED_FACE('',(#2093),#2104,.T.);
#2093 = FACE_BOUND('',#2094,.T.);
#2094 = EDGE_LOOP('',(#2095,#2096,#2097,#2098));
#2095 = ORIENTED_EDGE('',*,*,#2072,.F.);
#2096 = ORIENTED_EDGE('',*,*,#542,.F.);
#2097 = ORIENTED_EDGE('',*,*,#2048,.T.);
#2098 = ORIENTED_EDGE('',*,*,#2099,.T.);
#2099 = EDGE_CURVE('',#2049,#2073,#2100,.T.);
#2100 = LINE('',#2101,#2102);
#2101 = CARTESIAN_POINT('',(-2.5,-2.,2.8));
#2102 = VECTOR('',#2103,1.);
#2103 = DIRECTION('',(1.,0.,-0.));
#2104 = PLANE('',#2105);
#2105 = AXIS2_PLACEMENT_3D('',#2106,#2107,#2108);
#2106 = CARTESIAN_POINT('',(-5.,-2.,-0.1));
#2107 = DIRECTION('',(-0.,1.,0.));
#2108 = DIRECTION('',(0.,0.,1.));
#2109 = ADVANCED_FACE('',(#2110),#2121,.T.);
#2110 = FACE_BOUND('',#2111,.T.);
#2111 = EDGE_LOOP('',(#2112,#2113,#2114,#2115));
#2112 = ORIENTED_EDGE('',*,*,#1064,.F.);
#2113 = ORIENTED_EDGE('',*,*,#558,.T.);
#2114 = ORIENTED_EDGE('',*,*,#995,.T.);
#2115 = ORIENTED_EDGE('',*,*,#2116,.T.);
#2116 = EDGE_CURVE('',#988,#1065,#2117,.T.);
#2117 = LINE('',#2118,#2119);
#2118 = CARTESIAN_POINT('',(-17.,-5.4,12.3));
#2119 = VECTOR('',#2120,1.);
#2120 = DIRECTION('',(0.,1.,0.));
#2121 = PLANE('',#2122);
#2122 = AXIS2_PLACEMENT_3D('',#2123,#2124,#2125);
#2123 = CARTESIAN_POINT('',(-17.,-8.,6.15));
#2124 = DIRECTION('',(-1.,-0.,-0.));
#2125 = DIRECTION('',(0.,0.,-1.));
#2126 = ADVANCED_FACE('',(#2127),#2170,.T.);
#2127 = FACE_BOUND('',#2128,.T.);
#2128 = EDGE_LOOP('',(#2129,#2137,#2138,#2139,#2140,#2148,#2156,#2164));
#2129 = ORIENTED_EDGE('',*,*,#2130,.T.);
#2130 = EDGE_CURVE('',#2131,#1003,#2133,.T.);
#2131 = VERTEX_POINT('',#2132);
#2132 = CARTESIAN_POINT('',(-18.,-10.5,2.8));
#2133 = LINE('',#2134,#2135);
#2134 = CARTESIAN_POINT('',(-18.,-10.8,2.8));
#2135 = VECTOR('',#2136,1.);
#2136 = DIRECTION('',(0.,-1.,0.));
#2137 = ORIENTED_EDGE('',*,*,#1002,.F.);
#2138 = ORIENTED_EDGE('',*,*,#576,.F.);
#2139 = ORIENTED_EDGE('',*,*,#1057,.T.);
#2140 = ORIENTED_EDGE('',*,*,#2141,.T.);
#2141 = EDGE_CURVE('',#1050,#2142,#2144,.T.);
#2142 = VERTEX_POINT('',#2143);
#2143 = CARTESIAN_POINT('',(-18.,-5.5,2.8));
#2144 = LINE('',#2145,#2146);
#2145 = CARTESIAN_POINT('',(-18.,-10.8,2.8));
#2146 = VECTOR('',#2147,1.);
#2147 = DIRECTION('',(0.,-1.,0.));
#2148 = ORIENTED_EDGE('',*,*,#2149,.T.);
#2149 = EDGE_CURVE('',#2142,#2150,#2152,.T.);
#2150 = VERTEX_POINT('',#2151);
#2151 = CARTESIAN_POINT('',(-18.,-5.5,12.3));
#2152 = LINE('',#2153,#2154);
#2153 = CARTESIAN_POINT('',(-18.,-5.5,2.8));
#2154 = VECTOR('',#2155,1.);
#2155 = DIRECTION('',(-0.,-0.,1.));
#2156 = ORIENTED_EDGE('',*,*,#2157,.F.);
#2157 = EDGE_CURVE('',#2158,#2150,#2160,.T.);
#2158 = VERTEX_POINT('',#2159);
#2159 = CARTESIAN_POINT('',(-18.,-10.5,12.3));
#2160 = LINE('',#2161,#2162);
#2161 = CARTESIAN_POINT('',(-18.,-10.5,12.3));
#2162 = VECTOR('',#2163,1.);
#2163 = DIRECTION('',(-0.,1.,-0.));
#2164 = ORIENTED_EDGE('',*,*,#2165,.F.);
#2165 = EDGE_CURVE('',#2131,#2158,#2166,.T.);
#2166 = LINE('',#2167,#2168);
#2167 = CARTESIAN_POINT('',(-18.,-10.5,2.8));
#2168 = VECTOR('',#2169,1.);
#2169 = DIRECTION('',(-0.,-0.,1.));
#2170 = PLANE('',#2171);
#2171 = AXIS2_PLACEMENT_3D('',#2172,#2173,#2174);
#2172 = CARTESIAN_POINT('',(-18.,-8.,5.990782122905));
#2173 = DIRECTION('',(1.,0.,0.));
#2174 = DIRECTION('',(-0.,0.,1.));
#2175 = ADVANCED_FACE('',(#2176),#2201,.F.);
#2176 = FACE_BOUND('',#2177,.F.);
#2177 = EDGE_LOOP('',(#2178,#2186,#2187,#2195));
#2178 = ORIENTED_EDGE('',*,*,#2179,.F.);
#2179 = EDGE_CURVE('',#595,#2180,#2182,.T.);
#2180 = VERTEX_POINT('',#2181);
#2181 = CARTESIAN_POINT('',(13.43,14.98,2.8));
#2182 = LINE('',#2183,#2184);
#2183 = CARTESIAN_POINT('',(13.43,14.98,-0.1));
#2184 = VECTOR('',#2185,1.);
#2185 = DIRECTION('',(0.,0.,1.));
#2186 = ORIENTED_EDGE('',*,*,#592,.F.);
#2187 = ORIENTED_EDGE('',*,*,#2188,.T.);
#2188 = EDGE_CURVE('',#593,#2189,#2191,.T.);
#2189 = VERTEX_POINT('',#2190);
#2190 = CARTESIAN_POINT('',(9.43,14.98,2.8));
#2191 = LINE('',#2192,#2193);
#2192 = CARTESIAN_POINT('',(9.43,14.98,-0.1));
#2193 = VECTOR('',#2194,1.);
#2194 = DIRECTION('',(0.,0.,1.));
#2195 = ORIENTED_EDGE('',*,*,#2196,.T.);
#2196 = EDGE_CURVE('',#2189,#2180,#2197,.T.);
#2197 = LINE('',#2198,#2199);
#2198 = CARTESIAN_POINT('',(4.715,14.98,2.8));
#2199 = VECTOR('',#2200,1.);
#2200 = DIRECTION('',(1.,0.,-0.));
#2201 = PLANE('',#2202);
#2202 = AXIS2_PLACEMENT_3D('',#2203,#2204,#2205);
#2203 = CARTESIAN_POINT('',(9.43,14.98,-0.1));
#2204 = DIRECTION('',(-0.,1.,0.));
#2205 = DIRECTION('',(0.,0.,1.));
#2206 = ADVANCED_FACE('',(#2207),#2225,.F.);
#2207 = FACE_BOUND('',#2208,.F.);
#2208 = EDGE_LOOP('',(#2209,#2217,#2218,#2219));
#2209 = ORIENTED_EDGE('',*,*,#2210,.F.);
#2210 = EDGE_CURVE('',#611,#2211,#2213,.T.);
#2211 = VERTEX_POINT('',#2212);
#2212 = CARTESIAN_POINT('',(13.43,-14.42,2.8));
#2213 = LINE('',#2214,#2215);
#2214 = CARTESIAN_POINT('',(13.43,-14.42,-0.1));
#2215 = VECTOR('',#2216,1.);
#2216 = DIRECTION('',(0.,0.,1.));
#2217 = ORIENTED_EDGE('',*,*,#618,.F.);
#2218 = ORIENTED_EDGE('',*,*,#2179,.T.);
#2219 = ORIENTED_EDGE('',*,*,#2220,.T.);
#2220 = EDGE_CURVE('',#2180,#2211,#2221,.T.);
#2221 = LINE('',#2222,#2223);
#2222 = CARTESIAN_POINT('',(13.43,-7.21,2.8));
#2223 = VECTOR('',#2224,1.);
#2224 = DIRECTION('',(0.,-1.,0.));
#2225 = PLANE('',#2226);
#2226 = AXIS2_PLACEMENT_3D('',#2227,#2228,#2229);
#2227 = CARTESIAN_POINT('',(13.43,-14.42,-0.1));
#2228 = DIRECTION('',(1.,0.,-0.));
#2229 = DIRECTION('',(0.,0.,1.));
#2230 = ADVANCED_FACE('',(#2231),#2249,.T.);
#2231 = FACE_BOUND('',#2232,.T.);
#2232 = EDGE_LOOP('',(#2233,#2234,#2235,#2243));
#2233 = ORIENTED_EDGE('',*,*,#2210,.F.);
#2234 = ORIENTED_EDGE('',*,*,#610,.F.);
#2235 = ORIENTED_EDGE('',*,*,#2236,.T.);
#2236 = EDGE_CURVE('',#603,#2237,#2239,.T.);
#2237 = VERTEX_POINT('',#2238);
#2238 = CARTESIAN_POINT('',(9.43,-14.42,2.8));
#2239 = LINE('',#2240,#2241);
#2240 = CARTESIAN_POINT('',(9.43,-14.42,-0.1));
#2241 = VECTOR('',#2242,1.);
#2242 = DIRECTION('',(0.,0.,1.));
#2243 = ORIENTED_EDGE('',*,*,#2244,.T.);
#2244 = EDGE_CURVE('',#2237,#2211,#2245,.T.);
#2245 = LINE('',#2246,#2247);
#2246 = CARTESIAN_POINT('',(4.715,-14.42,2.8));
#2247 = VECTOR('',#2248,1.);
#2248 = DIRECTION('',(1.,0.,-0.));
#2249 = PLANE('',#2250);
#2250 = AXIS2_PLACEMENT_3D('',#2251,#2252,#2253);
#2251 = CARTESIAN_POINT('',(9.43,-14.42,-0.1));
#2252 = DIRECTION('',(-0.,1.,0.));
#2253 = DIRECTION('',(0.,0.,1.));
#2254 = ADVANCED_FACE('',(#2255),#2266,.T.);
#2255 = FACE_BOUND('',#2256,.T.);
#2256 = EDGE_LOOP('',(#2257,#2258,#2259,#2260));
#2257 = ORIENTED_EDGE('',*,*,#2236,.F.);
#2258 = ORIENTED_EDGE('',*,*,#602,.F.);
#2259 = ORIENTED_EDGE('',*,*,#2188,.T.);
#2260 = ORIENTED_EDGE('',*,*,#2261,.T.);
#2261 = EDGE_CURVE('',#2189,#2237,#2262,.T.);
#2262 = LINE('',#2263,#2264);
#2263 = CARTESIAN_POINT('',(9.43,-7.21,2.8));
#2264 = VECTOR('',#2265,1.);
#2265 = DIRECTION('',(0.,-1.,0.));
#2266 = PLANE('',#2267);
#2267 = AXIS2_PLACEMENT_3D('',#2268,#2269,#2270);
#2268 = CARTESIAN_POINT('',(9.43,-14.42,-0.1));
#2269 = DIRECTION('',(1.,0.,-0.));
#2270 = DIRECTION('',(0.,0.,1.));
#2271 = ADVANCED_FACE('',(#2272),#2283,.T.);
#2272 = FACE_BOUND('',#2273,.T.);
#2273 = EDGE_LOOP('',(#2274,#2275,#2281,#2282));
#2274 = ORIENTED_EDGE('',*,*,#1377,.T.);
#2275 = ORIENTED_EDGE('',*,*,#2276,.F.);
#2276 = EDGE_CURVE('',#1447,#1370,#2277,.T.);
#2277 = LINE('',#2278,#2279);
#2278 = CARTESIAN_POINT('',(17.,2.6,12.3));
#2279 = VECTOR('',#2280,1.);
#2280 = DIRECTION('',(-0.,1.,0.));
#2281 = ORIENTED_EDGE('',*,*,#1446,.F.);
#2282 = ORIENTED_EDGE('',*,*,#636,.F.);
#2283 = PLANE('',#2284);
#2284 = AXIS2_PLACEMENT_3D('',#2285,#2286,#2287);
#2285 = CARTESIAN_POINT('',(17.,8.,6.15));
#2286 = DIRECTION('',(1.,0.,0.));
#2287 = DIRECTION('',(-0.,0.,1.));
#2288 = ADVANCED_FACE('',(#2289),#2332,.T.);
#2289 = FACE_BOUND('',#2290,.T.);
#2290 = EDGE_LOOP('',(#2291,#2299,#2307,#2315,#2323,#2329,#2330,#2331));
#2291 = ORIENTED_EDGE('',*,*,#2292,.T.);
#2292 = EDGE_CURVE('',#1432,#2293,#2295,.T.);
#2293 = VERTEX_POINT('',#2294);
#2294 = CARTESIAN_POINT('',(18.,5.5,2.8));
#2295 = LINE('',#2296,#2297);
#2296 = CARTESIAN_POINT('',(18.,5.2,2.8));
#2297 = VECTOR('',#2298,1.);
#2298 = DIRECTION('',(-0.,1.,0.));
#2299 = ORIENTED_EDGE('',*,*,#2300,.T.);
#2300 = EDGE_CURVE('',#2293,#2301,#2303,.T.);
#2301 = VERTEX_POINT('',#2302);
#2302 = CARTESIAN_POINT('',(18.,5.5,12.3));
#2303 = LINE('',#2304,#2305);
#2304 = CARTESIAN_POINT('',(18.,5.5,2.8));
#2305 = VECTOR('',#2306,1.);
#2306 = DIRECTION('',(0.,0.,1.));
#2307 = ORIENTED_EDGE('',*,*,#2308,.T.);
#2308 = EDGE_CURVE('',#2301,#2309,#2311,.T.);
#2309 = VERTEX_POINT('',#2310);
#2310 = CARTESIAN_POINT('',(18.,10.5,12.3));
#2311 = LINE('',#2312,#2313);
#2312 = CARTESIAN_POINT('',(18.,5.5,12.3));
#2313 = VECTOR('',#2314,1.);
#2314 = DIRECTION('',(-0.,1.,0.));
#2315 = ORIENTED_EDGE('',*,*,#2316,.F.);
#2316 = EDGE_CURVE('',#2317,#2309,#2319,.T.);
#2317 = VERTEX_POINT('',#2318);
#2318 = CARTESIAN_POINT('',(18.,10.5,2.8));
#2319 = LINE('',#2320,#2321);
#2320 = CARTESIAN_POINT('',(18.,10.5,2.8));
#2321 = VECTOR('',#2322,1.);
#2322 = DIRECTION('',(0.,0.,1.));
#2323 = ORIENTED_EDGE('',*,*,#2324,.T.);
#2324 = EDGE_CURVE('',#2317,#1385,#2325,.T.);
#2325 = LINE('',#2326,#2327);
#2326 = CARTESIAN_POINT('',(18.,5.2,2.8));
#2327 = VECTOR('',#2328,1.);
#2328 = DIRECTION('',(-0.,1.,0.));
#2329 = ORIENTED_EDGE('',*,*,#1384,.F.);
#2330 = ORIENTED_EDGE('',*,*,#652,.T.);
#2331 = ORIENTED_EDGE('',*,*,#1439,.T.);
#2332 = PLANE('',#2333);
#2333 = AXIS2_PLACEMENT_3D('',#2334,#2335,#2336);
#2334 = CARTESIAN_POINT('',(18.,8.,5.990782122905));
#2335 = DIRECTION('',(-1.,-0.,-0.));
#2336 = DIRECTION('',(0.,0.,-1.));
#2337 = ADVANCED_FACE('',(#2338),#2357,.F.);
#2338 = FACE_BOUND('',#2339,.F.);
#2339 = EDGE_LOOP('',(#2340,#2348,#2355,#2356));
#2340 = ORIENTED_EDGE('',*,*,#2341,.T.);
#2341 = EDGE_CURVE('',#661,#2342,#2344,.T.);
#2342 = VERTEX_POINT('',#2343);
#2343 = CARTESIAN_POINT('',(13.1,19.5,1.3));
#2344 = LINE('',#2345,#2346);
#2345 = CARTESIAN_POINT('',(13.1,19.5,-0.1));
#2346 = VECTOR('',#2347,1.);
#2347 = DIRECTION('',(0.,0.,1.));
#2348 = ORIENTED_EDGE('',*,*,#2349,.F.);
#2349 = EDGE_CURVE('',#2342,#2342,#2350,.T.);
#2350 = CIRCLE('',#2351,2.1);
#2351 = AXIS2_PLACEMENT_3D('',#2352,#2353,#2354);
#2352 = CARTESIAN_POINT('',(11.,19.5,1.3));
#2353 = DIRECTION('',(0.,0.,1.));
#2354 = DIRECTION('',(1.,0.,-0.));
#2355 = ORIENTED_EDGE('',*,*,#2341,.F.);
#2356 = ORIENTED_EDGE('',*,*,#660,.T.);
#2357 = CYLINDRICAL_SURFACE('',#2358,2.1);
#2358 = AXIS2_PLACEMENT_3D('',#2359,#2360,#2361);
#2359 = CARTESIAN_POINT('',(11.,19.5,-0.1));
#2360 = DIRECTION('',(0.,0.,1.));
#2361 = DIRECTION('',(1.,0.,-0.));
#2362 = ADVANCED_FACE('',(#2363),#2388,.F.);
#2363 = FACE_BOUND('',#2364,.F.);
#2364 = EDGE_LOOP('',(#2365,#2373,#2374,#2382));
#2365 = ORIENTED_EDGE('',*,*,#2366,.F.);
#2366 = EDGE_CURVE('',#674,#2367,#2369,.T.);
#2367 = VERTEX_POINT('',#2368);
#2368 = CARTESIAN_POINT('',(5.,6.,2.8));
#2369 = LINE('',#2370,#2371);
#2370 = CARTESIAN_POINT('',(5.,6.,-0.1));
#2371 = VECTOR('',#2372,1.);
#2372 = DIRECTION('',(0.,0.,1.));
#2373 = ORIENTED_EDGE('',*,*,#671,.F.);
#2374 = ORIENTED_EDGE('',*,*,#2375,.T.);
#2375 = EDGE_CURVE('',#672,#2376,#2378,.T.);
#2376 = VERTEX_POINT('',#2377);
#2377 = CARTESIAN_POINT('',(-5.,6.,2.8));
#2378 = LINE('',#2379,#2380);
#2379 = CARTESIAN_POINT('',(-5.,6.,-0.1));
#2380 = VECTOR('',#2381,1.);
#2381 = DIRECTION('',(0.,0.,1.));
#2382 = ORIENTED_EDGE('',*,*,#2383,.T.);
#2383 = EDGE_CURVE('',#2376,#2367,#2384,.T.);
#2384 = LINE('',#2385,#2386);
#2385 = CARTESIAN_POINT('',(-2.5,6.,2.8));
#2386 = VECTOR('',#2387,1.);
#2387 = DIRECTION('',(1.,0.,-0.));
#2388 = PLANE('',#2389);
#2389 = AXIS2_PLACEMENT_3D('',#2390,#2391,#2392);
#2390 = CARTESIAN_POINT('',(-5.,6.,-0.1));
#2391 = DIRECTION('',(-0.,1.,0.));
#2392 = DIRECTION('',(0.,0.,1.));
#2393 = ADVANCED_FACE('',(#2394),#2412,.T.);
#2394 = FACE_BOUND('',#2395,.T.);
#2395 = EDGE_LOOP('',(#2396,#2404,#2405,#2406));
#2396 = ORIENTED_EDGE('',*,*,#2397,.F.);
#2397 = EDGE_CURVE('',#682,#2398,#2400,.T.);
#2398 = VERTEX_POINT('',#2399);
#2399 = CARTESIAN_POINT('',(-5.,4.,2.8));
#2400 = LINE('',#2401,#2402);
#2401 = CARTESIAN_POINT('',(-5.,4.,-0.1));
#2402 = VECTOR('',#2403,1.);
#2403 = DIRECTION('',(0.,0.,1.));
#2404 = ORIENTED_EDGE('',*,*,#681,.F.);
#2405 = ORIENTED_EDGE('',*,*,#2375,.T.);
#2406 = ORIENTED_EDGE('',*,*,#2407,.T.);
#2407 = EDGE_CURVE('',#2376,#2398,#2408,.T.);
#2408 = LINE('',#2409,#2410);
#2409 = CARTESIAN_POINT('',(-5.,2.,2.8));
#2410 = VECTOR('',#2411,1.);
#2411 = DIRECTION('',(0.,-1.,0.));
#2412 = PLANE('',#2413);
#2413 = AXIS2_PLACEMENT_3D('',#2414,#2415,#2416);
#2414 = CARTESIAN_POINT('',(-5.,4.,-0.1));
#2415 = DIRECTION('',(1.,0.,-0.));
#2416 = DIRECTION('',(0.,0.,1.));
#2417 = ADVANCED_FACE('',(#2418),#2436,.F.);
#2418 = FACE_BOUND('',#2419,.F.);
#2419 = EDGE_LOOP('',(#2420,#2428,#2429,#2430));
#2420 = ORIENTED_EDGE('',*,*,#2421,.F.);
#2421 = EDGE_CURVE('',#690,#2422,#2424,.T.);
#2422 = VERTEX_POINT('',#2423);
#2423 = CARTESIAN_POINT('',(5.,4.,2.8));
#2424 = LINE('',#2425,#2426);
#2425 = CARTESIAN_POINT('',(5.,4.,-0.1));
#2426 = VECTOR('',#2427,1.);
#2427 = DIRECTION('',(0.,0.,1.));
#2428 = ORIENTED_EDGE('',*,*,#697,.F.);
#2429 = ORIENTED_EDGE('',*,*,#2366,.T.);
#2430 = ORIENTED_EDGE('',*,*,#2431,.T.);
#2431 = EDGE_CURVE('',#2367,#2422,#2432,.T.);
#2432 = LINE('',#2433,#2434);
#2433 = CARTESIAN_POINT('',(5.,2.,2.8));
#2434 = VECTOR('',#2435,1.);
#2435 = DIRECTION('',(0.,-1.,0.));
#2436 = PLANE('',#2437);
#2437 = AXIS2_PLACEMENT_3D('',#2438,#2439,#2440);
#2438 = CARTESIAN_POINT('',(5.,4.,-0.1));
#2439 = DIRECTION('',(1.,0.,-0.));
#2440 = DIRECTION('',(0.,0.,1.));
#2441 = ADVANCED_FACE('',(#2442),#2453,.T.);
#2442 = FACE_BOUND('',#2443,.T.);
#2443 = EDGE_LOOP('',(#2444,#2445,#2446,#2447));
#2444 = ORIENTED_EDGE('',*,*,#2421,.F.);
#2445 = ORIENTED_EDGE('',*,*,#689,.F.);
#2446 = ORIENTED_EDGE('',*,*,#2397,.T.);
#2447 = ORIENTED_EDGE('',*,*,#2448,.T.);
#2448 = EDGE_CURVE('',#2398,#2422,#2449,.T.);
#2449 = LINE('',#2450,#2451);
#2450 = CARTESIAN_POINT('',(-2.5,4.,2.8));
#2451 = VECTOR('',#2452,1.);
#2452 = DIRECTION('',(1.,0.,-0.));
#2453 = PLANE('',#2454);
#2454 = AXIS2_PLACEMENT_3D('',#2455,#2456,#2457);
#2455 = CARTESIAN_POINT('',(-5.,4.,-0.1));
#2456 = DIRECTION('',(-0.,1.,0.));
#2457 = DIRECTION('',(0.,0.,1.));
#2458 = ADVANCED_FACE('',(#2459),#2484,.F.);
#2459 = FACE_BOUND('',#2460,.F.);
#2460 = EDGE_LOOP('',(#2461,#2469,#2470,#2478));
#2461 = ORIENTED_EDGE('',*,*,#2462,.F.);
#2462 = EDGE_CURVE('',#708,#2463,#2465,.T.);
#2463 = VERTEX_POINT('',#2464);
#2464 = CARTESIAN_POINT('',(-9.43,14.98,2.8));
#2465 = LINE('',#2466,#2467);
#2466 = CARTESIAN_POINT('',(-9.43,14.98,-0.1));
#2467 = VECTOR('',#2468,1.);
#2468 = DIRECTION('',(0.,0.,1.));
#2469 = ORIENTED_EDGE('',*,*,#705,.F.);
#2470 = ORIENTED_EDGE('',*,*,#2471,.T.);
#2471 = EDGE_CURVE('',#706,#2472,#2474,.T.);
#2472 = VERTEX_POINT('',#2473);
#2473 = CARTESIAN_POINT('',(-13.43,14.98,2.8));
#2474 = LINE('',#2475,#2476);
#2475 = CARTESIAN_POINT('',(-13.43,14.98,-0.1));
#2476 = VECTOR('',#2477,1.);
#2477 = DIRECTION('',(0.,0.,1.));
#2478 = ORIENTED_EDGE('',*,*,#2479,.T.);
#2479 = EDGE_CURVE('',#2472,#2463,#2480,.T.);
#2480 = LINE('',#2481,#2482);
#2481 = CARTESIAN_POINT('',(-6.715,14.98,2.8));
#2482 = VECTOR('',#2483,1.);
#2483 = DIRECTION('',(1.,0.,-0.));
#2484 = PLANE('',#2485);
#2485 = AXIS2_PLACEMENT_3D('',#2486,#2487,#2488);
#2486 = CARTESIAN_POINT('',(-13.43,14.98,-0.1));
#2487 = DIRECTION('',(-0.,1.,0.));
#2488 = DIRECTION('',(0.,0.,1.));
#2489 = ADVANCED_FACE('',(#2490),#2508,.T.);
#2490 = FACE_BOUND('',#2491,.T.);
#2491 = EDGE_LOOP('',(#2492,#2500,#2501,#2502));
#2492 = ORIENTED_EDGE('',*,*,#2493,.F.);
#2493 = EDGE_CURVE('',#716,#2494,#2496,.T.);
#2494 = VERTEX_POINT('',#2495);
#2495 = CARTESIAN_POINT('',(-13.43,-14.42,2.8));
#2496 = LINE('',#2497,#2498);
#2497 = CARTESIAN_POINT('',(-13.43,-14.42,-0.1));
#2498 = VECTOR('',#2499,1.);
#2499 = DIRECTION('',(0.,0.,1.));
#2500 = ORIENTED_EDGE('',*,*,#715,.F.);
#2501 = ORIENTED_EDGE('',*,*,#2471,.T.);
#2502 = ORIENTED_EDGE('',*,*,#2503,.T.);
#2503 = EDGE_CURVE('',#2472,#2494,#2504,.T.);
#2504 = LINE('',#2505,#2506);
#2505 = CARTESIAN_POINT('',(-13.43,-7.21,2.8));
#2506 = VECTOR('',#2507,1.);
#2507 = DIRECTION('',(0.,-1.,0.));
#2508 = PLANE('',#2509);
#2509 = AXIS2_PLACEMENT_3D('',#2510,#2511,#2512);
#2510 = CARTESIAN_POINT('',(-13.43,-14.42,-0.1));
#2511 = DIRECTION('',(1.,0.,-0.));
#2512 = DIRECTION('',(0.,0.,1.));
#2513 = ADVANCED_FACE('',(#2514),#2532,.F.);
#2514 = FACE_BOUND('',#2515,.F.);
#2515 = EDGE_LOOP('',(#2516,#2524,#2525,#2526));
#2516 = ORIENTED_EDGE('',*,*,#2517,.F.);
#2517 = EDGE_CURVE('',#724,#2518,#2520,.T.);
#2518 = VERTEX_POINT('',#2519);
#2519 = CARTESIAN_POINT('',(-9.43,-14.42,2.8));
#2520 = LINE('',#2521,#2522);
#2521 = CARTESIAN_POINT('',(-9.43,-14.42,-0.1));
#2522 = VECTOR('',#2523,1.);
#2523 = DIRECTION('',(0.,0.,1.));
#2524 = ORIENTED_EDGE('',*,*,#731,.F.);
#2525 = ORIENTED_EDGE('',*,*,#2462,.T.);
#2526 = ORIENTED_EDGE('',*,*,#2527,.T.);
#2527 = EDGE_CURVE('',#2463,#2518,#2528,.T.);
#2528 = LINE('',#2529,#2530);
#2529 = CARTESIAN_POINT('',(-9.43,-7.21,2.8));
#2530 = VECTOR('',#2531,1.);
#2531 = DIRECTION('',(0.,-1.,0.));
#2532 = PLANE('',#2533);
#2533 = AXIS2_PLACEMENT_3D('',#2534,#2535,#2536);
#2534 = CARTESIAN_POINT('',(-9.43,-14.42,-0.1));
#2535 = DIRECTION('',(1.,0.,-0.));
#2536 = DIRECTION('',(0.,0.,1.));
#2537 = ADVANCED_FACE('',(#2538),#2549,.T.);
#2538 = FACE_BOUND('',#2539,.T.);
#2539 = EDGE_LOOP('',(#2540,#2541,#2542,#2543));
#2540 = ORIENTED_EDGE('',*,*,#2517,.F.);
#2541 = ORIENTED_EDGE('',*,*,#723,.F.);
#2542 = ORIENTED_EDGE('',*,*,#2493,.T.);
#2543 = ORIENTED_EDGE('',*,*,#2544,.T.);
#2544 = EDGE_CURVE('',#2494,#2518,#2545,.T.);
#2545 = LINE('',#2546,#2547);
#2546 = CARTESIAN_POINT('',(-6.715,-14.42,2.8));
#2547 = VECTOR('',#2548,1.);
#2548 = DIRECTION('',(1.,0.,-0.));
#2549 = PLANE('',#2550);
#2550 = AXIS2_PLACEMENT_3D('',#2551,#2552,#2553);
#2551 = CARTESIAN_POINT('',(-13.43,-14.42,-0.1));
#2552 = DIRECTION('',(-0.,1.,0.));
#2553 = DIRECTION('',(0.,0.,1.));
#2554 = ADVANCED_FACE('',(#2555),#2566,.T.);
#2555 = FACE_BOUND('',#2556,.T.);
#2556 = EDGE_LOOP('',(#2557,#2558,#2559,#2560));
#2557 = ORIENTED_EDGE('',*,*,#1206,.F.);
#2558 = ORIENTED_EDGE('',*,*,#739,.T.);
#2559 = ORIENTED_EDGE('',*,*,#1137,.T.);
#2560 = ORIENTED_EDGE('',*,*,#2561,.T.);
#2561 = EDGE_CURVE('',#1130,#1207,#2562,.T.);
#2562 = LINE('',#2563,#2564);
#2563 = CARTESIAN_POINT('',(-17.,2.6,12.3));
#2564 = VECTOR('',#2565,1.);
#2565 = DIRECTION('',(0.,1.,0.));
#2566 = PLANE('',#2567);
#2567 = AXIS2_PLACEMENT_3D('',#2568,#2569,#2570);
#2568 = CARTESIAN_POINT('',(-17.,8.,6.15));
#2569 = DIRECTION('',(-1.,-0.,-0.));
#2570 = DIRECTION('',(0.,0.,-1.));
#2571 = ADVANCED_FACE('',(#2572),#2615,.T.);
#2572 = FACE_BOUND('',#2573,.T.);
#2573 = EDGE_LOOP('',(#2574,#2582,#2583,#2584,#2585,#2593,#2601,#2609));
#2574 = ORIENTED_EDGE('',*,*,#2575,.T.);
#2575 = EDGE_CURVE('',#2576,#1145,#2578,.T.);
#2576 = VERTEX_POINT('',#2577);
#2577 = CARTESIAN_POINT('',(-18.,5.5,2.8));
#2578 = LINE('',#2579,#2580);
#2579 = CARTESIAN_POINT('',(-18.,5.2,2.8));
#2580 = VECTOR('',#2581,1.);
#2581 = DIRECTION('',(0.,-1.,0.));
#2582 = ORIENTED_EDGE('',*,*,#1144,.F.);
#2583 = ORIENTED_EDGE('',*,*,#757,.F.);
#2584 = ORIENTED_EDGE('',*,*,#1199,.T.);
#2585 = ORIENTED_EDGE('',*,*,#2586,.T.);
#2586 = EDGE_CURVE('',#1192,#2587,#2589,.T.);
#2587 = VERTEX_POINT('',#2588);
#2588 = CARTESIAN_POINT('',(-18.,10.5,2.8));
#2589 = LINE('',#2590,#2591);
#2590 = CARTESIAN_POINT('',(-18.,5.2,2.8));
#2591 = VECTOR('',#2592,1.);
#2592 = DIRECTION('',(0.,-1.,0.));
#2593 = ORIENTED_EDGE('',*,*,#2594,.T.);
#2594 = EDGE_CURVE('',#2587,#2595,#2597,.T.);
#2595 = VERTEX_POINT('',#2596);
#2596 = CARTESIAN_POINT('',(-18.,10.5,12.3));
#2597 = LINE('',#2598,#2599);
#2598 = CARTESIAN_POINT('',(-18.,10.5,2.8));
#2599 = VECTOR('',#2600,1.);
#2600 = DIRECTION('',(-0.,-0.,1.));
#2601 = ORIENTED_EDGE('',*,*,#2602,.F.);
#2602 = EDGE_CURVE('',#2603,#2595,#2605,.T.);
#2603 = VERTEX_POINT('',#2604);
#2604 = CARTESIAN_POINT('',(-18.,5.5,12.3));
#2605 = LINE('',#2606,#2607);
#2606 = CARTESIAN_POINT('',(-18.,5.5,12.3));
#2607 = VECTOR('',#2608,1.);
#2608 = DIRECTION('',(-0.,1.,-0.));
#2609 = ORIENTED_EDGE('',*,*,#2610,.F.);
#2610 = EDGE_CURVE('',#2576,#2603,#2611,.T.);
#2611 = LINE('',#2612,#2613);
#2612 = CARTESIAN_POINT('',(-18.,5.5,2.8));
#2613 = VECTOR('',#2614,1.);
#2614 = DIRECTION('',(-0.,-0.,1.));
#2615 = PLANE('',#2616);
#2616 = AXIS2_PLACEMENT_3D('',#2617,#2618,#2619);
#2617 = CARTESIAN_POINT('',(-18.,8.,5.990782122905));
#2618 = DIRECTION('',(1.,0.,0.));
#2619 = DIRECTION('',(-0.,0.,1.));
#2620 = ADVANCED_FACE('',(#2621),#2646,.F.);
#2621 = FACE_BOUND('',#2622,.F.);
#2622 = EDGE_LOOP('',(#2623,#2631,#2632,#2640));
#2623 = ORIENTED_EDGE('',*,*,#2624,.F.);
#2624 = EDGE_CURVE('',#776,#2625,#2627,.T.);
#2625 = VERTEX_POINT('',#2626);
#2626 = CARTESIAN_POINT('',(5.,12.,2.8));
#2627 = LINE('',#2628,#2629);
#2628 = CARTESIAN_POINT('',(5.,12.,-0.1));
#2629 = VECTOR('',#2630,1.);
#2630 = DIRECTION('',(0.,0.,1.));
#2631 = ORIENTED_EDGE('',*,*,#773,.F.);
#2632 = ORIENTED_EDGE('',*,*,#2633,.T.);
#2633 = EDGE_CURVE('',#774,#2634,#2636,.T.);
#2634 = VERTEX_POINT('',#2635);
#2635 = CARTESIAN_POINT('',(-5.,12.,2.8));
#2636 = LINE('',#2637,#2638);
#2637 = CARTESIAN_POINT('',(-5.,12.,-0.1));
#2638 = VECTOR('',#2639,1.);
#2639 = DIRECTION('',(0.,0.,1.));
#2640 = ORIENTED_EDGE('',*,*,#2641,.T.);
#2641 = EDGE_CURVE('',#2634,#2625,#2642,.T.);
#2642 = LINE('',#2643,#2644);
#2643 = CARTESIAN_POINT('',(-2.5,12.,2.8));
#2644 = VECTOR('',#2645,1.);
#2645 = DIRECTION('',(1.,0.,-0.));
#2646 = PLANE('',#2647);
#2647 = AXIS2_PLACEMENT_3D('',#2648,#2649,#2650);
#2648 = CARTESIAN_POINT('',(-5.,12.,-0.1));
#2649 = DIRECTION('',(-0.,1.,0.));
#2650 = DIRECTION('',(0.,0.,1.));
#2651 = ADVANCED_FACE('',(#2652),#2670,.T.);
#2652 = FACE_BOUND('',#2653,.T.);
#2653 = EDGE_LOOP('',(#2654,#2662,#2663,#2664));
#2654 = ORIENTED_EDGE('',*,*,#2655,.F.);
#2655 = EDGE_CURVE('',#784,#2656,#2658,.T.);
#2656 = VERTEX_POINT('',#2657);
#2657 = CARTESIAN_POINT('',(-5.,10.,2.8));
#2658 = LINE('',#2659,#2660);
#2659 = CARTESIAN_POINT('',(-5.,10.,-0.1));
#2660 = VECTOR('',#2661,1.);
#2661 = DIRECTION('',(0.,0.,1.));
#2662 = ORIENTED_EDGE('',*,*,#783,.F.);
#2663 = ORIENTED_EDGE('',*,*,#2633,.T.);
#2664 = ORIENTED_EDGE('',*,*,#2665,.T.);
#2665 = EDGE_CURVE('',#2634,#2656,#2666,.T.);
#2666 = LINE('',#2667,#2668);
#2667 = CARTESIAN_POINT('',(-5.,5.,2.8));
#2668 = VECTOR('',#2669,1.);
#2669 = DIRECTION('',(0.,-1.,0.));
#2670 = PLANE('',#2671);
#2671 = AXIS2_PLACEMENT_3D('',#2672,#2673,#2674);
#2672 = CARTESIAN_POINT('',(-5.,10.,-0.1));
#2673 = DIRECTION('',(1.,0.,-0.));
#2674 = DIRECTION('',(0.,0.,1.));
#2675 = ADVANCED_FACE('',(#2676),#2694,.F.);
#2676 = FACE_BOUND('',#2677,.F.);
#2677 = EDGE_LOOP('',(#2678,#2686,#2687,#2688));
#2678 = ORIENTED_EDGE('',*,*,#2679,.F.);
#2679 = EDGE_CURVE('',#792,#2680,#2682,.T.);
#2680 = VERTEX_POINT('',#2681);
#2681 = CARTESIAN_POINT('',(5.,10.,2.8));
#2682 = LINE('',#2683,#2684);
#2683 = CARTESIAN_POINT('',(5.,10.,-0.1));
#2684 = VECTOR('',#2685,1.);
#2685 = DIRECTION('',(0.,0.,1.));
#2686 = ORIENTED_EDGE('',*,*,#799,.F.);
#2687 = ORIENTED_EDGE('',*,*,#2624,.T.);
#2688 = ORIENTED_EDGE('',*,*,#2689,.T.);
#2689 = EDGE_CURVE('',#2625,#2680,#2690,.T.);
#2690 = LINE('',#2691,#2692);
#2691 = CARTESIAN_POINT('',(5.,5.,2.8));
#2692 = VECTOR('',#2693,1.);
#2693 = DIRECTION('',(0.,-1.,0.));
#2694 = PLANE('',#2695);
#2695 = AXIS2_PLACEMENT_3D('',#2696,#2697,#2698);
#2696 = CARTESIAN_POINT('',(5.,10.,-0.1));
#2697 = DIRECTION('',(1.,0.,-0.));
#2698 = DIRECTION('',(0.,0.,1.));
#2699 = ADVANCED_FACE('',(#2700),#2711,.T.);
#2700 = FACE_BOUND('',#2701,.T.);
#2701 = EDGE_LOOP('',(#2702,#2703,#2704,#2705));
#2702 = ORIENTED_EDGE('',*,*,#2679,.F.);
#2703 = ORIENTED_EDGE('',*,*,#791,.F.);
#2704 = ORIENTED_EDGE('',*,*,#2655,.T.);
#2705 = ORIENTED_EDGE('',*,*,#2706,.T.);
#2706 = EDGE_CURVE('',#2656,#2680,#2707,.T.);
#2707 = LINE('',#2708,#2709);
#2708 = CARTESIAN_POINT('',(-2.5,10.,2.8));
#2709 = VECTOR('',#2710,1.);
#2710 = DIRECTION('',(1.,0.,-0.));
#2711 = PLANE('',#2712);
#2712 = AXIS2_PLACEMENT_3D('',#2713,#2714,#2715);
#2713 = CARTESIAN_POINT('',(-5.,10.,-0.1));
#2714 = DIRECTION('',(-0.,1.,0.));
#2715 = DIRECTION('',(0.,0.,1.));
#2716 = ADVANCED_FACE('',(#2717),#2736,.F.);
#2717 = FACE_BOUND('',#2718,.F.);
#2718 = EDGE_LOOP('',(#2719,#2727,#2734,#2735));
#2719 = ORIENTED_EDGE('',*,*,#2720,.T.);
#2720 = EDGE_CURVE('',#808,#2721,#2723,.T.);
#2721 = VERTEX_POINT('',#2722);
#2722 = CARTESIAN_POINT('',(-8.9,19.5,1.3));
#2723 = LINE('',#2724,#2725);
#2724 = CARTESIAN_POINT('',(-8.9,19.5,-0.1));
#2725 = VECTOR('',#2726,1.);
#2726 = DIRECTION('',(0.,0.,1.));
#2727 = ORIENTED_EDGE('',*,*,#2728,.F.);
#2728 = EDGE_CURVE('',#2721,#2721,#2729,.T.);
#2729 = CIRCLE('',#2730,2.1);
#2730 = AXIS2_PLACEMENT_3D('',#2731,#2732,#2733);
#2731 = CARTESIAN_POINT('',(-11.,19.5,1.3));
#2732 = DIRECTION('',(0.,0.,1.));
#2733 = DIRECTION('',(1.,0.,-0.));
#2734 = ORIENTED_EDGE('',*,*,#2720,.F.);
#2735 = ORIENTED_EDGE('',*,*,#807,.T.);
#2736 = CYLINDRICAL_SURFACE('',#2737,2.1);
#2737 = AXIS2_PLACEMENT_3D('',#2738,#2739,#2740);
#2738 = CARTESIAN_POINT('',(-11.,19.5,-0.1));
#2739 = DIRECTION('',(0.,0.,1.));
#2740 = DIRECTION('',(1.,0.,-0.));
#2741 = ADVANCED_FACE('',(#2742),#2753,.T.);
#2742 = FACE_BOUND('',#2743,.T.);
#2743 = EDGE_LOOP('',(#2744,#2745,#2746,#2747));
#2744 = ORIENTED_EDGE('',*,*,#865,.F.);
#2745 = ORIENTED_EDGE('',*,*,#835,.T.);
#2746 = ORIENTED_EDGE('',*,*,#1693,.T.);
#2747 = ORIENTED_EDGE('',*,*,#2748,.F.);
#2748 = EDGE_CURVE('',#866,#1694,#2749,.T.);
#2749 = LINE('',#2750,#2751);
#2750 = CARTESIAN_POINT('',(-8.98,-22.5,3.6));
#2751 = VECTOR('',#2752,1.);
#2752 = DIRECTION('',(1.,0.,-0.));
#2753 = PLANE('',#2754);
#2754 = AXIS2_PLACEMENT_3D('',#2755,#2756,#2757);
#2755 = CARTESIAN_POINT('',(-6.5,-29.,3.6));
#2756 = DIRECTION('',(0.,0.,1.));
#2757 = DIRECTION('',(1.,0.,-0.));
#2758 = ADVANCED_FACE('',(#2759),#2802,.T.);
#2759 = FACE_BOUND('',#2760,.T.);
#2760 = EDGE_LOOP('',(#2761,#2771,#2779,#2785,#2786,#2787,#2788,#2796));
#2761 = ORIENTED_EDGE('',*,*,#2762,.F.);
#2762 = EDGE_CURVE('',#2763,#2765,#2767,.T.);
#2763 = VERTEX_POINT('',#2764);
#2764 = CARTESIAN_POINT('',(-11.46,-22.5,2.8));
#2765 = VERTEX_POINT('',#2766);
#2766 = CARTESIAN_POINT('',(11.46,-22.5,2.8));
#2767 = LINE('',#2768,#2769);
#2768 = CARTESIAN_POINT('',(-11.46,-22.5,2.8));
#2769 = VECTOR('',#2770,1.);
#2770 = DIRECTION('',(1.,0.,-0.));
#2771 = ORIENTED_EDGE('',*,*,#2772,.T.);
#2772 = EDGE_CURVE('',#2763,#2773,#2775,.T.);
#2773 = VERTEX_POINT('',#2774);
#2774 = CARTESIAN_POINT('',(-11.46,-22.5,12.3));
#2775 = LINE('',#2776,#2777);
#2776 = CARTESIAN_POINT('',(-11.46,-22.5,2.8));
#2777 = VECTOR('',#2778,1.);
#2778 = DIRECTION('',(0.,0.,1.));
#2779 = ORIENTED_EDGE('',*,*,#2780,.F.);
#2780 = EDGE_CURVE('',#874,#2773,#2781,.T.);
#2781 = LINE('',#2782,#2783);
#2782 = CARTESIAN_POINT('',(-5.73,-22.5,12.3));
#2783 = VECTOR('',#2784,1.);
#2784 = DIRECTION('',(-1.,-0.,0.));
#2785 = ORIENTED_EDGE('',*,*,#873,.T.);
#2786 = ORIENTED_EDGE('',*,*,#2748,.T.);
#2787 = ORIENTED_EDGE('',*,*,#1701,.F.);
#2788 = ORIENTED_EDGE('',*,*,#2789,.F.);
#2789 = EDGE_CURVE('',#2790,#1702,#2792,.T.);
#2790 = VERTEX_POINT('',#2791);
#2791 = CARTESIAN_POINT('',(11.46,-22.5,12.3));
#2792 = LINE('',#2793,#2794);
#2793 = CARTESIAN_POINT('',(-5.73,-22.5,12.3));
#2794 = VECTOR('',#2795,1.);
#2795 = DIRECTION('',(-1.,-0.,0.));
#2796 = ORIENTED_EDGE('',*,*,#2797,.F.);
#2797 = EDGE_CURVE('',#2765,#2790,#2798,.T.);
#2798 = LINE('',#2799,#2800);
#2799 = CARTESIAN_POINT('',(11.46,-22.5,2.8));
#2800 = VECTOR('',#2801,1.);
#2801 = DIRECTION('',(0.,0.,1.));
#2802 = PLANE('',#2803);
#2803 = AXIS2_PLACEMENT_3D('',#2804,#2805,#2806);
#2804 = CARTESIAN_POINT('',(-11.46,-22.5,2.8));
#2805 = DIRECTION('',(-0.,1.,0.));
#2806 = DIRECTION('',(0.,0.,1.));
#2807 = ADVANCED_FACE('',(#2808),#2897,.T.);
#2808 = FACE_BOUND('',#2809,.T.);
#2809 = EDGE_LOOP('',(#2810,#2811,#2812,#2813,#2814,#2815,#2824,#2832,
    #2841,#2849,#2858,#2866,#2873,#2874,#2875,#2876,#2877,#2878,#2879,
    #2880,#2881,#2882,#2883,#2884,#2885,#2886,#2887,#2888,#2889,#2890,
    #2891,#2892,#2893,#2894,#2895,#2896));
#2810 = ORIENTED_EDGE('',*,*,#963,.F.);
#2811 = ORIENTED_EDGE('',*,*,#928,.T.);
#2812 = ORIENTED_EDGE('',*,*,#914,.T.);
#2813 = ORIENTED_EDGE('',*,*,#881,.T.);
#2814 = ORIENTED_EDGE('',*,*,#2780,.T.);
#2815 = ORIENTED_EDGE('',*,*,#2816,.F.);
#2816 = EDGE_CURVE('',#2817,#2773,#2819,.T.);
#2817 = VERTEX_POINT('',#2818);
#2818 = CARTESIAN_POINT('',(-14.96,-19.,12.3));
#2819 = CIRCLE('',#2820,3.5);
#2820 = AXIS2_PLACEMENT_3D('',#2821,#2822,#2823);
#2821 = CARTESIAN_POINT('',(-11.46,-19.,12.3));
#2822 = DIRECTION('',(0.,0.,1.));
#2823 = DIRECTION('',(1.,0.,-0.));
#2824 = ORIENTED_EDGE('',*,*,#2825,.T.);
#2825 = EDGE_CURVE('',#2817,#2826,#2828,.T.);
#2826 = VERTEX_POINT('',#2827);
#2827 = CARTESIAN_POINT('',(-14.96,19.,12.3));
#2828 = LINE('',#2829,#2830);
#2829 = CARTESIAN_POINT('',(-14.96,-9.5,12.3));
#2830 = VECTOR('',#2831,1.);
#2831 = DIRECTION('',(-0.,1.,0.));
#2832 = ORIENTED_EDGE('',*,*,#2833,.F.);
#2833 = EDGE_CURVE('',#2834,#2826,#2836,.T.);
#2834 = VERTEX_POINT('',#2835);
#2835 = CARTESIAN_POINT('',(-11.46,22.5,12.3));
#2836 = CIRCLE('',#2837,3.5);
#2837 = AXIS2_PLACEMENT_3D('',#2838,#2839,#2840);
#2838 = CARTESIAN_POINT('',(-11.46,19.,12.3));
#2839 = DIRECTION('',(0.,0.,1.));
#2840 = DIRECTION('',(1.,0.,-0.));
#2841 = ORIENTED_EDGE('',*,*,#2842,.F.);
#2842 = EDGE_CURVE('',#2843,#2834,#2845,.T.);
#2843 = VERTEX_POINT('',#2844);
#2844 = CARTESIAN_POINT('',(11.46,22.5,12.3));
#2845 = LINE('',#2846,#2847);
#2846 = CARTESIAN_POINT('',(-5.73,22.5,12.3));
#2847 = VECTOR('',#2848,1.);
#2848 = DIRECTION('',(-1.,-0.,0.));
#2849 = ORIENTED_EDGE('',*,*,#2850,.F.);
#2850 = EDGE_CURVE('',#2851,#2843,#2853,.T.);
#2851 = VERTEX_POINT('',#2852);
#2852 = CARTESIAN_POINT('',(14.96,19.,12.3));
#2853 = CIRCLE('',#2854,3.5);
#2854 = AXIS2_PLACEMENT_3D('',#2855,#2856,#2857);
#2855 = CARTESIAN_POINT('',(11.46,19.,12.3));
#2856 = DIRECTION('',(0.,0.,1.));
#2857 = DIRECTION('',(1.,0.,-0.));
#2858 = ORIENTED_EDGE('',*,*,#2859,.F.);
#2859 = EDGE_CURVE('',#2860,#2851,#2862,.T.);
#2860 = VERTEX_POINT('',#2861);
#2861 = CARTESIAN_POINT('',(14.96,-19.,12.3));
#2862 = LINE('',#2863,#2864);
#2863 = CARTESIAN_POINT('',(14.96,-9.5,12.3));
#2864 = VECTOR('',#2865,1.);
#2865 = DIRECTION('',(-0.,1.,0.));
#2866 = ORIENTED_EDGE('',*,*,#2867,.F.);
#2867 = EDGE_CURVE('',#2790,#2860,#2868,.T.);
#2868 = CIRCLE('',#2869,3.5);
#2869 = AXIS2_PLACEMENT_3D('',#2870,#2871,#2872);
#2870 = CARTESIAN_POINT('',(11.46,-19.,12.3));
#2871 = DIRECTION('',(0.,0.,1.));
#2872 = DIRECTION('',(1.,0.,-0.));
#2873 = ORIENTED_EDGE('',*,*,#2789,.T.);
#2874 = ORIENTED_EDGE('',*,*,#1709,.F.);
#2875 = ORIENTED_EDGE('',*,*,#1678,.T.);
#2876 = ORIENTED_EDGE('',*,*,#1643,.T.);
#2877 = ORIENTED_EDGE('',*,*,#1629,.T.);
#2878 = ORIENTED_EDGE('',*,*,#1596,.T.);
#2879 = ORIENTED_EDGE('',*,*,#1831,.T.);
#2880 = ORIENTED_EDGE('',*,*,#1511,.F.);
#2881 = ORIENTED_EDGE('',*,*,#1487,.T.);
#2882 = ORIENTED_EDGE('',*,*,#1454,.T.);
#2883 = ORIENTED_EDGE('',*,*,#2276,.T.);
#2884 = ORIENTED_EDGE('',*,*,#1369,.F.);
#2885 = ORIENTED_EDGE('',*,*,#1345,.T.);
#2886 = ORIENTED_EDGE('',*,*,#1310,.T.);
#2887 = ORIENTED_EDGE('',*,*,#1288,.F.);
#2888 = ORIENTED_EDGE('',*,*,#1261,.T.);
#2889 = ORIENTED_EDGE('',*,*,#1237,.F.);
#2890 = ORIENTED_EDGE('',*,*,#1214,.T.);
#2891 = ORIENTED_EDGE('',*,*,#2561,.F.);
#2892 = ORIENTED_EDGE('',*,*,#1129,.F.);
#2893 = ORIENTED_EDGE('',*,*,#1095,.F.);
#2894 = ORIENTED_EDGE('',*,*,#1072,.T.);
#2895 = ORIENTED_EDGE('',*,*,#2116,.F.);
#2896 = ORIENTED_EDGE('',*,*,#987,.F.);
#2897 = PLANE('',#2898);
#2898 = AXIS2_PLACEMENT_3D('',#2899,#2900,#2901);
#2899 = CARTESIAN_POINT('',(0.,6.509969733414E-16,12.3));
#2900 = DIRECTION('',(0.,0.,1.));
#2901 = DIRECTION('',(1.,0.,-0.));
#2902 = ADVANCED_FACE('',(#2903),#2932,.T.);
#2903 = FACE_BOUND('',#2904,.F.);
#2904 = EDGE_LOOP('',(#2905,#2906,#2907,#2908,#2909,#2910,#2918,#2926));
#2905 = ORIENTED_EDGE('',*,*,#2130,.T.);
#2906 = ORIENTED_EDGE('',*,*,#1010,.T.);
#2907 = ORIENTED_EDGE('',*,*,#1025,.T.);
#2908 = ORIENTED_EDGE('',*,*,#1049,.F.);
#2909 = ORIENTED_EDGE('',*,*,#2141,.T.);
#2910 = ORIENTED_EDGE('',*,*,#2911,.T.);
#2911 = EDGE_CURVE('',#2142,#2912,#2914,.T.);
#2912 = VERTEX_POINT('',#2913);
#2913 = CARTESIAN_POINT('',(-19.,-5.5,2.8));
#2914 = LINE('',#2915,#2916);
#2915 = CARTESIAN_POINT('',(-18.,-5.5,2.8));
#2916 = VECTOR('',#2917,1.);
#2917 = DIRECTION('',(-1.,-0.,-0.));
#2918 = ORIENTED_EDGE('',*,*,#2919,.F.);
#2919 = EDGE_CURVE('',#2920,#2912,#2922,.T.);
#2920 = VERTEX_POINT('',#2921);
#2921 = CARTESIAN_POINT('',(-19.,-10.5,2.8));
#2922 = LINE('',#2923,#2924);
#2923 = CARTESIAN_POINT('',(-19.,-10.5,2.8));
#2924 = VECTOR('',#2925,1.);
#2925 = DIRECTION('',(-0.,1.,-0.));
#2926 = ORIENTED_EDGE('',*,*,#2927,.F.);
#2927 = EDGE_CURVE('',#2131,#2920,#2928,.T.);
#2928 = LINE('',#2929,#2930);
#2929 = CARTESIAN_POINT('',(-18.,-10.5,2.8));
#2930 = VECTOR('',#2931,1.);
#2931 = DIRECTION('',(-1.,-0.,-0.));
#2932 = PLANE('',#2933);
#2933 = AXIS2_PLACEMENT_3D('',#2934,#2935,#2936);
#2934 = CARTESIAN_POINT('',(-17.,-10.8,2.8));
#2935 = DIRECTION('',(-0.,-0.,1.));
#2936 = DIRECTION('',(1.,0.,0.));
#2937 = ADVANCED_FACE('',(#2938),#2967,.T.);
#2938 = FACE_BOUND('',#2939,.F.);
#2939 = EDGE_LOOP('',(#2940,#2941,#2942,#2943,#2944,#2945,#2953,#2961));
#2940 = ORIENTED_EDGE('',*,*,#2575,.T.);
#2941 = ORIENTED_EDGE('',*,*,#1152,.T.);
#2942 = ORIENTED_EDGE('',*,*,#1167,.T.);
#2943 = ORIENTED_EDGE('',*,*,#1191,.F.);
#2944 = ORIENTED_EDGE('',*,*,#2586,.T.);
#2945 = ORIENTED_EDGE('',*,*,#2946,.T.);
#2946 = EDGE_CURVE('',#2587,#2947,#2949,.T.);
#2947 = VERTEX_POINT('',#2948);
#2948 = CARTESIAN_POINT('',(-19.,10.5,2.8));
#2949 = LINE('',#2950,#2951);
#2950 = CARTESIAN_POINT('',(-18.,10.5,2.8));
#2951 = VECTOR('',#2952,1.);
#2952 = DIRECTION('',(-1.,-0.,-0.));
#2953 = ORIENTED_EDGE('',*,*,#2954,.F.);
#2954 = EDGE_CURVE('',#2955,#2947,#2957,.T.);
#2955 = VERTEX_POINT('',#2956);
#2956 = CARTESIAN_POINT('',(-19.,5.5,2.8));
#2957 = LINE('',#2958,#2959);
#2958 = CARTESIAN_POINT('',(-19.,5.5,2.8));
#2959 = VECTOR('',#2960,1.);
#2960 = DIRECTION('',(-0.,1.,-0.));
#2961 = ORIENTED_EDGE('',*,*,#2962,.F.);
#2962 = EDGE_CURVE('',#2576,#2955,#2963,.T.);
#2963 = LINE('',#2964,#2965);
#2964 = CARTESIAN_POINT('',(-18.,5.5,2.8));
#2965 = VECTOR('',#2966,1.);
#2966 = DIRECTION('',(-1.,-0.,-0.));
#2967 = PLANE('',#2968);
#2968 = AXIS2_PLACEMENT_3D('',#2969,#2970,#2971);
#2969 = CARTESIAN_POINT('',(-17.,5.2,2.8));
#2970 = DIRECTION('',(-0.,-0.,1.));
#2971 = DIRECTION('',(1.,0.,0.));
#2972 = ADVANCED_FACE('',(#2973),#3002,.T.);
#2973 = FACE_BOUND('',#2974,.T.);
#2974 = EDGE_LOOP('',(#2975,#2976,#2977,#2978,#2979,#2980,#2988,#2996));
#2975 = ORIENTED_EDGE('',*,*,#2292,.F.);
#2976 = ORIENTED_EDGE('',*,*,#1431,.T.);
#2977 = ORIENTED_EDGE('',*,*,#1414,.T.);
#2978 = ORIENTED_EDGE('',*,*,#1392,.F.);
#2979 = ORIENTED_EDGE('',*,*,#2324,.F.);
#2980 = ORIENTED_EDGE('',*,*,#2981,.T.);
#2981 = EDGE_CURVE('',#2317,#2982,#2984,.T.);
#2982 = VERTEX_POINT('',#2983);
#2983 = CARTESIAN_POINT('',(19.,10.5,2.8));
#2984 = LINE('',#2985,#2986);
#2985 = CARTESIAN_POINT('',(18.,10.5,2.8));
#2986 = VECTOR('',#2987,1.);
#2987 = DIRECTION('',(1.,0.,-0.));
#2988 = ORIENTED_EDGE('',*,*,#2989,.F.);
#2989 = EDGE_CURVE('',#2990,#2982,#2992,.T.);
#2990 = VERTEX_POINT('',#2991);
#2991 = CARTESIAN_POINT('',(19.,5.5,2.8));
#2992 = LINE('',#2993,#2994);
#2993 = CARTESIAN_POINT('',(19.,5.5,2.8));
#2994 = VECTOR('',#2995,1.);
#2995 = DIRECTION('',(-0.,1.,0.));
#2996 = ORIENTED_EDGE('',*,*,#2997,.F.);
#2997 = EDGE_CURVE('',#2293,#2990,#2998,.T.);
#2998 = LINE('',#2999,#3000);
#2999 = CARTESIAN_POINT('',(18.,5.5,2.8));
#3000 = VECTOR('',#3001,1.);
#3001 = DIRECTION('',(1.,0.,-0.));
#3002 = PLANE('',#3003);
#3003 = AXIS2_PLACEMENT_3D('',#3004,#3005,#3006);
#3004 = CARTESIAN_POINT('',(17.,5.2,2.8));
#3005 = DIRECTION('',(0.,0.,1.));
#3006 = DIRECTION('',(1.,0.,-0.));
#3007 = ADVANCED_FACE('',(#3008),#3037,.T.);
#3008 = FACE_BOUND('',#3009,.T.);
#3009 = EDGE_LOOP('',(#3010,#3011,#3012,#3013,#3014,#3015,#3023,#3031));
#3010 = ORIENTED_EDGE('',*,*,#1847,.F.);
#3011 = ORIENTED_EDGE('',*,*,#1573,.T.);
#3012 = ORIENTED_EDGE('',*,*,#1556,.T.);
#3013 = ORIENTED_EDGE('',*,*,#1534,.F.);
#3014 = ORIENTED_EDGE('',*,*,#1879,.F.);
#3015 = ORIENTED_EDGE('',*,*,#3016,.T.);
#3016 = EDGE_CURVE('',#1872,#3017,#3019,.T.);
#3017 = VERTEX_POINT('',#3018);
#3018 = CARTESIAN_POINT('',(19.,-5.5,2.8));
#3019 = LINE('',#3020,#3021);
#3020 = CARTESIAN_POINT('',(18.,-5.5,2.8));
#3021 = VECTOR('',#3022,1.);
#3022 = DIRECTION('',(1.,0.,-0.));
#3023 = ORIENTED_EDGE('',*,*,#3024,.F.);
#3024 = EDGE_CURVE('',#3025,#3017,#3027,.T.);
#3025 = VERTEX_POINT('',#3026);
#3026 = CARTESIAN_POINT('',(19.,-10.5,2.8));
#3027 = LINE('',#3028,#3029);
#3028 = CARTESIAN_POINT('',(19.,-10.5,2.8));
#3029 = VECTOR('',#3030,1.);
#3030 = DIRECTION('',(-0.,1.,0.));
#3031 = ORIENTED_EDGE('',*,*,#3032,.F.);
#3032 = EDGE_CURVE('',#1848,#3025,#3033,.T.);
#3033 = LINE('',#3034,#3035);
#3034 = CARTESIAN_POINT('',(18.,-10.5,2.8));
#3035 = VECTOR('',#3036,1.);
#3036 = DIRECTION('',(1.,0.,-0.));
#3037 = PLANE('',#3038);
#3038 = AXIS2_PLACEMENT_3D('',#3039,#3040,#3041);
#3039 = CARTESIAN_POINT('',(17.,-10.8,2.8));
#3040 = DIRECTION('',(0.,0.,1.));
#3041 = DIRECTION('',(1.,0.,-0.));
#3042 = ADVANCED_FACE('',(#3043,#3046),#3057,.F.);
#3043 = FACE_BOUND('',#3044,.F.);
#3044 = EDGE_LOOP('',(#3045));
#3045 = ORIENTED_EDGE('',*,*,#1813,.T.);
#3046 = FACE_BOUND('',#3047,.F.);
#3047 = EDGE_LOOP('',(#3048));
#3048 = ORIENTED_EDGE('',*,*,#3049,.F.);
#3049 = EDGE_CURVE('',#3050,#3050,#3052,.T.);
#3050 = VERTEX_POINT('',#3051);
#3051 = CARTESIAN_POINT('',(12.15,-19.5,1.3));
#3052 = CIRCLE('',#3053,1.15);
#3053 = AXIS2_PLACEMENT_3D('',#3054,#3055,#3056);
#3054 = CARTESIAN_POINT('',(11.,-19.5,1.3));
#3055 = DIRECTION('',(0.,0.,1.));
#3056 = DIRECTION('',(1.,0.,-0.));
#3057 = PLANE('',#3058);
#3058 = AXIS2_PLACEMENT_3D('',#3059,#3060,#3061);
#3059 = CARTESIAN_POINT('',(11.,-19.5,1.3));
#3060 = DIRECTION('',(0.,0.,1.));
#3061 = DIRECTION('',(1.,0.,-0.));
#3062 = ADVANCED_FACE('',(#3063),#3105,.T.);
#3063 = FACE_BOUND('',#3064,.T.);
#3064 = EDGE_LOOP('',(#3065,#3073,#3081,#3089,#3097,#3103,#3104));
#3065 = ORIENTED_EDGE('',*,*,#3066,.T.);
#3066 = EDGE_CURVE('',#3025,#3067,#3069,.T.);
#3067 = VERTEX_POINT('',#3068);
#3068 = CARTESIAN_POINT('',(19.,-10.5,10.9));
#3069 = LINE('',#3070,#3071);
#3070 = CARTESIAN_POINT('',(19.,-10.5,2.8));
#3071 = VECTOR('',#3072,1.);
#3072 = DIRECTION('',(0.,0.,1.));
#3073 = ORIENTED_EDGE('',*,*,#3074,.T.);
#3074 = EDGE_CURVE('',#3067,#3075,#3077,.T.);
#3075 = VERTEX_POINT('',#3076);
#3076 = CARTESIAN_POINT('',(19.5,-10.5,10.9));
#3077 = LINE('',#3078,#3079);
#3078 = CARTESIAN_POINT('',(18.9,-10.5,10.9));
#3079 = VECTOR('',#3080,1.);
#3080 = DIRECTION('',(1.,0.,0.));
#3081 = ORIENTED_EDGE('',*,*,#3082,.T.);
#3082 = EDGE_CURVE('',#3075,#3083,#3085,.T.);
#3083 = VERTEX_POINT('',#3084);
#3084 = CARTESIAN_POINT('',(19.,-10.5,12.066666666667));
#3085 = LINE('',#3086,#3087);
#3086 = CARTESIAN_POINT('',(19.5,-10.5,10.9));
#3087 = VECTOR('',#3088,1.);
#3088 = DIRECTION('',(-0.393919298579,0.,0.919145030018));
#3089 = ORIENTED_EDGE('',*,*,#3090,.T.);
#3090 = EDGE_CURVE('',#3083,#3091,#3093,.T.);
#3091 = VERTEX_POINT('',#3092);
#3092 = CARTESIAN_POINT('',(19.,-10.5,12.3));
#3093 = LINE('',#3094,#3095);
#3094 = CARTESIAN_POINT('',(19.,-10.5,2.8));
#3095 = VECTOR('',#3096,1.);
#3096 = DIRECTION('',(0.,0.,1.));
#3097 = ORIENTED_EDGE('',*,*,#3098,.F.);
#3098 = EDGE_CURVE('',#1856,#3091,#3099,.T.);
#3099 = LINE('',#3100,#3101);
#3100 = CARTESIAN_POINT('',(18.,-10.5,12.3));
#3101 = VECTOR('',#3102,1.);
#3102 = DIRECTION('',(1.,0.,-0.));
#3103 = ORIENTED_EDGE('',*,*,#1855,.F.);
#3104 = ORIENTED_EDGE('',*,*,#3032,.T.);
#3105 = PLANE('',#3106);
#3106 = AXIS2_PLACEMENT_3D('',#3107,#3108,#3109);
#3107 = CARTESIAN_POINT('',(18.534423509751,-10.5,7.646223172413));
#3108 = DIRECTION('',(-0.,-1.,-0.));
#3109 = DIRECTION('',(0.,0.,-1.));
#3110 = ADVANCED_FACE('',(#3111),#3129,.T.);
#3111 = FACE_BOUND('',#3112,.T.);
#3112 = EDGE_LOOP('',(#3113,#3114,#3115,#3123));
#3113 = ORIENTED_EDGE('',*,*,#1863,.F.);
#3114 = ORIENTED_EDGE('',*,*,#3098,.T.);
#3115 = ORIENTED_EDGE('',*,*,#3116,.T.);
#3116 = EDGE_CURVE('',#3091,#3117,#3119,.T.);
#3117 = VERTEX_POINT('',#3118);
#3118 = CARTESIAN_POINT('',(19.,-5.5,12.3));
#3119 = LINE('',#3120,#3121);
#3120 = CARTESIAN_POINT('',(19.,-10.5,12.3));
#3121 = VECTOR('',#3122,1.);
#3122 = DIRECTION('',(-0.,1.,0.));
#3123 = ORIENTED_EDGE('',*,*,#3124,.F.);
#3124 = EDGE_CURVE('',#1864,#3117,#3125,.T.);
#3125 = LINE('',#3126,#3127);
#3126 = CARTESIAN_POINT('',(18.,-5.5,12.3));
#3127 = VECTOR('',#3128,1.);
#3128 = DIRECTION('',(1.,0.,-0.));
#3129 = PLANE('',#3130);
#3130 = AXIS2_PLACEMENT_3D('',#3131,#3132,#3133);
#3131 = CARTESIAN_POINT('',(18.,-10.5,12.3));
#3132 = DIRECTION('',(0.,0.,1.));
#3133 = DIRECTION('',(1.,0.,-0.));
#3134 = ADVANCED_FACE('',(#3135),#3170,.T.);
#3135 = FACE_BOUND('',#3136,.T.);
#3136 = EDGE_LOOP('',(#3137,#3145,#3146,#3147,#3148,#3156,#3164));
#3137 = ORIENTED_EDGE('',*,*,#3138,.F.);
#3138 = EDGE_CURVE('',#3017,#3139,#3141,.T.);
#3139 = VERTEX_POINT('',#3140);
#3140 = CARTESIAN_POINT('',(19.,-5.5,10.9));
#3141 = LINE('',#3142,#3143);
#3142 = CARTESIAN_POINT('',(19.,-5.5,2.8));
#3143 = VECTOR('',#3144,1.);
#3144 = DIRECTION('',(0.,0.,1.));
#3145 = ORIENTED_EDGE('',*,*,#3016,.F.);
#3146 = ORIENTED_EDGE('',*,*,#1871,.T.);
#3147 = ORIENTED_EDGE('',*,*,#3124,.T.);
#3148 = ORIENTED_EDGE('',*,*,#3149,.F.);
#3149 = EDGE_CURVE('',#3150,#3117,#3152,.T.);
#3150 = VERTEX_POINT('',#3151);
#3151 = CARTESIAN_POINT('',(19.,-5.5,12.066666666667));
#3152 = LINE('',#3153,#3154);
#3153 = CARTESIAN_POINT('',(19.,-5.5,2.8));
#3154 = VECTOR('',#3155,1.);
#3155 = DIRECTION('',(0.,0.,1.));
#3156 = ORIENTED_EDGE('',*,*,#3157,.F.);
#3157 = EDGE_CURVE('',#3158,#3150,#3160,.T.);
#3158 = VERTEX_POINT('',#3159);
#3159 = CARTESIAN_POINT('',(19.5,-5.5,10.9));
#3160 = LINE('',#3161,#3162);
#3161 = CARTESIAN_POINT('',(19.5,-5.5,10.9));
#3162 = VECTOR('',#3163,1.);
#3163 = DIRECTION('',(-0.393919298579,0.,0.919145030018));
#3164 = ORIENTED_EDGE('',*,*,#3165,.F.);
#3165 = EDGE_CURVE('',#3139,#3158,#3166,.T.);
#3166 = LINE('',#3167,#3168);
#3167 = CARTESIAN_POINT('',(18.9,-5.5,10.9));
#3168 = VECTOR('',#3169,1.);
#3169 = DIRECTION('',(1.,0.,0.));
#3170 = PLANE('',#3171);
#3171 = AXIS2_PLACEMENT_3D('',#3172,#3173,#3174);
#3172 = CARTESIAN_POINT('',(18.534423509751,-5.5,7.646223172413));
#3173 = DIRECTION('',(0.,1.,0.));
#3174 = DIRECTION('',(0.,-0.,1.));
#3175 = ADVANCED_FACE('',(#3176,#3179),#3190,.F.);
#3176 = FACE_BOUND('',#3177,.F.);
#3177 = EDGE_LOOP('',(#3178));
#3178 = ORIENTED_EDGE('',*,*,#1904,.T.);
#3179 = FACE_BOUND('',#3180,.F.);
#3180 = EDGE_LOOP('',(#3181));
#3181 = ORIENTED_EDGE('',*,*,#3182,.F.);
#3182 = EDGE_CURVE('',#3183,#3183,#3185,.T.);
#3183 = VERTEX_POINT('',#3184);
#3184 = CARTESIAN_POINT('',(-9.85,-19.5,1.3));
#3185 = CIRCLE('',#3186,1.15);
#3186 = AXIS2_PLACEMENT_3D('',#3187,#3188,#3189);
#3187 = CARTESIAN_POINT('',(-11.,-19.5,1.3));
#3188 = DIRECTION('',(0.,0.,1.));
#3189 = DIRECTION('',(1.,0.,-0.));
#3190 = PLANE('',#3191);
#3191 = AXIS2_PLACEMENT_3D('',#3192,#3193,#3194);
#3192 = CARTESIAN_POINT('',(-11.,-19.5,1.3));
#3193 = DIRECTION('',(0.,0.,1.));
#3194 = DIRECTION('',(1.,0.,-0.));
#3195 = ADVANCED_FACE('',(#3196,#3257,#3268,#3279,#3285,#3291,#3297,
    #3308,#3314,#3320,#3326),#3337,.F.);
#3196 = FACE_BOUND('',#3197,.F.);
#3197 = EDGE_LOOP('',(#3198,#3207,#3215,#3224,#3232,#3241,#3249,#3256));
#3198 = ORIENTED_EDGE('',*,*,#3199,.F.);
#3199 = EDGE_CURVE('',#3200,#2763,#3202,.T.);
#3200 = VERTEX_POINT('',#3201);
#3201 = CARTESIAN_POINT('',(-14.96,-19.,2.8));
#3202 = CIRCLE('',#3203,3.5);
#3203 = AXIS2_PLACEMENT_3D('',#3204,#3205,#3206);
#3204 = CARTESIAN_POINT('',(-11.46,-19.,2.8));
#3205 = DIRECTION('',(0.,0.,1.));
#3206 = DIRECTION('',(1.,0.,-0.));
#3207 = ORIENTED_EDGE('',*,*,#3208,.T.);
#3208 = EDGE_CURVE('',#3200,#3209,#3211,.T.);
#3209 = VERTEX_POINT('',#3210);
#3210 = CARTESIAN_POINT('',(-14.96,19.,2.8));
#3211 = LINE('',#3212,#3213);
#3212 = CARTESIAN_POINT('',(-14.96,-19.,2.8));
#3213 = VECTOR('',#3214,1.);
#3214 = DIRECTION('',(-0.,1.,0.));
#3215 = ORIENTED_EDGE('',*,*,#3216,.F.);
#3216 = EDGE_CURVE('',#3217,#3209,#3219,.T.);
#3217 = VERTEX_POINT('',#3218);
#3218 = CARTESIAN_POINT('',(-11.46,22.5,2.8));
#3219 = CIRCLE('',#3220,3.5);
#3220 = AXIS2_PLACEMENT_3D('',#3221,#3222,#3223);
#3221 = CARTESIAN_POINT('',(-11.46,19.,2.8));
#3222 = DIRECTION('',(0.,0.,1.));
#3223 = DIRECTION('',(1.,0.,-0.));
#3224 = ORIENTED_EDGE('',*,*,#3225,.T.);
#3225 = EDGE_CURVE('',#3217,#3226,#3228,.T.);
#3226 = VERTEX_POINT('',#3227);
#3227 = CARTESIAN_POINT('',(11.46,22.5,2.8));
#3228 = LINE('',#3229,#3230);
#3229 = CARTESIAN_POINT('',(-11.46,22.5,2.8));
#3230 = VECTOR('',#3231,1.);
#3231 = DIRECTION('',(1.,0.,-0.));
#3232 = ORIENTED_EDGE('',*,*,#3233,.F.);
#3233 = EDGE_CURVE('',#3234,#3226,#3236,.T.);
#3234 = VERTEX_POINT('',#3235);
#3235 = CARTESIAN_POINT('',(14.96,19.,2.8));
#3236 = CIRCLE('',#3237,3.5);
#3237 = AXIS2_PLACEMENT_3D('',#3238,#3239,#3240);
#3238 = CARTESIAN_POINT('',(11.46,19.,2.8));
#3239 = DIRECTION('',(0.,0.,1.));
#3240 = DIRECTION('',(1.,0.,-0.));
#3241 = ORIENTED_EDGE('',*,*,#3242,.F.);
#3242 = EDGE_CURVE('',#3243,#3234,#3245,.T.);
#3243 = VERTEX_POINT('',#3244);
#3244 = CARTESIAN_POINT('',(14.96,-19.,2.8));
#3245 = LINE('',#3246,#3247);
#3246 = CARTESIAN_POINT('',(14.96,-19.,2.8));
#3247 = VECTOR('',#3248,1.);
#3248 = DIRECTION('',(-0.,1.,0.));
#3249 = ORIENTED_EDGE('',*,*,#3250,.F.);
#3250 = EDGE_CURVE('',#2765,#3243,#3251,.T.);
#3251 = CIRCLE('',#3252,3.5);
#3252 = AXIS2_PLACEMENT_3D('',#3253,#3254,#3255);
#3253 = CARTESIAN_POINT('',(11.46,-19.,2.8));
#3254 = DIRECTION('',(0.,0.,1.));
#3255 = DIRECTION('',(1.,0.,-0.));
#3256 = ORIENTED_EDGE('',*,*,#2762,.F.);
#3257 = FACE_BOUND('',#3258,.F.);
#3258 = EDGE_LOOP('',(#3259));
#3259 = ORIENTED_EDGE('',*,*,#3260,.T.);
#3260 = EDGE_CURVE('',#3261,#3261,#3263,.T.);
#3261 = VERTEX_POINT('',#3262);
#3262 = CARTESIAN_POINT('',(13.5,-19.5,2.8));
#3263 = CIRCLE('',#3264,2.5);
#3264 = AXIS2_PLACEMENT_3D('',#3265,#3266,#3267);
#3265 = CARTESIAN_POINT('',(11.,-19.5,2.8));
#3266 = DIRECTION('',(0.,0.,1.));
#3267 = DIRECTION('',(1.,0.,-0.));
#3268 = FACE_BOUND('',#3269,.F.);
#3269 = EDGE_LOOP('',(#3270));
#3270 = ORIENTED_EDGE('',*,*,#3271,.T.);
#3271 = EDGE_CURVE('',#3272,#3272,#3274,.T.);
#3272 = VERTEX_POINT('',#3273);
#3273 = CARTESIAN_POINT('',(-8.5,-19.5,2.8));
#3274 = CIRCLE('',#3275,2.5);
#3275 = AXIS2_PLACEMENT_3D('',#3276,#3277,#3278);
#3276 = CARTESIAN_POINT('',(-11.,-19.5,2.8));
#3277 = DIRECTION('',(0.,0.,1.));
#3278 = DIRECTION('',(1.,0.,-0.));
#3279 = FACE_BOUND('',#3280,.F.);
#3280 = EDGE_LOOP('',(#3281,#3282,#3283,#3284));
#3281 = ORIENTED_EDGE('',*,*,#1938,.F.);
#3282 = ORIENTED_EDGE('',*,*,#1962,.T.);
#3283 = ORIENTED_EDGE('',*,*,#2003,.T.);
#3284 = ORIENTED_EDGE('',*,*,#1986,.F.);
#3285 = FACE_BOUND('',#3286,.F.);
#3286 = EDGE_LOOP('',(#3287,#3288,#3289,#3290));
#3287 = ORIENTED_EDGE('',*,*,#2034,.F.);
#3288 = ORIENTED_EDGE('',*,*,#2058,.T.);
#3289 = ORIENTED_EDGE('',*,*,#2099,.T.);
#3290 = ORIENTED_EDGE('',*,*,#2082,.F.);
#3291 = FACE_BOUND('',#3292,.F.);
#3292 = EDGE_LOOP('',(#3293,#3294,#3295,#3296));
#3293 = ORIENTED_EDGE('',*,*,#2196,.F.);
#3294 = ORIENTED_EDGE('',*,*,#2261,.T.);
#3295 = ORIENTED_EDGE('',*,*,#2244,.T.);
#3296 = ORIENTED_EDGE('',*,*,#2220,.F.);
#3297 = FACE_BOUND('',#3298,.F.);
#3298 = EDGE_LOOP('',(#3299));
#3299 = ORIENTED_EDGE('',*,*,#3300,.T.);
#3300 = EDGE_CURVE('',#3301,#3301,#3303,.T.);
#3301 = VERTEX_POINT('',#3302);
#3302 = CARTESIAN_POINT('',(13.5,19.5,2.8));
#3303 = CIRCLE('',#3304,2.5);
#3304 = AXIS2_PLACEMENT_3D('',#3305,#3306,#3307);
#3305 = CARTESIAN_POINT('',(11.,19.5,2.8));
#3306 = DIRECTION('',(0.,0.,1.));
#3307 = DIRECTION('',(1.,0.,-0.));
#3308 = FACE_BOUND('',#3309,.F.);
#3309 = EDGE_LOOP('',(#3310,#3311,#3312,#3313));
#3310 = ORIENTED_EDGE('',*,*,#2383,.F.);
#3311 = ORIENTED_EDGE('',*,*,#2407,.T.);
#3312 = ORIENTED_EDGE('',*,*,#2448,.T.);
#3313 = ORIENTED_EDGE('',*,*,#2431,.F.);
#3314 = FACE_BOUND('',#3315,.F.);
#3315 = EDGE_LOOP('',(#3316,#3317,#3318,#3319));
#3316 = ORIENTED_EDGE('',*,*,#2479,.F.);
#3317 = ORIENTED_EDGE('',*,*,#2503,.T.);
#3318 = ORIENTED_EDGE('',*,*,#2544,.T.);
#3319 = ORIENTED_EDGE('',*,*,#2527,.F.);
#3320 = FACE_BOUND('',#3321,.F.);
#3321 = EDGE_LOOP('',(#3322,#3323,#3324,#3325));
#3322 = ORIENTED_EDGE('',*,*,#2641,.F.);
#3323 = ORIENTED_EDGE('',*,*,#2665,.T.);
#3324 = ORIENTED_EDGE('',*,*,#2706,.T.);
#3325 = ORIENTED_EDGE('',*,*,#2689,.F.);
#3326 = FACE_BOUND('',#3327,.F.);
#3327 = EDGE_LOOP('',(#3328));
#3328 = ORIENTED_EDGE('',*,*,#3329,.T.);
#3329 = EDGE_CURVE('',#3330,#3330,#3332,.T.);
#3330 = VERTEX_POINT('',#3331);
#3331 = CARTESIAN_POINT('',(-8.5,19.5,2.8));
#3332 = CIRCLE('',#3333,2.5);
#3333 = AXIS2_PLACEMENT_3D('',#3334,#3335,#3336);
#3334 = CARTESIAN_POINT('',(-11.,19.5,2.8));
#3335 = DIRECTION('',(0.,0.,1.));
#3336 = DIRECTION('',(1.,0.,-0.));
#3337 = PLANE('',#3338);
#3338 = AXIS2_PLACEMENT_3D('',#3339,#3340,#3341);
#3339 = CARTESIAN_POINT('',(1.979492346626E-16,0.,2.8));
#3340 = DIRECTION('',(-0.,-0.,-1.));
#3341 = DIRECTION('',(-1.,0.,0.));
#3342 = ADVANCED_FACE('',(#3343),#3385,.T.);
#3343 = FACE_BOUND('',#3344,.T.);
#3344 = EDGE_LOOP('',(#3345,#3353,#3361,#3369,#3377,#3383,#3384));
#3345 = ORIENTED_EDGE('',*,*,#3346,.T.);
#3346 = EDGE_CURVE('',#2912,#3347,#3349,.T.);
#3347 = VERTEX_POINT('',#3348);
#3348 = CARTESIAN_POINT('',(-19.,-5.5,10.9));
#3349 = LINE('',#3350,#3351);
#3350 = CARTESIAN_POINT('',(-19.,-5.5,2.8));
#3351 = VECTOR('',#3352,1.);
#3352 = DIRECTION('',(-0.,-0.,1.));
#3353 = ORIENTED_EDGE('',*,*,#3354,.T.);
#3354 = EDGE_CURVE('',#3347,#3355,#3357,.T.);
#3355 = VERTEX_POINT('',#3356);
#3356 = CARTESIAN_POINT('',(-19.5,-5.5,10.9));
#3357 = LINE('',#3358,#3359);
#3358 = CARTESIAN_POINT('',(-18.9,-5.5,10.9));
#3359 = VECTOR('',#3360,1.);
#3360 = DIRECTION('',(-1.,-0.,-0.));
#3361 = ORIENTED_EDGE('',*,*,#3362,.T.);
#3362 = EDGE_CURVE('',#3355,#3363,#3365,.T.);
#3363 = VERTEX_POINT('',#3364);
#3364 = CARTESIAN_POINT('',(-19.,-5.5,12.066666666667));
#3365 = LINE('',#3366,#3367);
#3366 = CARTESIAN_POINT('',(-19.5,-5.5,10.9));
#3367 = VECTOR('',#3368,1.);
#3368 = DIRECTION('',(0.393919298579,-0.,0.919145030018));
#3369 = ORIENTED_EDGE('',*,*,#3370,.T.);
#3370 = EDGE_CURVE('',#3363,#3371,#3373,.T.);
#3371 = VERTEX_POINT('',#3372);
#3372 = CARTESIAN_POINT('',(-19.,-5.5,12.3));
#3373 = LINE('',#3374,#3375);
#3374 = CARTESIAN_POINT('',(-19.,-5.5,2.8));
#3375 = VECTOR('',#3376,1.);
#3376 = DIRECTION('',(-0.,-0.,1.));
#3377 = ORIENTED_EDGE('',*,*,#3378,.F.);
#3378 = EDGE_CURVE('',#2150,#3371,#3379,.T.);
#3379 = LINE('',#3380,#3381);
#3380 = CARTESIAN_POINT('',(-18.,-5.5,12.3));
#3381 = VECTOR('',#3382,1.);
#3382 = DIRECTION('',(-1.,-0.,-0.));
#3383 = ORIENTED_EDGE('',*,*,#2149,.F.);
#3384 = ORIENTED_EDGE('',*,*,#2911,.T.);
#3385 = PLANE('',#3386);
#3386 = AXIS2_PLACEMENT_3D('',#3387,#3388,#3389);
#3387 = CARTESIAN_POINT('',(-18.53442350975,-5.5,7.646223172413));
#3388 = DIRECTION('',(0.,1.,0.));
#3389 = DIRECTION('',(0.,-0.,1.));
#3390 = ADVANCED_FACE('',(#3391),#3409,.T.);
#3391 = FACE_BOUND('',#3392,.T.);
#3392 = EDGE_LOOP('',(#3393,#3394,#3402,#3408));
#3393 = ORIENTED_EDGE('',*,*,#3378,.T.);
#3394 = ORIENTED_EDGE('',*,*,#3395,.F.);
#3395 = EDGE_CURVE('',#3396,#3371,#3398,.T.);
#3396 = VERTEX_POINT('',#3397);
#3397 = CARTESIAN_POINT('',(-19.,-10.5,12.3));
#3398 = LINE('',#3399,#3400);
#3399 = CARTESIAN_POINT('',(-19.,-10.5,12.3));
#3400 = VECTOR('',#3401,1.);
#3401 = DIRECTION('',(-0.,1.,-0.));
#3402 = ORIENTED_EDGE('',*,*,#3403,.F.);
#3403 = EDGE_CURVE('',#2158,#3396,#3404,.T.);
#3404 = LINE('',#3405,#3406);
#3405 = CARTESIAN_POINT('',(-18.,-10.5,12.3));
#3406 = VECTOR('',#3407,1.);
#3407 = DIRECTION('',(-1.,-0.,-0.));
#3408 = ORIENTED_EDGE('',*,*,#2157,.T.);
#3409 = PLANE('',#3410);
#3410 = AXIS2_PLACEMENT_3D('',#3411,#3412,#3413);
#3411 = CARTESIAN_POINT('',(-18.5,-8.,12.3));
#3412 = DIRECTION('',(0.,0.,1.));
#3413 = DIRECTION('',(1.,0.,-0.));
#3414 = ADVANCED_FACE('',(#3415),#3450,.T.);
#3415 = FACE_BOUND('',#3416,.T.);
#3416 = EDGE_LOOP('',(#3417,#3425,#3426,#3427,#3428,#3436,#3444));
#3417 = ORIENTED_EDGE('',*,*,#3418,.F.);
#3418 = EDGE_CURVE('',#2920,#3419,#3421,.T.);
#3419 = VERTEX_POINT('',#3420);
#3420 = CARTESIAN_POINT('',(-19.,-10.5,10.9));
#3421 = LINE('',#3422,#3423);
#3422 = CARTESIAN_POINT('',(-19.,-10.5,2.8));
#3423 = VECTOR('',#3424,1.);
#3424 = DIRECTION('',(-0.,-0.,1.));
#3425 = ORIENTED_EDGE('',*,*,#2927,.F.);
#3426 = ORIENTED_EDGE('',*,*,#2165,.T.);
#3427 = ORIENTED_EDGE('',*,*,#3403,.T.);
#3428 = ORIENTED_EDGE('',*,*,#3429,.F.);
#3429 = EDGE_CURVE('',#3430,#3396,#3432,.T.);
#3430 = VERTEX_POINT('',#3431);
#3431 = CARTESIAN_POINT('',(-19.,-10.5,12.066666666667));
#3432 = LINE('',#3433,#3434);
#3433 = CARTESIAN_POINT('',(-19.,-10.5,2.8));
#3434 = VECTOR('',#3435,1.);
#3435 = DIRECTION('',(-0.,-0.,1.));
#3436 = ORIENTED_EDGE('',*,*,#3437,.F.);
#3437 = EDGE_CURVE('',#3438,#3430,#3440,.T.);
#3438 = VERTEX_POINT('',#3439);
#3439 = CARTESIAN_POINT('',(-19.5,-10.5,10.9));
#3440 = LINE('',#3441,#3442);
#3441 = CARTESIAN_POINT('',(-19.5,-10.5,10.9));
#3442 = VECTOR('',#3443,1.);
#3443 = DIRECTION('',(0.393919298579,-0.,0.919145030018));
#3444 = ORIENTED_EDGE('',*,*,#3445,.F.);
#3445 = EDGE_CURVE('',#3419,#3438,#3446,.T.);
#3446 = LINE('',#3447,#3448);
#3447 = CARTESIAN_POINT('',(-18.9,-10.5,10.9));
#3448 = VECTOR('',#3449,1.);
#3449 = DIRECTION('',(-1.,-0.,-0.));
#3450 = PLANE('',#3451);
#3451 = AXIS2_PLACEMENT_3D('',#3452,#3453,#3454);
#3452 = CARTESIAN_POINT('',(-18.53442350975,-10.5,7.646223172413));
#3453 = DIRECTION('',(-0.,-1.,-0.));
#3454 = DIRECTION('',(0.,0.,-1.));
#3455 = ADVANCED_FACE('',(#3456),#3498,.T.);
#3456 = FACE_BOUND('',#3457,.T.);
#3457 = EDGE_LOOP('',(#3458,#3466,#3474,#3482,#3490,#3496,#3497));
#3458 = ORIENTED_EDGE('',*,*,#3459,.T.);
#3459 = EDGE_CURVE('',#2990,#3460,#3462,.T.);
#3460 = VERTEX_POINT('',#3461);
#3461 = CARTESIAN_POINT('',(19.,5.5,10.9));
#3462 = LINE('',#3463,#3464);
#3463 = CARTESIAN_POINT('',(19.,5.5,2.8));
#3464 = VECTOR('',#3465,1.);
#3465 = DIRECTION('',(0.,0.,1.));
#3466 = ORIENTED_EDGE('',*,*,#3467,.T.);
#3467 = EDGE_CURVE('',#3460,#3468,#3470,.T.);
#3468 = VERTEX_POINT('',#3469);
#3469 = CARTESIAN_POINT('',(19.5,5.5,10.9));
#3470 = LINE('',#3471,#3472);
#3471 = CARTESIAN_POINT('',(18.9,5.5,10.9));
#3472 = VECTOR('',#3473,1.);
#3473 = DIRECTION('',(1.,0.,0.));
#3474 = ORIENTED_EDGE('',*,*,#3475,.T.);
#3475 = EDGE_CURVE('',#3468,#3476,#3478,.T.);
#3476 = VERTEX_POINT('',#3477);
#3477 = CARTESIAN_POINT('',(19.,5.5,12.066666666667));
#3478 = LINE('',#3479,#3480);
#3479 = CARTESIAN_POINT('',(19.5,5.5,10.9));
#3480 = VECTOR('',#3481,1.);
#3481 = DIRECTION('',(-0.393919298579,0.,0.919145030018));
#3482 = ORIENTED_EDGE('',*,*,#3483,.T.);
#3483 = EDGE_CURVE('',#3476,#3484,#3486,.T.);
#3484 = VERTEX_POINT('',#3485);
#3485 = CARTESIAN_POINT('',(19.,5.5,12.3));
#3486 = LINE('',#3487,#3488);
#3487 = CARTESIAN_POINT('',(19.,5.5,2.8));
#3488 = VECTOR('',#3489,1.);
#3489 = DIRECTION('',(0.,0.,1.));
#3490 = ORIENTED_EDGE('',*,*,#3491,.F.);
#3491 = EDGE_CURVE('',#2301,#3484,#3492,.T.);
#3492 = LINE('',#3493,#3494);
#3493 = CARTESIAN_POINT('',(18.,5.5,12.3));
#3494 = VECTOR('',#3495,1.);
#3495 = DIRECTION('',(1.,0.,-0.));
#3496 = ORIENTED_EDGE('',*,*,#2300,.F.);
#3497 = ORIENTED_EDGE('',*,*,#2997,.T.);
#3498 = PLANE('',#3499);
#3499 = AXIS2_PLACEMENT_3D('',#3500,#3501,#3502);
#3500 = CARTESIAN_POINT('',(18.534423509751,5.5,7.646223172413));
#3501 = DIRECTION('',(-0.,-1.,-0.));
#3502 = DIRECTION('',(0.,0.,-1.));
#3503 = ADVANCED_FACE('',(#3504),#3522,.T.);
#3504 = FACE_BOUND('',#3505,.T.);
#3505 = EDGE_LOOP('',(#3506,#3507,#3508,#3516));
#3506 = ORIENTED_EDGE('',*,*,#2308,.F.);
#3507 = ORIENTED_EDGE('',*,*,#3491,.T.);
#3508 = ORIENTED_EDGE('',*,*,#3509,.T.);
#3509 = EDGE_CURVE('',#3484,#3510,#3512,.T.);
#3510 = VERTEX_POINT('',#3511);
#3511 = CARTESIAN_POINT('',(19.,10.5,12.3));
#3512 = LINE('',#3513,#3514);
#3513 = CARTESIAN_POINT('',(19.,5.5,12.3));
#3514 = VECTOR('',#3515,1.);
#3515 = DIRECTION('',(-0.,1.,0.));
#3516 = ORIENTED_EDGE('',*,*,#3517,.F.);
#3517 = EDGE_CURVE('',#2309,#3510,#3518,.T.);
#3518 = LINE('',#3519,#3520);
#3519 = CARTESIAN_POINT('',(18.,10.5,12.3));
#3520 = VECTOR('',#3521,1.);
#3521 = DIRECTION('',(1.,0.,-0.));
#3522 = PLANE('',#3523);
#3523 = AXIS2_PLACEMENT_3D('',#3524,#3525,#3526);
#3524 = CARTESIAN_POINT('',(18.,5.5,12.3));
#3525 = DIRECTION('',(0.,0.,1.));
#3526 = DIRECTION('',(1.,0.,-0.));
#3527 = ADVANCED_FACE('',(#3528),#3563,.T.);
#3528 = FACE_BOUND('',#3529,.T.);
#3529 = EDGE_LOOP('',(#3530,#3538,#3539,#3540,#3541,#3549,#3557));
#3530 = ORIENTED_EDGE('',*,*,#3531,.F.);
#3531 = EDGE_CURVE('',#2982,#3532,#3534,.T.);
#3532 = VERTEX_POINT('',#3533);
#3533 = CARTESIAN_POINT('',(19.,10.5,10.9));
#3534 = LINE('',#3535,#3536);
#3535 = CARTESIAN_POINT('',(19.,10.5,2.8));
#3536 = VECTOR('',#3537,1.);
#3537 = DIRECTION('',(0.,0.,1.));
#3538 = ORIENTED_EDGE('',*,*,#2981,.F.);
#3539 = ORIENTED_EDGE('',*,*,#2316,.T.);
#3540 = ORIENTED_EDGE('',*,*,#3517,.T.);
#3541 = ORIENTED_EDGE('',*,*,#3542,.F.);
#3542 = EDGE_CURVE('',#3543,#3510,#3545,.T.);
#3543 = VERTEX_POINT('',#3544);
#3544 = CARTESIAN_POINT('',(19.,10.5,12.066666666667));
#3545 = LINE('',#3546,#3547);
#3546 = CARTESIAN_POINT('',(19.,10.5,2.8));
#3547 = VECTOR('',#3548,1.);
#3548 = DIRECTION('',(0.,0.,1.));
#3549 = ORIENTED_EDGE('',*,*,#3550,.F.);
#3550 = EDGE_CURVE('',#3551,#3543,#3553,.T.);
#3551 = VERTEX_POINT('',#3552);
#3552 = CARTESIAN_POINT('',(19.5,10.5,10.9));
#3553 = LINE('',#3554,#3555);
#3554 = CARTESIAN_POINT('',(19.5,10.5,10.9));
#3555 = VECTOR('',#3556,1.);
#3556 = DIRECTION('',(-0.393919298579,0.,0.919145030018));
#3557 = ORIENTED_EDGE('',*,*,#3558,.F.);
#3558 = EDGE_CURVE('',#3532,#3551,#3559,.T.);
#3559 = LINE('',#3560,#3561);
#3560 = CARTESIAN_POINT('',(18.9,10.5,10.9));
#3561 = VECTOR('',#3562,1.);
#3562 = DIRECTION('',(1.,0.,0.));
#3563 = PLANE('',#3564);
#3564 = AXIS2_PLACEMENT_3D('',#3565,#3566,#3567);
#3565 = CARTESIAN_POINT('',(18.534423509751,10.5,7.646223172413));
#3566 = DIRECTION('',(0.,1.,0.));
#3567 = DIRECTION('',(0.,-0.,1.));
#3568 = ADVANCED_FACE('',(#3569,#3572),#3583,.F.);
#3569 = FACE_BOUND('',#3570,.F.);
#3570 = EDGE_LOOP('',(#3571));
#3571 = ORIENTED_EDGE('',*,*,#2349,.T.);
#3572 = FACE_BOUND('',#3573,.F.);
#3573 = EDGE_LOOP('',(#3574));
#3574 = ORIENTED_EDGE('',*,*,#3575,.F.);
#3575 = EDGE_CURVE('',#3576,#3576,#3578,.T.);
#3576 = VERTEX_POINT('',#3577);
#3577 = CARTESIAN_POINT('',(12.15,19.5,1.3));
#3578 = CIRCLE('',#3579,1.15);
#3579 = AXIS2_PLACEMENT_3D('',#3580,#3581,#3582);
#3580 = CARTESIAN_POINT('',(11.,19.5,1.3));
#3581 = DIRECTION('',(0.,0.,1.));
#3582 = DIRECTION('',(1.,0.,-0.));
#3583 = PLANE('',#3584);
#3584 = AXIS2_PLACEMENT_3D('',#3585,#3586,#3587);
#3585 = CARTESIAN_POINT('',(11.,19.5,1.3));
#3586 = DIRECTION('',(0.,0.,1.));
#3587 = DIRECTION('',(1.,0.,-0.));
#3588 = ADVANCED_FACE('',(#3589),#3631,.T.);
#3589 = FACE_BOUND('',#3590,.T.);
#3590 = EDGE_LOOP('',(#3591,#3599,#3607,#3615,#3623,#3629,#3630));
#3591 = ORIENTED_EDGE('',*,*,#3592,.T.);
#3592 = EDGE_CURVE('',#2947,#3593,#3595,.T.);
#3593 = VERTEX_POINT('',#3594);
#3594 = CARTESIAN_POINT('',(-19.,10.5,10.9));
#3595 = LINE('',#3596,#3597);
#3596 = CARTESIAN_POINT('',(-19.,10.5,2.8));
#3597 = VECTOR('',#3598,1.);
#3598 = DIRECTION('',(-0.,-0.,1.));
#3599 = ORIENTED_EDGE('',*,*,#3600,.T.);
#3600 = EDGE_CURVE('',#3593,#3601,#3603,.T.);
#3601 = VERTEX_POINT('',#3602);
#3602 = CARTESIAN_POINT('',(-19.5,10.5,10.9));
#3603 = LINE('',#3604,#3605);
#3604 = CARTESIAN_POINT('',(-18.9,10.5,10.9));
#3605 = VECTOR('',#3606,1.);
#3606 = DIRECTION('',(-1.,-0.,-0.));
#3607 = ORIENTED_EDGE('',*,*,#3608,.T.);
#3608 = EDGE_CURVE('',#3601,#3609,#3611,.T.);
#3609 = VERTEX_POINT('',#3610);
#3610 = CARTESIAN_POINT('',(-19.,10.5,12.066666666667));
#3611 = LINE('',#3612,#3613);
#3612 = CARTESIAN_POINT('',(-19.5,10.5,10.9));
#3613 = VECTOR('',#3614,1.);
#3614 = DIRECTION('',(0.393919298579,-0.,0.919145030018));
#3615 = ORIENTED_EDGE('',*,*,#3616,.T.);
#3616 = EDGE_CURVE('',#3609,#3617,#3619,.T.);
#3617 = VERTEX_POINT('',#3618);
#3618 = CARTESIAN_POINT('',(-19.,10.5,12.3));
#3619 = LINE('',#3620,#3621);
#3620 = CARTESIAN_POINT('',(-19.,10.5,2.8));
#3621 = VECTOR('',#3622,1.);
#3622 = DIRECTION('',(-0.,-0.,1.));
#3623 = ORIENTED_EDGE('',*,*,#3624,.F.);
#3624 = EDGE_CURVE('',#2595,#3617,#3625,.T.);
#3625 = LINE('',#3626,#3627);
#3626 = CARTESIAN_POINT('',(-18.,10.5,12.3));
#3627 = VECTOR('',#3628,1.);
#3628 = DIRECTION('',(-1.,-0.,-0.));
#3629 = ORIENTED_EDGE('',*,*,#2594,.F.);
#3630 = ORIENTED_EDGE('',*,*,#2946,.T.);
#3631 = PLANE('',#3632);
#3632 = AXIS2_PLACEMENT_3D('',#3633,#3634,#3635);
#3633 = CARTESIAN_POINT('',(-18.53442350975,10.5,7.646223172413));
#3634 = DIRECTION('',(0.,1.,0.));
#3635 = DIRECTION('',(0.,-0.,1.));
#3636 = ADVANCED_FACE('',(#3637),#3655,.T.);
#3637 = FACE_BOUND('',#3638,.T.);
#3638 = EDGE_LOOP('',(#3639,#3640,#3648,#3654));
#3639 = ORIENTED_EDGE('',*,*,#3624,.T.);
#3640 = ORIENTED_EDGE('',*,*,#3641,.F.);
#3641 = EDGE_CURVE('',#3642,#3617,#3644,.T.);
#3642 = VERTEX_POINT('',#3643);
#3643 = CARTESIAN_POINT('',(-19.,5.5,12.3));
#3644 = LINE('',#3645,#3646);
#3645 = CARTESIAN_POINT('',(-19.,5.5,12.3));
#3646 = VECTOR('',#3647,1.);
#3647 = DIRECTION('',(-0.,1.,-0.));
#3648 = ORIENTED_EDGE('',*,*,#3649,.F.);
#3649 = EDGE_CURVE('',#2603,#3642,#3650,.T.);
#3650 = LINE('',#3651,#3652);
#3651 = CARTESIAN_POINT('',(-18.,5.5,12.3));
#3652 = VECTOR('',#3653,1.);
#3653 = DIRECTION('',(-1.,-0.,-0.));
#3654 = ORIENTED_EDGE('',*,*,#2602,.T.);
#3655 = PLANE('',#3656);
#3656 = AXIS2_PLACEMENT_3D('',#3657,#3658,#3659);
#3657 = CARTESIAN_POINT('',(-18.5,8.,12.3));
#3658 = DIRECTION('',(0.,0.,1.));
#3659 = DIRECTION('',(1.,0.,-0.));
#3660 = ADVANCED_FACE('',(#3661),#3696,.T.);
#3661 = FACE_BOUND('',#3662,.T.);
#3662 = EDGE_LOOP('',(#3663,#3671,#3672,#3673,#3674,#3682,#3690));
#3663 = ORIENTED_EDGE('',*,*,#3664,.F.);
#3664 = EDGE_CURVE('',#2955,#3665,#3667,.T.);
#3665 = VERTEX_POINT('',#3666);
#3666 = CARTESIAN_POINT('',(-19.,5.5,10.9));
#3667 = LINE('',#3668,#3669);
#3668 = CARTESIAN_POINT('',(-19.,5.5,2.8));
#3669 = VECTOR('',#3670,1.);
#3670 = DIRECTION('',(-0.,-0.,1.));
#3671 = ORIENTED_EDGE('',*,*,#2962,.F.);
#3672 = ORIENTED_EDGE('',*,*,#2610,.T.);
#3673 = ORIENTED_EDGE('',*,*,#3649,.T.);
#3674 = ORIENTED_EDGE('',*,*,#3675,.F.);
#3675 = EDGE_CURVE('',#3676,#3642,#3678,.T.);
#3676 = VERTEX_POINT('',#3677);
#3677 = CARTESIAN_POINT('',(-19.,5.5,12.066666666667));
#3678 = LINE('',#3679,#3680);
#3679 = CARTESIAN_POINT('',(-19.,5.5,2.8));
#3680 = VECTOR('',#3681,1.);
#3681 = DIRECTION('',(-0.,-0.,1.));
#3682 = ORIENTED_EDGE('',*,*,#3683,.F.);
#3683 = EDGE_CURVE('',#3684,#3676,#3686,.T.);
#3684 = VERTEX_POINT('',#3685);
#3685 = CARTESIAN_POINT('',(-19.5,5.5,10.9));
#3686 = LINE('',#3687,#3688);
#3687 = CARTESIAN_POINT('',(-19.5,5.5,10.9));
#3688 = VECTOR('',#3689,1.);
#3689 = DIRECTION('',(0.393919298579,-0.,0.919145030018));
#3690 = ORIENTED_EDGE('',*,*,#3691,.F.);
#3691 = EDGE_CURVE('',#3665,#3684,#3692,.T.);
#3692 = LINE('',#3693,#3694);
#3693 = CARTESIAN_POINT('',(-18.9,5.5,10.9));
#3694 = VECTOR('',#3695,1.);
#3695 = DIRECTION('',(-1.,-0.,-0.));
#3696 = PLANE('',#3697);
#3697 = AXIS2_PLACEMENT_3D('',#3698,#3699,#3700);
#3698 = CARTESIAN_POINT('',(-18.53442350975,5.5,7.646223172413));
#3699 = DIRECTION('',(-0.,-1.,-0.));
#3700 = DIRECTION('',(0.,0.,-1.));
#3701 = ADVANCED_FACE('',(#3702,#3705),#3716,.F.);
#3702 = FACE_BOUND('',#3703,.F.);
#3703 = EDGE_LOOP('',(#3704));
#3704 = ORIENTED_EDGE('',*,*,#2728,.T.);
#3705 = FACE_BOUND('',#3706,.F.);
#3706 = EDGE_LOOP('',(#3707));
#3707 = ORIENTED_EDGE('',*,*,#3708,.F.);
#3708 = EDGE_CURVE('',#3709,#3709,#3711,.T.);
#3709 = VERTEX_POINT('',#3710);
#3710 = CARTESIAN_POINT('',(-9.85,19.5,1.3));
#3711 = CIRCLE('',#3712,1.15);
#3712 = AXIS2_PLACEMENT_3D('',#3713,#3714,#3715);
#3713 = CARTESIAN_POINT('',(-11.,19.5,1.3));
#3714 = DIRECTION('',(0.,0.,1.));
#3715 = DIRECTION('',(1.,0.,-0.));
#3716 = PLANE('',#3717);
#3717 = AXIS2_PLACEMENT_3D('',#3718,#3719,#3720);
#3718 = CARTESIAN_POINT('',(-11.,19.5,1.3));
#3719 = DIRECTION('',(0.,0.,1.));
#3720 = DIRECTION('',(1.,0.,-0.));
#3721 = ADVANCED_FACE('',(#3722),#3733,.F.);
#3722 = FACE_BOUND('',#3723,.F.);
#3723 = EDGE_LOOP('',(#3724,#3725,#3731,#3732));
#3724 = ORIENTED_EDGE('',*,*,#2816,.F.);
#3725 = ORIENTED_EDGE('',*,*,#3726,.F.);
#3726 = EDGE_CURVE('',#3200,#2817,#3727,.T.);
#3727 = LINE('',#3728,#3729);
#3728 = CARTESIAN_POINT('',(-14.96,-19.,2.8));
#3729 = VECTOR('',#3730,1.);
#3730 = DIRECTION('',(0.,0.,1.));
#3731 = ORIENTED_EDGE('',*,*,#3199,.T.);
#3732 = ORIENTED_EDGE('',*,*,#2772,.T.);
#3733 = CYLINDRICAL_SURFACE('',#3734,3.5);
#3734 = AXIS2_PLACEMENT_3D('',#3735,#3736,#3737);
#3735 = CARTESIAN_POINT('',(-11.46,-19.,2.8));
#3736 = DIRECTION('',(0.,0.,1.));
#3737 = DIRECTION('',(1.,0.,-0.));
#3738 = ADVANCED_FACE('',(#3739),#3750,.F.);
#3739 = FACE_BOUND('',#3740,.F.);
#3740 = EDGE_LOOP('',(#3741,#3742,#3748,#3749));
#3741 = ORIENTED_EDGE('',*,*,#3250,.T.);
#3742 = ORIENTED_EDGE('',*,*,#3743,.T.);
#3743 = EDGE_CURVE('',#3243,#2860,#3744,.T.);
#3744 = LINE('',#3745,#3746);
#3745 = CARTESIAN_POINT('',(14.96,-19.,2.8));
#3746 = VECTOR('',#3747,1.);
#3747 = DIRECTION('',(0.,0.,1.));
#3748 = ORIENTED_EDGE('',*,*,#2867,.F.);
#3749 = ORIENTED_EDGE('',*,*,#2797,.F.);
#3750 = CYLINDRICAL_SURFACE('',#3751,3.5);
#3751 = AXIS2_PLACEMENT_3D('',#3752,#3753,#3754);
#3752 = CARTESIAN_POINT('',(11.46,-19.,2.8));
#3753 = DIRECTION('',(0.,0.,1.));
#3754 = DIRECTION('',(1.,0.,-0.));
#3755 = ADVANCED_FACE('',(#3756),#3767,.T.);
#3756 = FACE_BOUND('',#3757,.T.);
#3757 = EDGE_LOOP('',(#3758,#3759,#3760,#3766));
#3758 = ORIENTED_EDGE('',*,*,#3726,.F.);
#3759 = ORIENTED_EDGE('',*,*,#3208,.T.);
#3760 = ORIENTED_EDGE('',*,*,#3761,.T.);
#3761 = EDGE_CURVE('',#3209,#2826,#3762,.T.);
#3762 = LINE('',#3763,#3764);
#3763 = CARTESIAN_POINT('',(-14.96,19.,2.8));
#3764 = VECTOR('',#3765,1.);
#3765 = DIRECTION('',(0.,0.,1.));
#3766 = ORIENTED_EDGE('',*,*,#2825,.F.);
#3767 = PLANE('',#3768);
#3768 = AXIS2_PLACEMENT_3D('',#3769,#3770,#3771);
#3769 = CARTESIAN_POINT('',(-14.96,-19.,2.8));
#3770 = DIRECTION('',(1.,0.,-0.));
#3771 = DIRECTION('',(0.,0.,1.));
#3772 = ADVANCED_FACE('',(#3773),#3784,.F.);
#3773 = FACE_BOUND('',#3774,.F.);
#3774 = EDGE_LOOP('',(#3775,#3776,#3782,#3783));
#3775 = ORIENTED_EDGE('',*,*,#2833,.F.);
#3776 = ORIENTED_EDGE('',*,*,#3777,.F.);
#3777 = EDGE_CURVE('',#3217,#2834,#3778,.T.);
#3778 = LINE('',#3779,#3780);
#3779 = CARTESIAN_POINT('',(-11.46,22.5,2.8));
#3780 = VECTOR('',#3781,1.);
#3781 = DIRECTION('',(0.,0.,1.));
#3782 = ORIENTED_EDGE('',*,*,#3216,.T.);
#3783 = ORIENTED_EDGE('',*,*,#3761,.T.);
#3784 = CYLINDRICAL_SURFACE('',#3785,3.5);
#3785 = AXIS2_PLACEMENT_3D('',#3786,#3787,#3788);
#3786 = CARTESIAN_POINT('',(-11.46,19.,2.8));
#3787 = DIRECTION('',(0.,0.,1.));
#3788 = DIRECTION('',(1.,0.,-0.));
#3789 = ADVANCED_FACE('',(#3790),#3801,.F.);
#3790 = FACE_BOUND('',#3791,.F.);
#3791 = EDGE_LOOP('',(#3792,#3793,#3794,#3795));
#3792 = ORIENTED_EDGE('',*,*,#3225,.F.);
#3793 = ORIENTED_EDGE('',*,*,#3777,.T.);
#3794 = ORIENTED_EDGE('',*,*,#2842,.F.);
#3795 = ORIENTED_EDGE('',*,*,#3796,.F.);
#3796 = EDGE_CURVE('',#3226,#2843,#3797,.T.);
#3797 = LINE('',#3798,#3799);
#3798 = CARTESIAN_POINT('',(11.46,22.5,2.8));
#3799 = VECTOR('',#3800,1.);
#3800 = DIRECTION('',(0.,0.,1.));
#3801 = PLANE('',#3802);
#3802 = AXIS2_PLACEMENT_3D('',#3803,#3804,#3805);
#3803 = CARTESIAN_POINT('',(-11.46,22.5,2.8));
#3804 = DIRECTION('',(-0.,1.,0.));
#3805 = DIRECTION('',(0.,0.,1.));
#3806 = ADVANCED_FACE('',(#3807),#3818,.F.);
#3807 = FACE_BOUND('',#3808,.F.);
#3808 = EDGE_LOOP('',(#3809,#3810,#3816,#3817));
#3809 = ORIENTED_EDGE('',*,*,#2850,.F.);
#3810 = ORIENTED_EDGE('',*,*,#3811,.F.);
#3811 = EDGE_CURVE('',#3234,#2851,#3812,.T.);
#3812 = LINE('',#3813,#3814);
#3813 = CARTESIAN_POINT('',(14.96,19.,2.8));
#3814 = VECTOR('',#3815,1.);
#3815 = DIRECTION('',(0.,0.,1.));
#3816 = ORIENTED_EDGE('',*,*,#3233,.T.);
#3817 = ORIENTED_EDGE('',*,*,#3796,.T.);
#3818 = CYLINDRICAL_SURFACE('',#3819,3.5);
#3819 = AXIS2_PLACEMENT_3D('',#3820,#3821,#3822);
#3820 = CARTESIAN_POINT('',(11.46,19.,2.8));
#3821 = DIRECTION('',(0.,0.,1.));
#3822 = DIRECTION('',(1.,0.,-0.));
#3823 = ADVANCED_FACE('',(#3824),#3830,.F.);
#3824 = FACE_BOUND('',#3825,.F.);
#3825 = EDGE_LOOP('',(#3826,#3827,#3828,#3829));
#3826 = ORIENTED_EDGE('',*,*,#3743,.F.);
#3827 = ORIENTED_EDGE('',*,*,#3242,.T.);
#3828 = ORIENTED_EDGE('',*,*,#3811,.T.);
#3829 = ORIENTED_EDGE('',*,*,#2859,.F.);
#3830 = PLANE('',#3831);
#3831 = AXIS2_PLACEMENT_3D('',#3832,#3833,#3834);
#3832 = CARTESIAN_POINT('',(14.96,-19.,2.8));
#3833 = DIRECTION('',(1.,0.,-0.));
#3834 = DIRECTION('',(0.,0.,1.));
#3835 = ADVANCED_FACE('',(#3836),#3847,.T.);
#3836 = FACE_BOUND('',#3837,.F.);
#3837 = EDGE_LOOP('',(#3838,#3839,#3840,#3841));
#3838 = ORIENTED_EDGE('',*,*,#3418,.F.);
#3839 = ORIENTED_EDGE('',*,*,#2919,.T.);
#3840 = ORIENTED_EDGE('',*,*,#3346,.T.);
#3841 = ORIENTED_EDGE('',*,*,#3842,.F.);
#3842 = EDGE_CURVE('',#3419,#3347,#3843,.T.);
#3843 = LINE('',#3844,#3845);
#3844 = CARTESIAN_POINT('',(-19.,-10.5,10.9));
#3845 = VECTOR('',#3846,1.);
#3846 = DIRECTION('',(-0.,1.,-0.));
#3847 = PLANE('',#3848);
#3848 = AXIS2_PLACEMENT_3D('',#3849,#3850,#3851);
#3849 = CARTESIAN_POINT('',(-19.,-10.5,2.8));
#3850 = DIRECTION('',(-1.,-0.,-0.));
#3851 = DIRECTION('',(0.,0.,-1.));
#3852 = ADVANCED_FACE('',(#3853),#3864,.T.);
#3853 = FACE_BOUND('',#3854,.F.);
#3854 = EDGE_LOOP('',(#3855,#3856,#3857,#3858));
#3855 = ORIENTED_EDGE('',*,*,#3664,.F.);
#3856 = ORIENTED_EDGE('',*,*,#2954,.T.);
#3857 = ORIENTED_EDGE('',*,*,#3592,.T.);
#3858 = ORIENTED_EDGE('',*,*,#3859,.F.);
#3859 = EDGE_CURVE('',#3665,#3593,#3860,.T.);
#3860 = LINE('',#3861,#3862);
#3861 = CARTESIAN_POINT('',(-19.,5.5,10.9));
#3862 = VECTOR('',#3863,1.);
#3863 = DIRECTION('',(-0.,1.,-0.));
#3864 = PLANE('',#3865);
#3865 = AXIS2_PLACEMENT_3D('',#3866,#3867,#3868);
#3866 = CARTESIAN_POINT('',(-19.,5.5,2.8));
#3867 = DIRECTION('',(-1.,-0.,-0.));
#3868 = DIRECTION('',(0.,0.,-1.));
#3869 = ADVANCED_FACE('',(#3870),#3881,.T.);
#3870 = FACE_BOUND('',#3871,.T.);
#3871 = EDGE_LOOP('',(#3872,#3873,#3874,#3875));
#3872 = ORIENTED_EDGE('',*,*,#3459,.F.);
#3873 = ORIENTED_EDGE('',*,*,#2989,.T.);
#3874 = ORIENTED_EDGE('',*,*,#3531,.T.);
#3875 = ORIENTED_EDGE('',*,*,#3876,.F.);
#3876 = EDGE_CURVE('',#3460,#3532,#3877,.T.);
#3877 = LINE('',#3878,#3879);
#3878 = CARTESIAN_POINT('',(19.,5.5,10.9));
#3879 = VECTOR('',#3880,1.);
#3880 = DIRECTION('',(0.,1.,0.));
#3881 = PLANE('',#3882);
#3882 = AXIS2_PLACEMENT_3D('',#3883,#3884,#3885);
#3883 = CARTESIAN_POINT('',(19.,5.5,2.8));
#3884 = DIRECTION('',(1.,0.,-0.));
#3885 = DIRECTION('',(0.,0.,1.));
#3886 = ADVANCED_FACE('',(#3887),#3898,.T.);
#3887 = FACE_BOUND('',#3888,.T.);
#3888 = EDGE_LOOP('',(#3889,#3890,#3891,#3892));
#3889 = ORIENTED_EDGE('',*,*,#3066,.F.);
#3890 = ORIENTED_EDGE('',*,*,#3024,.T.);
#3891 = ORIENTED_EDGE('',*,*,#3138,.T.);
#3892 = ORIENTED_EDGE('',*,*,#3893,.F.);
#3893 = EDGE_CURVE('',#3067,#3139,#3894,.T.);
#3894 = LINE('',#3895,#3896);
#3895 = CARTESIAN_POINT('',(19.,-10.5,10.9));
#3896 = VECTOR('',#3897,1.);
#3897 = DIRECTION('',(0.,1.,0.));
#3898 = PLANE('',#3899);
#3899 = AXIS2_PLACEMENT_3D('',#3900,#3901,#3902);
#3900 = CARTESIAN_POINT('',(19.,-10.5,2.8));
#3901 = DIRECTION('',(1.,0.,-0.));
#3902 = DIRECTION('',(0.,0.,1.));
#3903 = ADVANCED_FACE('',(#3904),#3923,.F.);
#3904 = FACE_BOUND('',#3905,.F.);
#3905 = EDGE_LOOP('',(#3906,#3914,#3921,#3922));
#3906 = ORIENTED_EDGE('',*,*,#3907,.T.);
#3907 = EDGE_CURVE('',#3050,#3908,#3910,.T.);
#3908 = VERTEX_POINT('',#3909);
#3909 = CARTESIAN_POINT('',(12.15,-19.5,4.3));
#3910 = LINE('',#3911,#3912);
#3911 = CARTESIAN_POINT('',(12.15,-19.5,-0.1));
#3912 = VECTOR('',#3913,1.);
#3913 = DIRECTION('',(0.,0.,1.));
#3914 = ORIENTED_EDGE('',*,*,#3915,.F.);
#3915 = EDGE_CURVE('',#3908,#3908,#3916,.T.);
#3916 = CIRCLE('',#3917,1.15);
#3917 = AXIS2_PLACEMENT_3D('',#3918,#3919,#3920);
#3918 = CARTESIAN_POINT('',(11.,-19.5,4.3));
#3919 = DIRECTION('',(0.,0.,1.));
#3920 = DIRECTION('',(1.,0.,-0.));
#3921 = ORIENTED_EDGE('',*,*,#3907,.F.);
#3922 = ORIENTED_EDGE('',*,*,#3049,.T.);
#3923 = CYLINDRICAL_SURFACE('',#3924,1.15);
#3924 = AXIS2_PLACEMENT_3D('',#3925,#3926,#3927);
#3925 = CARTESIAN_POINT('',(11.,-19.5,-0.1));
#3926 = DIRECTION('',(0.,0.,1.));
#3927 = DIRECTION('',(1.,0.,-0.));
#3928 = ADVANCED_FACE('',(#3929),#3940,.T.);
#3929 = FACE_BOUND('',#3930,.T.);
#3930 = EDGE_LOOP('',(#3931,#3932,#3933,#3934));
#3931 = ORIENTED_EDGE('',*,*,#3074,.F.);
#3932 = ORIENTED_EDGE('',*,*,#3893,.T.);
#3933 = ORIENTED_EDGE('',*,*,#3165,.T.);
#3934 = ORIENTED_EDGE('',*,*,#3935,.F.);
#3935 = EDGE_CURVE('',#3075,#3158,#3936,.T.);
#3936 = LINE('',#3937,#3938);
#3937 = CARTESIAN_POINT('',(19.5,-10.5,10.9));
#3938 = VECTOR('',#3939,1.);
#3939 = DIRECTION('',(0.,1.,0.));
#3940 = PLANE('',#3941);
#3941 = AXIS2_PLACEMENT_3D('',#3942,#3943,#3944);
#3942 = CARTESIAN_POINT('',(18.9,-10.5,10.9));
#3943 = DIRECTION('',(0.,0.,-1.));
#3944 = DIRECTION('',(1.,0.,0.));
#3945 = ADVANCED_FACE('',(#3946),#3957,.T.);
#3946 = FACE_BOUND('',#3947,.T.);
#3947 = EDGE_LOOP('',(#3948,#3949,#3950,#3951));
#3948 = ORIENTED_EDGE('',*,*,#3082,.F.);
#3949 = ORIENTED_EDGE('',*,*,#3935,.T.);
#3950 = ORIENTED_EDGE('',*,*,#3157,.T.);
#3951 = ORIENTED_EDGE('',*,*,#3952,.T.);
#3952 = EDGE_CURVE('',#3150,#3083,#3953,.T.);
#3953 = LINE('',#3954,#3955);
#3954 = CARTESIAN_POINT('',(19.,-10.5,12.066666666667));
#3955 = VECTOR('',#3956,1.);
#3956 = DIRECTION('',(0.,-1.,-0.));
#3957 = PLANE('',#3958);
#3958 = AXIS2_PLACEMENT_3D('',#3959,#3960,#3961);
#3959 = CARTESIAN_POINT('',(19.5,-10.5,10.9));
#3960 = DIRECTION('',(0.919145030018,-0.,0.393919298579));
#3961 = DIRECTION('',(-0.393919298579,0.,0.919145030018));
#3962 = ADVANCED_FACE('',(#3963),#3969,.T.);
#3963 = FACE_BOUND('',#3964,.T.);
#3964 = EDGE_LOOP('',(#3965,#3966,#3967,#3968));
#3965 = ORIENTED_EDGE('',*,*,#3090,.F.);
#3966 = ORIENTED_EDGE('',*,*,#3952,.F.);
#3967 = ORIENTED_EDGE('',*,*,#3149,.T.);
#3968 = ORIENTED_EDGE('',*,*,#3116,.F.);
#3969 = PLANE('',#3970);
#3970 = AXIS2_PLACEMENT_3D('',#3971,#3972,#3973);
#3971 = CARTESIAN_POINT('',(19.,-10.5,2.8));
#3972 = DIRECTION('',(1.,0.,-0.));
#3973 = DIRECTION('',(0.,0.,1.));
#3974 = ADVANCED_FACE('',(#3975),#3994,.F.);
#3975 = FACE_BOUND('',#3976,.F.);
#3976 = EDGE_LOOP('',(#3977,#3985,#3992,#3993));
#3977 = ORIENTED_EDGE('',*,*,#3978,.T.);
#3978 = EDGE_CURVE('',#3183,#3979,#3981,.T.);
#3979 = VERTEX_POINT('',#3980);
#3980 = CARTESIAN_POINT('',(-9.85,-19.5,4.3));
#3981 = LINE('',#3982,#3983);
#3982 = CARTESIAN_POINT('',(-9.85,-19.5,-0.1));
#3983 = VECTOR('',#3984,1.);
#3984 = DIRECTION('',(0.,0.,1.));
#3985 = ORIENTED_EDGE('',*,*,#3986,.F.);
#3986 = EDGE_CURVE('',#3979,#3979,#3987,.T.);
#3987 = CIRCLE('',#3988,1.15);
#3988 = AXIS2_PLACEMENT_3D('',#3989,#3990,#3991);
#3989 = CARTESIAN_POINT('',(-11.,-19.5,4.3));
#3990 = DIRECTION('',(0.,0.,1.));
#3991 = DIRECTION('',(1.,0.,-0.));
#3992 = ORIENTED_EDGE('',*,*,#3978,.F.);
#3993 = ORIENTED_EDGE('',*,*,#3182,.T.);
#3994 = CYLINDRICAL_SURFACE('',#3995,1.15);
#3995 = AXIS2_PLACEMENT_3D('',#3996,#3997,#3998);
#3996 = CARTESIAN_POINT('',(-11.,-19.5,-0.1));
#3997 = DIRECTION('',(0.,0.,1.));
#3998 = DIRECTION('',(1.,0.,-0.));
#3999 = ADVANCED_FACE('',(#4000),#4019,.T.);
#4000 = FACE_BOUND('',#4001,.T.);
#4001 = EDGE_LOOP('',(#4002,#4011,#4017,#4018));
#4002 = ORIENTED_EDGE('',*,*,#4003,.F.);
#4003 = EDGE_CURVE('',#4004,#4004,#4006,.T.);
#4004 = VERTEX_POINT('',#4005);
#4005 = CARTESIAN_POINT('',(13.5,-19.5,4.3));
#4006 = CIRCLE('',#4007,2.5);
#4007 = AXIS2_PLACEMENT_3D('',#4008,#4009,#4010);
#4008 = CARTESIAN_POINT('',(11.,-19.5,4.3));
#4009 = DIRECTION('',(0.,0.,1.));
#4010 = DIRECTION('',(1.,0.,-0.));
#4011 = ORIENTED_EDGE('',*,*,#4012,.F.);
#4012 = EDGE_CURVE('',#3261,#4004,#4013,.T.);
#4013 = LINE('',#4014,#4015);
#4014 = CARTESIAN_POINT('',(13.5,-19.5,2.8));
#4015 = VECTOR('',#4016,1.);
#4016 = DIRECTION('',(0.,0.,1.));
#4017 = ORIENTED_EDGE('',*,*,#3260,.T.);
#4018 = ORIENTED_EDGE('',*,*,#4012,.T.);
#4019 = CYLINDRICAL_SURFACE('',#4020,2.5);
#4020 = AXIS2_PLACEMENT_3D('',#4021,#4022,#4023);
#4021 = CARTESIAN_POINT('',(11.,-19.5,2.8));
#4022 = DIRECTION('',(0.,0.,1.));
#4023 = DIRECTION('',(1.,0.,-0.));
#4024 = ADVANCED_FACE('',(#4025),#4044,.T.);
#4025 = FACE_BOUND('',#4026,.T.);
#4026 = EDGE_LOOP('',(#4027,#4036,#4042,#4043));
#4027 = ORIENTED_EDGE('',*,*,#4028,.F.);
#4028 = EDGE_CURVE('',#4029,#4029,#4031,.T.);
#4029 = VERTEX_POINT('',#4030);
#4030 = CARTESIAN_POINT('',(-8.5,-19.5,4.3));
#4031 = CIRCLE('',#4032,2.5);
#4032 = AXIS2_PLACEMENT_3D('',#4033,#4034,#4035);
#4033 = CARTESIAN_POINT('',(-11.,-19.5,4.3));
#4034 = DIRECTION('',(0.,0.,1.));
#4035 = DIRECTION('',(1.,0.,-0.));
#4036 = ORIENTED_EDGE('',*,*,#4037,.F.);
#4037 = EDGE_CURVE('',#3272,#4029,#4038,.T.);
#4038 = LINE('',#4039,#4040);
#4039 = CARTESIAN_POINT('',(-8.5,-19.5,2.8));
#4040 = VECTOR('',#4041,1.);
#4041 = DIRECTION('',(0.,0.,1.));
#4042 = ORIENTED_EDGE('',*,*,#3271,.T.);
#4043 = ORIENTED_EDGE('',*,*,#4037,.T.);
#4044 = CYLINDRICAL_SURFACE('',#4045,2.5);
#4045 = AXIS2_PLACEMENT_3D('',#4046,#4047,#4048);
#4046 = CARTESIAN_POINT('',(-11.,-19.5,2.8));
#4047 = DIRECTION('',(0.,0.,1.));
#4048 = DIRECTION('',(1.,0.,-0.));
#4049 = ADVANCED_FACE('',(#4050),#4069,.T.);
#4050 = FACE_BOUND('',#4051,.T.);
#4051 = EDGE_LOOP('',(#4052,#4061,#4067,#4068));
#4052 = ORIENTED_EDGE('',*,*,#4053,.F.);
#4053 = EDGE_CURVE('',#4054,#4054,#4056,.T.);
#4054 = VERTEX_POINT('',#4055);
#4055 = CARTESIAN_POINT('',(13.5,19.5,4.3));
#4056 = CIRCLE('',#4057,2.5);
#4057 = AXIS2_PLACEMENT_3D('',#4058,#4059,#4060);
#4058 = CARTESIAN_POINT('',(11.,19.5,4.3));
#4059 = DIRECTION('',(0.,0.,1.));
#4060 = DIRECTION('',(1.,0.,-0.));
#4061 = ORIENTED_EDGE('',*,*,#4062,.F.);
#4062 = EDGE_CURVE('',#3301,#4054,#4063,.T.);
#4063 = LINE('',#4064,#4065);
#4064 = CARTESIAN_POINT('',(13.5,19.5,2.8));
#4065 = VECTOR('',#4066,1.);
#4066 = DIRECTION('',(0.,0.,1.));
#4067 = ORIENTED_EDGE('',*,*,#3300,.T.);
#4068 = ORIENTED_EDGE('',*,*,#4062,.T.);
#4069 = CYLINDRICAL_SURFACE('',#4070,2.5);
#4070 = AXIS2_PLACEMENT_3D('',#4071,#4072,#4073);
#4071 = CARTESIAN_POINT('',(11.,19.5,2.8));
#4072 = DIRECTION('',(0.,0.,1.));
#4073 = DIRECTION('',(1.,0.,-0.));
#4074 = ADVANCED_FACE('',(#4075),#4094,.T.);
#4075 = FACE_BOUND('',#4076,.T.);
#4076 = EDGE_LOOP('',(#4077,#4086,#4092,#4093));
#4077 = ORIENTED_EDGE('',*,*,#4078,.F.);
#4078 = EDGE_CURVE('',#4079,#4079,#4081,.T.);
#4079 = VERTEX_POINT('',#4080);
#4080 = CARTESIAN_POINT('',(-8.5,19.5,4.3));
#4081 = CIRCLE('',#4082,2.5);
#4082 = AXIS2_PLACEMENT_3D('',#4083,#4084,#4085);
#4083 = CARTESIAN_POINT('',(-11.,19.5,4.3));
#4084 = DIRECTION('',(0.,0.,1.));
#4085 = DIRECTION('',(1.,0.,-0.));
#4086 = ORIENTED_EDGE('',*,*,#4087,.F.);
#4087 = EDGE_CURVE('',#3330,#4079,#4088,.T.);
#4088 = LINE('',#4089,#4090);
#4089 = CARTESIAN_POINT('',(-8.5,19.5,2.8));
#4090 = VECTOR('',#4091,1.);
#4091 = DIRECTION('',(0.,0.,1.));
#4092 = ORIENTED_EDGE('',*,*,#3329,.T.);
#4093 = ORIENTED_EDGE('',*,*,#4087,.T.);
#4094 = CYLINDRICAL_SURFACE('',#4095,2.5);
#4095 = AXIS2_PLACEMENT_3D('',#4096,#4097,#4098);
#4096 = CARTESIAN_POINT('',(-11.,19.5,2.8));
#4097 = DIRECTION('',(0.,0.,1.));
#4098 = DIRECTION('',(1.,0.,-0.));
#4099 = ADVANCED_FACE('',(#4100),#4111,.T.);
#4100 = FACE_BOUND('',#4101,.F.);
#4101 = EDGE_LOOP('',(#4102,#4103,#4104,#4105));
#4102 = ORIENTED_EDGE('',*,*,#3445,.F.);
#4103 = ORIENTED_EDGE('',*,*,#3842,.T.);
#4104 = ORIENTED_EDGE('',*,*,#3354,.T.);
#4105 = ORIENTED_EDGE('',*,*,#4106,.F.);
#4106 = EDGE_CURVE('',#3438,#3355,#4107,.T.);
#4107 = LINE('',#4108,#4109);
#4108 = CARTESIAN_POINT('',(-19.5,-10.5,10.9));
#4109 = VECTOR('',#4110,1.);
#4110 = DIRECTION('',(-0.,1.,-0.));
#4111 = PLANE('',#4112);
#4112 = AXIS2_PLACEMENT_3D('',#4113,#4114,#4115);
#4113 = CARTESIAN_POINT('',(-18.9,-10.5,10.9));
#4114 = DIRECTION('',(-0.,-0.,-1.));
#4115 = DIRECTION('',(1.,0.,0.));
#4116 = ADVANCED_FACE('',(#4117),#4128,.T.);
#4117 = FACE_BOUND('',#4118,.F.);
#4118 = EDGE_LOOP('',(#4119,#4120,#4121,#4122));
#4119 = ORIENTED_EDGE('',*,*,#3437,.F.);
#4120 = ORIENTED_EDGE('',*,*,#4106,.T.);
#4121 = ORIENTED_EDGE('',*,*,#3362,.T.);
#4122 = ORIENTED_EDGE('',*,*,#4123,.T.);
#4123 = EDGE_CURVE('',#3363,#3430,#4124,.T.);
#4124 = LINE('',#4125,#4126);
#4125 = CARTESIAN_POINT('',(-19.,-10.5,12.066666666667));
#4126 = VECTOR('',#4127,1.);
#4127 = DIRECTION('',(-0.,-1.,-0.));
#4128 = PLANE('',#4129);
#4129 = AXIS2_PLACEMENT_3D('',#4130,#4131,#4132);
#4130 = CARTESIAN_POINT('',(-19.5,-10.5,10.9));
#4131 = DIRECTION('',(-0.919145030018,-0.,0.393919298579));
#4132 = DIRECTION('',(-0.393919298579,0.,-0.919145030018));
#4133 = ADVANCED_FACE('',(#4134),#4140,.T.);
#4134 = FACE_BOUND('',#4135,.F.);
#4135 = EDGE_LOOP('',(#4136,#4137,#4138,#4139));
#4136 = ORIENTED_EDGE('',*,*,#3429,.F.);
#4137 = ORIENTED_EDGE('',*,*,#4123,.F.);
#4138 = ORIENTED_EDGE('',*,*,#3370,.T.);
#4139 = ORIENTED_EDGE('',*,*,#3395,.F.);
#4140 = PLANE('',#4141);
#4141 = AXIS2_PLACEMENT_3D('',#4142,#4143,#4144);
#4142 = CARTESIAN_POINT('',(-19.,-10.5,2.8));
#4143 = DIRECTION('',(-1.,-0.,-0.));
#4144 = DIRECTION('',(0.,0.,-1.));
#4145 = ADVANCED_FACE('',(#4146),#4157,.T.);
#4146 = FACE_BOUND('',#4147,.T.);
#4147 = EDGE_LOOP('',(#4148,#4149,#4150,#4151));
#4148 = ORIENTED_EDGE('',*,*,#3467,.F.);
#4149 = ORIENTED_EDGE('',*,*,#3876,.T.);
#4150 = ORIENTED_EDGE('',*,*,#3558,.T.);
#4151 = ORIENTED_EDGE('',*,*,#4152,.F.);
#4152 = EDGE_CURVE('',#3468,#3551,#4153,.T.);
#4153 = LINE('',#4154,#4155);
#4154 = CARTESIAN_POINT('',(19.5,5.5,10.9));
#4155 = VECTOR('',#4156,1.);
#4156 = DIRECTION('',(0.,1.,0.));
#4157 = PLANE('',#4158);
#4158 = AXIS2_PLACEMENT_3D('',#4159,#4160,#4161);
#4159 = CARTESIAN_POINT('',(18.9,5.5,10.9));
#4160 = DIRECTION('',(0.,0.,-1.));
#4161 = DIRECTION('',(1.,0.,0.));
#4162 = ADVANCED_FACE('',(#4163),#4174,.T.);
#4163 = FACE_BOUND('',#4164,.T.);
#4164 = EDGE_LOOP('',(#4165,#4166,#4167,#4168));
#4165 = ORIENTED_EDGE('',*,*,#3475,.F.);
#4166 = ORIENTED_EDGE('',*,*,#4152,.T.);
#4167 = ORIENTED_EDGE('',*,*,#3550,.T.);
#4168 = ORIENTED_EDGE('',*,*,#4169,.T.);
#4169 = EDGE_CURVE('',#3543,#3476,#4170,.T.);
#4170 = LINE('',#4171,#4172);
#4171 = CARTESIAN_POINT('',(19.,5.5,12.066666666667));
#4172 = VECTOR('',#4173,1.);
#4173 = DIRECTION('',(0.,-1.,-0.));
#4174 = PLANE('',#4175);
#4175 = AXIS2_PLACEMENT_3D('',#4176,#4177,#4178);
#4176 = CARTESIAN_POINT('',(19.5,5.5,10.9));
#4177 = DIRECTION('',(0.919145030018,-0.,0.393919298579));
#4178 = DIRECTION('',(-0.393919298579,0.,0.919145030018));
#4179 = ADVANCED_FACE('',(#4180),#4186,.T.);
#4180 = FACE_BOUND('',#4181,.T.);
#4181 = EDGE_LOOP('',(#4182,#4183,#4184,#4185));
#4182 = ORIENTED_EDGE('',*,*,#3483,.F.);
#4183 = ORIENTED_EDGE('',*,*,#4169,.F.);
#4184 = ORIENTED_EDGE('',*,*,#3542,.T.);
#4185 = ORIENTED_EDGE('',*,*,#3509,.F.);
#4186 = PLANE('',#4187);
#4187 = AXIS2_PLACEMENT_3D('',#4188,#4189,#4190);
#4188 = CARTESIAN_POINT('',(19.,5.5,2.8));
#4189 = DIRECTION('',(1.,0.,-0.));
#4190 = DIRECTION('',(0.,0.,1.));
#4191 = ADVANCED_FACE('',(#4192),#4211,.F.);
#4192 = FACE_BOUND('',#4193,.F.);
#4193 = EDGE_LOOP('',(#4194,#4202,#4209,#4210));
#4194 = ORIENTED_EDGE('',*,*,#4195,.T.);
#4195 = EDGE_CURVE('',#3576,#4196,#4198,.T.);
#4196 = VERTEX_POINT('',#4197);
#4197 = CARTESIAN_POINT('',(12.15,19.5,4.3));
#4198 = LINE('',#4199,#4200);
#4199 = CARTESIAN_POINT('',(12.15,19.5,-0.1));
#4200 = VECTOR('',#4201,1.);
#4201 = DIRECTION('',(0.,0.,1.));
#4202 = ORIENTED_EDGE('',*,*,#4203,.F.);
#4203 = EDGE_CURVE('',#4196,#4196,#4204,.T.);
#4204 = CIRCLE('',#4205,1.15);
#4205 = AXIS2_PLACEMENT_3D('',#4206,#4207,#4208);
#4206 = CARTESIAN_POINT('',(11.,19.5,4.3));
#4207 = DIRECTION('',(0.,0.,1.));
#4208 = DIRECTION('',(1.,0.,-0.));
#4209 = ORIENTED_EDGE('',*,*,#4195,.F.);
#4210 = ORIENTED_EDGE('',*,*,#3575,.T.);
#4211 = CYLINDRICAL_SURFACE('',#4212,1.15);
#4212 = AXIS2_PLACEMENT_3D('',#4213,#4214,#4215);
#4213 = CARTESIAN_POINT('',(11.,19.5,-0.1));
#4214 = DIRECTION('',(0.,0.,1.));
#4215 = DIRECTION('',(1.,0.,-0.));
#4216 = ADVANCED_FACE('',(#4217),#4228,.T.);
#4217 = FACE_BOUND('',#4218,.F.);
#4218 = EDGE_LOOP('',(#4219,#4220,#4221,#4222));
#4219 = ORIENTED_EDGE('',*,*,#3691,.F.);
#4220 = ORIENTED_EDGE('',*,*,#3859,.T.);
#4221 = ORIENTED_EDGE('',*,*,#3600,.T.);
#4222 = ORIENTED_EDGE('',*,*,#4223,.F.);
#4223 = EDGE_CURVE('',#3684,#3601,#4224,.T.);
#4224 = LINE('',#4225,#4226);
#4225 = CARTESIAN_POINT('',(-19.5,5.5,10.9));
#4226 = VECTOR('',#4227,1.);
#4227 = DIRECTION('',(-0.,1.,-0.));
#4228 = PLANE('',#4229);
#4229 = AXIS2_PLACEMENT_3D('',#4230,#4231,#4232);
#4230 = CARTESIAN_POINT('',(-18.9,5.5,10.9));
#4231 = DIRECTION('',(-0.,-0.,-1.));
#4232 = DIRECTION('',(1.,0.,0.));
#4233 = ADVANCED_FACE('',(#4234),#4245,.T.);
#4234 = FACE_BOUND('',#4235,.F.);
#4235 = EDGE_LOOP('',(#4236,#4237,#4238,#4239));
#4236 = ORIENTED_EDGE('',*,*,#3683,.F.);
#4237 = ORIENTED_EDGE('',*,*,#4223,.T.);
#4238 = ORIENTED_EDGE('',*,*,#3608,.T.);
#4239 = ORIENTED_EDGE('',*,*,#4240,.T.);
#4240 = EDGE_CURVE('',#3609,#3676,#4241,.T.);
#4241 = LINE('',#4242,#4243);
#4242 = CARTESIAN_POINT('',(-19.,5.5,12.066666666667));
#4243 = VECTOR('',#4244,1.);
#4244 = DIRECTION('',(-0.,-1.,-0.));
#4245 = PLANE('',#4246);
#4246 = AXIS2_PLACEMENT_3D('',#4247,#4248,#4249);
#4247 = CARTESIAN_POINT('',(-19.5,5.5,10.9));
#4248 = DIRECTION('',(-0.919145030018,-0.,0.393919298579));
#4249 = DIRECTION('',(-0.393919298579,0.,-0.919145030018));
#4250 = ADVANCED_FACE('',(#4251),#4257,.T.);
#4251 = FACE_BOUND('',#4252,.F.);
#4252 = EDGE_LOOP('',(#4253,#4254,#4255,#4256));
#4253 = ORIENTED_EDGE('',*,*,#3675,.F.);
#4254 = ORIENTED_EDGE('',*,*,#4240,.F.);
#4255 = ORIENTED_EDGE('',*,*,#3616,.T.);
#4256 = ORIENTED_EDGE('',*,*,#3641,.F.);
#4257 = PLANE('',#4258);
#4258 = AXIS2_PLACEMENT_3D('',#4259,#4260,#4261);
#4259 = CARTESIAN_POINT('',(-19.,5.5,2.8));
#4260 = DIRECTION('',(-1.,-0.,-0.));
#4261 = DIRECTION('',(0.,0.,-1.));
#4262 = ADVANCED_FACE('',(#4263),#4282,.F.);
#4263 = FACE_BOUND('',#4264,.F.);
#4264 = EDGE_LOOP('',(#4265,#4273,#4280,#4281));
#4265 = ORIENTED_EDGE('',*,*,#4266,.T.);
#4266 = EDGE_CURVE('',#3709,#4267,#4269,.T.);
#4267 = VERTEX_POINT('',#4268);
#4268 = CARTESIAN_POINT('',(-9.85,19.5,4.3));
#4269 = LINE('',#4270,#4271);
#4270 = CARTESIAN_POINT('',(-9.85,19.5,-0.1));
#4271 = VECTOR('',#4272,1.);
#4272 = DIRECTION('',(0.,0.,1.));
#4273 = ORIENTED_EDGE('',*,*,#4274,.F.);
#4274 = EDGE_CURVE('',#4267,#4267,#4275,.T.);
#4275 = CIRCLE('',#4276,1.15);
#4276 = AXIS2_PLACEMENT_3D('',#4277,#4278,#4279);
#4277 = CARTESIAN_POINT('',(-11.,19.5,4.3));
#4278 = DIRECTION('',(0.,0.,1.));
#4279 = DIRECTION('',(1.,0.,-0.));
#4280 = ORIENTED_EDGE('',*,*,#4266,.F.);
#4281 = ORIENTED_EDGE('',*,*,#3708,.T.);
#4282 = CYLINDRICAL_SURFACE('',#4283,1.15);
#4283 = AXIS2_PLACEMENT_3D('',#4284,#4285,#4286);
#4284 = CARTESIAN_POINT('',(-11.,19.5,-0.1));
#4285 = DIRECTION('',(0.,0.,1.));
#4286 = DIRECTION('',(1.,0.,-0.));
#4287 = ADVANCED_FACE('',(#4288,#4291),#4294,.T.);
#4288 = FACE_BOUND('',#4289,.T.);
#4289 = EDGE_LOOP('',(#4290));
#4290 = ORIENTED_EDGE('',*,*,#4003,.T.);
#4291 = FACE_BOUND('',#4292,.T.);
#4292 = EDGE_LOOP('',(#4293));
#4293 = ORIENTED_EDGE('',*,*,#3915,.F.);
#4294 = PLANE('',#4295);
#4295 = AXIS2_PLACEMENT_3D('',#4296,#4297,#4298);
#4296 = CARTESIAN_POINT('',(11.,-19.5,4.3));
#4297 = DIRECTION('',(0.,0.,1.));
#4298 = DIRECTION('',(1.,0.,-0.));
#4299 = ADVANCED_FACE('',(#4300,#4303),#4306,.T.);
#4300 = FACE_BOUND('',#4301,.T.);
#4301 = EDGE_LOOP('',(#4302));
#4302 = ORIENTED_EDGE('',*,*,#4028,.T.);
#4303 = FACE_BOUND('',#4304,.T.);
#4304 = EDGE_LOOP('',(#4305));
#4305 = ORIENTED_EDGE('',*,*,#3986,.F.);
#4306 = PLANE('',#4307);
#4307 = AXIS2_PLACEMENT_3D('',#4308,#4309,#4310);
#4308 = CARTESIAN_POINT('',(-11.,-19.5,4.3));
#4309 = DIRECTION('',(0.,0.,1.));
#4310 = DIRECTION('',(1.,0.,-0.));
#4311 = ADVANCED_FACE('',(#4312,#4315),#4318,.T.);
#4312 = FACE_BOUND('',#4313,.T.);
#4313 = EDGE_LOOP('',(#4314));
#4314 = ORIENTED_EDGE('',*,*,#4053,.T.);
#4315 = FACE_BOUND('',#4316,.T.);
#4316 = EDGE_LOOP('',(#4317));
#4317 = ORIENTED_EDGE('',*,*,#4203,.F.);
#4318 = PLANE('',#4319);
#4319 = AXIS2_PLACEMENT_3D('',#4320,#4321,#4322);
#4320 = CARTESIAN_POINT('',(11.,19.5,4.3));
#4321 = DIRECTION('',(0.,0.,1.));
#4322 = DIRECTION('',(1.,0.,-0.));
#4323 = ADVANCED_FACE('',(#4324,#4327),#4330,.T.);
#4324 = FACE_BOUND('',#4325,.T.);
#4325 = EDGE_LOOP('',(#4326));
#4326 = ORIENTED_EDGE('',*,*,#4078,.T.);
#4327 = FACE_BOUND('',#4328,.T.);
#4328 = EDGE_LOOP('',(#4329));
#4329 = ORIENTED_EDGE('',*,*,#4274,.F.);
#4330 = PLANE('',#4331);
#4331 = AXIS2_PLACEMENT_3D('',#4332,#4333,#4334);
#4332 = CARTESIAN_POINT('',(-11.,19.5,4.3));
#4333 = DIRECTION('',(0.,0.,1.));
#4334 = DIRECTION('',(1.,0.,-0.));
#4335 = ( GEOMETRIC_REPRESENTATION_CONTEXT(3) 
GLOBAL_UNCERTAINTY_ASSIGNED_CONTEXT((#4339)) 
GLOBAL_UNIT_ASSIGNED_CONTEXT((#4336,#4337,#4338)) REPRESENTATION_CONTEXT
('Context #1','3D Context with UNIT and UNCERTAINTY') );
#4336 = ( LENGTH_UNIT() NAMED_UNIT(*) SI_UNIT(.MILLI.,.METRE.) );
#4337 = ( NAMED_UNIT(*) PLANE_ANGLE_UNIT() SI_UNIT($,.RADIAN.) );
#4338 = ( NAMED_UNIT(*) SI_UNIT($,.STERADIAN.) SOLID_ANGLE_UNIT() );
#4339 = UNCERTAINTY_MEASURE_WITH_UNIT(LENGTH_MEASURE(1.E-07),#4336,
  'distance_accuracy_value','confusion accuracy');
#4340 = PRODUCT_RELATED_PRODUCT_CATEGORY('part',$,(#7));
ENDSEC;
END-ISO-10303-21;
