ISO-10303-21;
HEADER;
FILE_DESCRIPTION(('FreeCAD Model'),'2;1');
FILE_NAME('Open CASCADE Shape Model','2026-09-18T11:34:42',('FreeCAD'),(
    'FreeCAD'),'Open CASCADE STEP processor 7.8','FreeCAD','Unknown');
FILE_SCHEMA(('AUTOMOTIVE_DESIGN { 1 0 10303 214 1 1 1 1 }'));
ENDSEC;
DATA;
#1 = APPLICATION_PROTOCOL_DEFINITION('international standard',
  'automotive_design',2000,#2);
#2 = APPLICATION_CONTEXT(
  'core data for automotive mechanical design processes');
#3 = SHAPE_DEFINITION_REPRESENTATION(#4,#10);
#4 = PRODUCT_DEFINITION_SHAPE('','',#5);
#5 = PRODUCT_DEFINITION('design','',#6,#9);
#6 = PRODUCT_DEFINITION_FORMATION('','',#7);
#7 = PRODUCT('Open CASCADE STEP translator 7.8 2',
  'Open CASCADE STEP translator 7.8 2','',(#8));
#8 = PRODUCT_CONTEXT('',#2,'mechanical');
#9 = PRODUCT_DEFINITION_CONTEXT('part definition',#2,'design');
#10 = ADVANCED_BREP_SHAPE_REPRESENTATION('',(#11,#15),#3679);
#11 = AXIS2_PLACEMENT_3D('',#12,#13,#14);
#12 = CARTESIAN_POINT('',(0.,0.,0.));
#13 = DIRECTION('',(0.,0.,1.));
#14 = DIRECTION('',(1.,0.,-0.));
#15 = MANIFOLD_SOLID_BREP('',#16);
#16 = CLOSED_SHELL('',(#17,#59,#353,#377,#776,#816,#856,#880,#905,#929,
    #976,#1000,#1047,#1071,#1118,#1142,#1189,#1213,#1238,#1262,#1287,
    #1311,#1358,#1382,#1429,#1453,#1500,#1524,#1571,#1595,#1620,#1644,
    #1677,#1694,#1711,#1728,#1745,#1757,#1774,#1823,#1854,#1878,#1902,
    #1919,#1936,#1985,#2016,#2040,#2064,#2081,#2098,#2147,#2178,#2202,
    #2226,#2243,#2274,#2298,#2322,#2339,#2370,#2394,#2418,#2435,#2452,
    #2501,#2532,#2556,#2580,#2597,#2614,#2663,#2722,#2757,#2792,#2827,
    #2862,#2910,#2934,#2975,#3042,#3090,#3114,#3155,#3203,#3227,#3268,
    #3316,#3340,#3381,#3398,#3415,#3427,#3444,#3461,#3478,#3495,#3512,
    #3529,#3541,#3558,#3575,#3587,#3604,#3621,#3633,#3650,#3667));
#17 = ADVANCED_FACE('',(#18),#54,.T.);
#18 = FACE_BOUND('',#19,.T.);
#19 = EDGE_LOOP('',(#20,#31,#39,#48));
#20 = ORIENTED_EDGE('',*,*,#21,.F.);
#21 = EDGE_CURVE('',#22,#24,#26,.T.);
#22 = VERTEX_POINT('',#23);
#23 = CARTESIAN_POINT('',(-21.,-23.,6.9));
#24 = VERTEX_POINT('',#25);
#25 = CARTESIAN_POINT('',(-16.,-28.,6.9));
#26 = CIRCLE('',#27,5.);
#27 = AXIS2_PLACEMENT_3D('',#28,#29,#30);
#28 = CARTESIAN_POINT('',(-16.,-23.,6.9));
#29 = DIRECTION('',(0.,0.,1.));
#30 = DIRECTION('',(1.,0.,-0.));
#31 = ORIENTED_EDGE('',*,*,#32,.F.);
#32 = EDGE_CURVE('',#33,#22,#35,.T.);
#33 = VERTEX_POINT('',#34);
#34 = CARTESIAN_POINT('',(-21.,-23.,0.));
#35 = LINE('',#36,#37);
#36 = CARTESIAN_POINT('',(-21.,-23.,0.));
#37 = VECTOR('',#38,1.);
#38 = DIRECTION('',(0.,0.,1.));
#39 = ORIENTED_EDGE('',*,*,#40,.T.);
#40 = EDGE_CURVE('',#33,#41,#43,.T.);
#41 = VERTEX_POINT('',#42);
#42 = CARTESIAN_POINT('',(-16.,-28.,0.));
#43 = CIRCLE('',#44,5.);
#44 = AXIS2_PLACEMENT_3D('',#45,#46,#47);
#45 = CARTESIAN_POINT('',(-16.,-23.,0.));
#46 = DIRECTION('',(0.,0.,1.));
#47 = DIRECTION('',(1.,0.,-0.));
#48 = ORIENTED_EDGE('',*,*,#49,.T.);
#49 = EDGE_CURVE('',#41,#24,#50,.T.);
#50 = LINE('',#51,#52);
#51 = CARTESIAN_POINT('',(-16.,-28.,0.));
#52 = VECTOR('',#53,1.);
#53 = DIRECTION('',(0.,0.,1.));
#54 = CYLINDRICAL_SURFACE('',#55,5.);
#55 = AXIS2_PLACEMENT_3D('',#56,#57,#58);
#56 = CARTESIAN_POINT('',(-16.,-23.,0.));
#57 = DIRECTION('',(0.,0.,1.));
#58 = DIRECTION('',(1.,0.,-0.));
#59 = ADVANCED_FACE('',(#60),#348,.T.);
#60 = FACE_BOUND('',#61,.T.);
#61 = EDGE_LOOP('',(#62,#70,#71,#79,#87,#95,#104,#112,#120,#128,#136,
    #144,#152,#160,#168,#176,#185,#193,#202,#210,#218,#226,#234,#242,
    #250,#258,#266,#274,#283,#291,#299,#307,#316,#324,#333,#341));
#62 = ORIENTED_EDGE('',*,*,#63,.F.);
#63 = EDGE_CURVE('',#22,#64,#66,.T.);
#64 = VERTEX_POINT('',#65);
#65 = CARTESIAN_POINT('',(-21.,23.,6.9));
#66 = LINE('',#67,#68);
#67 = CARTESIAN_POINT('',(-21.,-23.,6.9));
#68 = VECTOR('',#69,1.);
#69 = DIRECTION('',(-0.,1.,0.));
#70 = ORIENTED_EDGE('',*,*,#21,.T.);
#71 = ORIENTED_EDGE('',*,*,#72,.T.);
#72 = EDGE_CURVE('',#24,#73,#75,.T.);
#73 = VERTEX_POINT('',#74);
#74 = CARTESIAN_POINT('',(-7.,-28.,6.9));
#75 = LINE('',#76,#77);
#76 = CARTESIAN_POINT('',(-16.,-28.,6.9));
#77 = VECTOR('',#78,1.);
#78 = DIRECTION('',(1.,0.,-0.));
#79 = ORIENTED_EDGE('',*,*,#80,.T.);
#80 = EDGE_CURVE('',#73,#81,#83,.T.);
#81 = VERTEX_POINT('',#82);
#82 = CARTESIAN_POINT('',(-7.,-26.,6.9));
#83 = LINE('',#84,#85);
#84 = CARTESIAN_POINT('',(-7.,-14.5,6.9));
#85 = VECTOR('',#86,1.);
#86 = DIRECTION('',(-0.,1.,0.));
#87 = ORIENTED_EDGE('',*,*,#88,.T.);
#88 = EDGE_CURVE('',#81,#89,#91,.T.);
#89 = VERTEX_POINT('',#90);
#90 = CARTESIAN_POINT('',(-16.,-26.,6.9));
#91 = LINE('',#92,#93);
#92 = CARTESIAN_POINT('',(-8.,-26.,6.9));
#93 = VECTOR('',#94,1.);
#94 = DIRECTION('',(-1.,-0.,0.));
#95 = ORIENTED_EDGE('',*,*,#96,.F.);
#96 = EDGE_CURVE('',#97,#89,#99,.T.);
#97 = VERTEX_POINT('',#98);
#98 = CARTESIAN_POINT('',(-19.,-23.,6.9));
#99 = CIRCLE('',#100,3.);
#100 = AXIS2_PLACEMENT_3D('',#101,#102,#103);
#101 = CARTESIAN_POINT('',(-16.,-23.,6.9));
#102 = DIRECTION('',(0.,0.,1.));
#103 = DIRECTION('',(1.,0.,-0.));
#104 = ORIENTED_EDGE('',*,*,#105,.T.);
#105 = EDGE_CURVE('',#97,#106,#108,.T.);
#106 = VERTEX_POINT('',#107);
#107 = CARTESIAN_POINT('',(-19.,-10.8,6.9));
#108 = LINE('',#109,#110);
#109 = CARTESIAN_POINT('',(-19.,-11.5,6.9));
#110 = VECTOR('',#111,1.);
#111 = DIRECTION('',(-0.,1.,0.));
#112 = ORIENTED_EDGE('',*,*,#113,.F.);
#113 = EDGE_CURVE('',#114,#106,#116,.T.);
#114 = VERTEX_POINT('',#115);
#115 = CARTESIAN_POINT('',(-20.,-10.8,6.9));
#116 = LINE('',#117,#118);
#117 = CARTESIAN_POINT('',(-8.5,-10.8,6.9));
#118 = VECTOR('',#119,1.);
#119 = DIRECTION('',(1.,0.,-0.));
#120 = ORIENTED_EDGE('',*,*,#121,.T.);
#121 = EDGE_CURVE('',#114,#122,#124,.T.);
#122 = VERTEX_POINT('',#123);
#123 = CARTESIAN_POINT('',(-20.,-5.2,6.9));
#124 = LINE('',#125,#126);
#125 = CARTESIAN_POINT('',(-20.,-5.4,6.9));
#126 = VECTOR('',#127,1.);
#127 = DIRECTION('',(0.,1.,0.));
#128 = ORIENTED_EDGE('',*,*,#129,.T.);
#129 = EDGE_CURVE('',#122,#130,#132,.T.);
#130 = VERTEX_POINT('',#131);
#131 = CARTESIAN_POINT('',(-19.,-5.2,6.9));
#132 = LINE('',#133,#134);
#133 = CARTESIAN_POINT('',(-8.5,-5.2,6.9));
#134 = VECTOR('',#135,1.);
#135 = DIRECTION('',(1.,0.,-0.));
#136 = ORIENTED_EDGE('',*,*,#137,.T.);
#137 = EDGE_CURVE('',#130,#138,#140,.T.);
#138 = VERTEX_POINT('',#139);
#139 = CARTESIAN_POINT('',(-19.,5.2,6.9));
#140 = LINE('',#141,#142);
#141 = CARTESIAN_POINT('',(-19.,-11.5,6.9));
#142 = VECTOR('',#143,1.);
#143 = DIRECTION('',(-0.,1.,0.));
#144 = ORIENTED_EDGE('',*,*,#145,.F.);
#145 = EDGE_CURVE('',#146,#138,#148,.T.);
#146 = VERTEX_POINT('',#147);
#147 = CARTESIAN_POINT('',(-20.,5.2,6.9));
#148 = LINE('',#149,#150);
#149 = CARTESIAN_POINT('',(-8.5,5.2,6.9));
#150 = VECTOR('',#151,1.);
#151 = DIRECTION('',(1.,0.,-0.));
#152 = ORIENTED_EDGE('',*,*,#153,.T.);
#153 = EDGE_CURVE('',#146,#154,#156,.T.);
#154 = VERTEX_POINT('',#155);
#155 = CARTESIAN_POINT('',(-20.,10.8,6.9));
#156 = LINE('',#157,#158);
#157 = CARTESIAN_POINT('',(-20.,2.6,6.9));
#158 = VECTOR('',#159,1.);
#159 = DIRECTION('',(0.,1.,0.));
#160 = ORIENTED_EDGE('',*,*,#161,.T.);
#161 = EDGE_CURVE('',#154,#162,#164,.T.);
#162 = VERTEX_POINT('',#163);
#163 = CARTESIAN_POINT('',(-19.,10.8,6.9));
#164 = LINE('',#165,#166);
#165 = CARTESIAN_POINT('',(-8.5,10.8,6.9));
#166 = VECTOR('',#167,1.);
#167 = DIRECTION('',(1.,0.,-0.));
#168 = ORIENTED_EDGE('',*,*,#169,.T.);
#169 = EDGE_CURVE('',#162,#170,#172,.T.);
#170 = VERTEX_POINT('',#171);
#171 = CARTESIAN_POINT('',(-19.,23.,6.9));
#172 = LINE('',#173,#174);
#173 = CARTESIAN_POINT('',(-19.,-11.5,6.9));
#174 = VECTOR('',#175,1.);
#175 = DIRECTION('',(-0.,1.,0.));
#176 = ORIENTED_EDGE('',*,*,#177,.F.);
#177 = EDGE_CURVE('',#178,#170,#180,.T.);
#178 = VERTEX_POINT('',#179);
#179 = CARTESIAN_POINT('',(-16.,26.,6.9));
#180 = CIRCLE('',#181,3.);
#181 = AXIS2_PLACEMENT_3D('',#182,#183,#184);
#182 = CARTESIAN_POINT('',(-16.,23.,6.9));
#183 = DIRECTION('',(0.,0.,1.));
#184 = DIRECTION('',(1.,0.,-0.));
#185 = ORIENTED_EDGE('',*,*,#186,.F.);
#186 = EDGE_CURVE('',#187,#178,#189,.T.);
#187 = VERTEX_POINT('',#188);
#188 = CARTESIAN_POINT('',(16.,26.,6.9));
#189 = LINE('',#190,#191);
#190 = CARTESIAN_POINT('',(-8.,26.,6.9));
#191 = VECTOR('',#192,1.);
#192 = DIRECTION('',(-1.,-0.,0.));
#193 = ORIENTED_EDGE('',*,*,#194,.F.);
#194 = EDGE_CURVE('',#195,#187,#197,.T.);
#195 = VERTEX_POINT('',#196);
#196 = CARTESIAN_POINT('',(19.,23.,6.9));
#197 = CIRCLE('',#198,3.);
#198 = AXIS2_PLACEMENT_3D('',#199,#200,#201);
#199 = CARTESIAN_POINT('',(16.,23.,6.9));
#200 = DIRECTION('',(0.,0.,1.));
#201 = DIRECTION('',(1.,0.,-0.));
#202 = ORIENTED_EDGE('',*,*,#203,.F.);
#203 = EDGE_CURVE('',#204,#195,#206,.T.);
#204 = VERTEX_POINT('',#205);
#205 = CARTESIAN_POINT('',(19.,10.8,6.9));
#206 = LINE('',#207,#208);
#207 = CARTESIAN_POINT('',(19.,-11.5,6.9));
#208 = VECTOR('',#209,1.);
#209 = DIRECTION('',(-0.,1.,0.));
#210 = ORIENTED_EDGE('',*,*,#211,.F.);
#211 = EDGE_CURVE('',#212,#204,#214,.T.);
#212 = VERTEX_POINT('',#213);
#213 = CARTESIAN_POINT('',(20.,10.8,6.9));
#214 = LINE('',#215,#216);
#215 = CARTESIAN_POINT('',(8.5,10.8,6.9));
#216 = VECTOR('',#217,1.);
#217 = DIRECTION('',(-1.,-0.,0.));
#218 = ORIENTED_EDGE('',*,*,#219,.F.);
#219 = EDGE_CURVE('',#220,#212,#222,.T.);
#220 = VERTEX_POINT('',#221);
#221 = CARTESIAN_POINT('',(20.,5.2,6.9));
#222 = LINE('',#223,#224);
#223 = CARTESIAN_POINT('',(20.,2.6,6.9));
#224 = VECTOR('',#225,1.);
#225 = DIRECTION('',(-0.,1.,0.));
#226 = ORIENTED_EDGE('',*,*,#227,.T.);
#227 = EDGE_CURVE('',#220,#228,#230,.T.);
#228 = VERTEX_POINT('',#229);
#229 = CARTESIAN_POINT('',(19.,5.2,6.9));
#230 = LINE('',#231,#232);
#231 = CARTESIAN_POINT('',(8.5,5.2,6.9));
#232 = VECTOR('',#233,1.);
#233 = DIRECTION('',(-1.,-0.,0.));
#234 = ORIENTED_EDGE('',*,*,#235,.F.);
#235 = EDGE_CURVE('',#236,#228,#238,.T.);
#236 = VERTEX_POINT('',#237);
#237 = CARTESIAN_POINT('',(19.,-5.2,6.9));
#238 = LINE('',#239,#240);
#239 = CARTESIAN_POINT('',(19.,-11.5,6.9));
#240 = VECTOR('',#241,1.);
#241 = DIRECTION('',(-0.,1.,0.));
#242 = ORIENTED_EDGE('',*,*,#243,.F.);
#243 = EDGE_CURVE('',#244,#236,#246,.T.);
#244 = VERTEX_POINT('',#245);
#245 = CARTESIAN_POINT('',(20.,-5.2,6.9));
#246 = LINE('',#247,#248);
#247 = CARTESIAN_POINT('',(8.5,-5.2,6.9));
#248 = VECTOR('',#249,1.);
#249 = DIRECTION('',(-1.,-0.,0.));
#250 = ORIENTED_EDGE('',*,*,#251,.F.);
#251 = EDGE_CURVE('',#252,#244,#254,.T.);
#252 = VERTEX_POINT('',#253);
#253 = CARTESIAN_POINT('',(20.,-10.8,6.9));
#254 = LINE('',#255,#256);
#255 = CARTESIAN_POINT('',(20.,-5.4,6.9));
#256 = VECTOR('',#257,1.);
#257 = DIRECTION('',(-0.,1.,0.));
#258 = ORIENTED_EDGE('',*,*,#259,.T.);
#259 = EDGE_CURVE('',#252,#260,#262,.T.);
#260 = VERTEX_POINT('',#261);
#261 = CARTESIAN_POINT('',(19.,-10.8,6.9));
#262 = LINE('',#263,#264);
#263 = CARTESIAN_POINT('',(8.5,-10.8,6.9));
#264 = VECTOR('',#265,1.);
#265 = DIRECTION('',(-1.,-0.,0.));
#266 = ORIENTED_EDGE('',*,*,#267,.F.);
#267 = EDGE_CURVE('',#268,#260,#270,.T.);
#268 = VERTEX_POINT('',#269);
#269 = CARTESIAN_POINT('',(19.,-23.,6.9));
#270 = LINE('',#271,#272);
#271 = CARTESIAN_POINT('',(19.,-11.5,6.9));
#272 = VECTOR('',#273,1.);
#273 = DIRECTION('',(-0.,1.,0.));
#274 = ORIENTED_EDGE('',*,*,#275,.F.);
#275 = EDGE_CURVE('',#276,#268,#278,.T.);
#276 = VERTEX_POINT('',#277);
#277 = CARTESIAN_POINT('',(16.,-26.,6.9));
#278 = CIRCLE('',#279,3.);
#279 = AXIS2_PLACEMENT_3D('',#280,#281,#282);
#280 = CARTESIAN_POINT('',(16.,-23.,6.9));
#281 = DIRECTION('',(0.,0.,1.));
#282 = DIRECTION('',(1.,0.,-0.));
#283 = ORIENTED_EDGE('',*,*,#284,.T.);
#284 = EDGE_CURVE('',#276,#285,#287,.T.);
#285 = VERTEX_POINT('',#286);
#286 = CARTESIAN_POINT('',(7.,-26.,6.9));
#287 = LINE('',#288,#289);
#288 = CARTESIAN_POINT('',(-8.,-26.,6.9));
#289 = VECTOR('',#290,1.);
#290 = DIRECTION('',(-1.,-0.,0.));
#291 = ORIENTED_EDGE('',*,*,#292,.F.);
#292 = EDGE_CURVE('',#293,#285,#295,.T.);
#293 = VERTEX_POINT('',#294);
#294 = CARTESIAN_POINT('',(7.,-28.,6.9));
#295 = LINE('',#296,#297);
#296 = CARTESIAN_POINT('',(7.,-14.5,6.9));
#297 = VECTOR('',#298,1.);
#298 = DIRECTION('',(-0.,1.,0.));
#299 = ORIENTED_EDGE('',*,*,#300,.T.);
#300 = EDGE_CURVE('',#293,#301,#303,.T.);
#301 = VERTEX_POINT('',#302);
#302 = CARTESIAN_POINT('',(16.,-28.,6.9));
#303 = LINE('',#304,#305);
#304 = CARTESIAN_POINT('',(-16.,-28.,6.9));
#305 = VECTOR('',#306,1.);
#306 = DIRECTION('',(1.,0.,-0.));
#307 = ORIENTED_EDGE('',*,*,#308,.T.);
#308 = EDGE_CURVE('',#301,#309,#311,.T.);
#309 = VERTEX_POINT('',#310);
#310 = CARTESIAN_POINT('',(21.,-23.,6.9));
#311 = CIRCLE('',#312,5.);
#312 = AXIS2_PLACEMENT_3D('',#313,#314,#315);
#313 = CARTESIAN_POINT('',(16.,-23.,6.9));
#314 = DIRECTION('',(0.,0.,1.));
#315 = DIRECTION('',(1.,0.,-0.));
#316 = ORIENTED_EDGE('',*,*,#317,.T.);
#317 = EDGE_CURVE('',#309,#318,#320,.T.);
#318 = VERTEX_POINT('',#319);
#319 = CARTESIAN_POINT('',(21.,23.,6.9));
#320 = LINE('',#321,#322);
#321 = CARTESIAN_POINT('',(21.,-23.,6.9));
#322 = VECTOR('',#323,1.);
#323 = DIRECTION('',(-0.,1.,0.));
#324 = ORIENTED_EDGE('',*,*,#325,.T.);
#325 = EDGE_CURVE('',#318,#326,#328,.T.);
#326 = VERTEX_POINT('',#327);
#327 = CARTESIAN_POINT('',(16.,28.,6.9));
#328 = CIRCLE('',#329,5.);
#329 = AXIS2_PLACEMENT_3D('',#330,#331,#332);
#330 = CARTESIAN_POINT('',(16.,23.,6.9));
#331 = DIRECTION('',(0.,0.,1.));
#332 = DIRECTION('',(1.,0.,-0.));
#333 = ORIENTED_EDGE('',*,*,#334,.F.);
#334 = EDGE_CURVE('',#335,#326,#337,.T.);
#335 = VERTEX_POINT('',#336);
#336 = CARTESIAN_POINT('',(-16.,28.,6.9));
#337 = LINE('',#338,#339);
#338 = CARTESIAN_POINT('',(-16.,28.,6.9));
#339 = VECTOR('',#340,1.);
#340 = DIRECTION('',(1.,0.,-0.));
#341 = ORIENTED_EDGE('',*,*,#342,.T.);
#342 = EDGE_CURVE('',#335,#64,#343,.T.);
#343 = CIRCLE('',#344,5.);
#344 = AXIS2_PLACEMENT_3D('',#345,#346,#347);
#345 = CARTESIAN_POINT('',(-16.,23.,6.9));
#346 = DIRECTION('',(0.,0.,1.));
#347 = DIRECTION('',(1.,0.,-0.));
#348 = PLANE('',#349);
#349 = AXIS2_PLACEMENT_3D('',#350,#351,#352);
#350 = CARTESIAN_POINT('',(0.,-1.215523145324E-15,6.9));
#351 = DIRECTION('',(0.,0.,1.));
#352 = DIRECTION('',(1.,0.,-0.));
#353 = ADVANCED_FACE('',(#354),#372,.F.);
#354 = FACE_BOUND('',#355,.F.);
#355 = EDGE_LOOP('',(#356,#357,#365,#371));
#356 = ORIENTED_EDGE('',*,*,#32,.F.);
#357 = ORIENTED_EDGE('',*,*,#358,.T.);
#358 = EDGE_CURVE('',#33,#359,#361,.T.);
#359 = VERTEX_POINT('',#360);
#360 = CARTESIAN_POINT('',(-21.,23.,0.));
#361 = LINE('',#362,#363);
#362 = CARTESIAN_POINT('',(-21.,-23.,0.));
#363 = VECTOR('',#364,1.);
#364 = DIRECTION('',(-0.,1.,0.));
#365 = ORIENTED_EDGE('',*,*,#366,.T.);
#366 = EDGE_CURVE('',#359,#64,#367,.T.);
#367 = LINE('',#368,#369);
#368 = CARTESIAN_POINT('',(-21.,23.,0.));
#369 = VECTOR('',#370,1.);
#370 = DIRECTION('',(0.,0.,1.));
#371 = ORIENTED_EDGE('',*,*,#63,.F.);
#372 = PLANE('',#373);
#373 = AXIS2_PLACEMENT_3D('',#374,#375,#376);
#374 = CARTESIAN_POINT('',(-21.,-23.,0.));
#375 = DIRECTION('',(1.,0.,-0.));
#376 = DIRECTION('',(0.,0.,1.));
#377 = ADVANCED_FACE('',(#378,#431,#465,#499,#533,#567,#601,#635,#669,
    #703,#737),#771,.T.);
#378 = FACE_BOUND('',#379,.T.);
#379 = EDGE_LOOP('',(#380,#381,#382,#391,#399,#408,#416,#425));
#380 = ORIENTED_EDGE('',*,*,#40,.F.);
#381 = ORIENTED_EDGE('',*,*,#358,.T.);
#382 = ORIENTED_EDGE('',*,*,#383,.F.);
#383 = EDGE_CURVE('',#384,#359,#386,.T.);
#384 = VERTEX_POINT('',#385);
#385 = CARTESIAN_POINT('',(-16.,28.,0.));
#386 = CIRCLE('',#387,5.);
#387 = AXIS2_PLACEMENT_3D('',#388,#389,#390);
#388 = CARTESIAN_POINT('',(-16.,23.,0.));
#389 = DIRECTION('',(0.,0.,1.));
#390 = DIRECTION('',(1.,0.,-0.));
#391 = ORIENTED_EDGE('',*,*,#392,.T.);
#392 = EDGE_CURVE('',#384,#393,#395,.T.);
#393 = VERTEX_POINT('',#394);
#394 = CARTESIAN_POINT('',(16.,28.,0.));
#395 = LINE('',#396,#397);
#396 = CARTESIAN_POINT('',(-16.,28.,0.));
#397 = VECTOR('',#398,1.);
#398 = DIRECTION('',(1.,0.,-0.));
#399 = ORIENTED_EDGE('',*,*,#400,.F.);
#400 = EDGE_CURVE('',#401,#393,#403,.T.);
#401 = VERTEX_POINT('',#402);
#402 = CARTESIAN_POINT('',(21.,23.,0.));
#403 = CIRCLE('',#404,5.);
#404 = AXIS2_PLACEMENT_3D('',#405,#406,#407);
#405 = CARTESIAN_POINT('',(16.,23.,0.));
#406 = DIRECTION('',(0.,0.,1.));
#407 = DIRECTION('',(1.,0.,-0.));
#408 = ORIENTED_EDGE('',*,*,#409,.F.);
#409 = EDGE_CURVE('',#410,#401,#412,.T.);
#410 = VERTEX_POINT('',#411);
#411 = CARTESIAN_POINT('',(21.,-23.,0.));
#412 = LINE('',#413,#414);
#413 = CARTESIAN_POINT('',(21.,-23.,0.));
#414 = VECTOR('',#415,1.);
#415 = DIRECTION('',(-0.,1.,0.));
#416 = ORIENTED_EDGE('',*,*,#417,.F.);
#417 = EDGE_CURVE('',#418,#410,#420,.T.);
#418 = VERTEX_POINT('',#419);
#419 = CARTESIAN_POINT('',(16.,-28.,0.));
#420 = CIRCLE('',#421,5.);
#421 = AXIS2_PLACEMENT_3D('',#422,#423,#424);
#422 = CARTESIAN_POINT('',(16.,-23.,0.));
#423 = DIRECTION('',(0.,0.,1.));
#424 = DIRECTION('',(1.,0.,-0.));
#425 = ORIENTED_EDGE('',*,*,#426,.F.);
#426 = EDGE_CURVE('',#41,#418,#427,.T.);
#427 = LINE('',#428,#429);
#428 = CARTESIAN_POINT('',(-16.,-28.,0.));
#429 = VECTOR('',#430,1.);
#430 = DIRECTION('',(1.,0.,-0.));
#431 = FACE_BOUND('',#432,.T.);
#432 = EDGE_LOOP('',(#433,#443,#451,#459));
#433 = ORIENTED_EDGE('',*,*,#434,.F.);
#434 = EDGE_CURVE('',#435,#437,#439,.T.);
#435 = VERTEX_POINT('',#436);
#436 = CARTESIAN_POINT('',(17.,-5.2,0.));
#437 = VERTEX_POINT('',#438);
#438 = CARTESIAN_POINT('',(18.,-5.2,0.));
#439 = LINE('',#440,#441);
#440 = CARTESIAN_POINT('',(8.5,-5.2,0.));
#441 = VECTOR('',#442,1.);
#442 = DIRECTION('',(1.,0.,-0.));
#443 = ORIENTED_EDGE('',*,*,#444,.T.);
#444 = EDGE_CURVE('',#435,#445,#447,.T.);
#445 = VERTEX_POINT('',#446);
#446 = CARTESIAN_POINT('',(17.,-10.8,0.));
#447 = LINE('',#448,#449);
#448 = CARTESIAN_POINT('',(17.,-5.4,0.));
#449 = VECTOR('',#450,1.);
#450 = DIRECTION('',(0.,-1.,0.));
#451 = ORIENTED_EDGE('',*,*,#452,.T.);
#452 = EDGE_CURVE('',#445,#453,#455,.T.);
#453 = VERTEX_POINT('',#454);
#454 = CARTESIAN_POINT('',(18.,-10.8,0.));
#455 = LINE('',#456,#457);
#456 = CARTESIAN_POINT('',(8.5,-10.8,0.));
#457 = VECTOR('',#458,1.);
#458 = DIRECTION('',(1.,0.,-0.));
#459 = ORIENTED_EDGE('',*,*,#460,.F.);
#460 = EDGE_CURVE('',#437,#453,#461,.T.);
#461 = LINE('',#462,#463);
#462 = CARTESIAN_POINT('',(18.,-5.4,0.));
#463 = VECTOR('',#464,1.);
#464 = DIRECTION('',(0.,-1.,0.));
#465 = FACE_BOUND('',#466,.T.);
#466 = EDGE_LOOP('',(#467,#477,#485,#493));
#467 = ORIENTED_EDGE('',*,*,#468,.F.);
#468 = EDGE_CURVE('',#469,#471,#473,.T.);
#469 = VERTEX_POINT('',#470);
#470 = CARTESIAN_POINT('',(-5.,-6.,0.));
#471 = VERTEX_POINT('',#472);
#472 = CARTESIAN_POINT('',(5.,-6.,0.));
#473 = LINE('',#474,#475);
#474 = CARTESIAN_POINT('',(-2.5,-6.,0.));
#475 = VECTOR('',#476,1.);
#476 = DIRECTION('',(1.,0.,-0.));
#477 = ORIENTED_EDGE('',*,*,#478,.T.);
#478 = EDGE_CURVE('',#469,#479,#481,.T.);
#479 = VERTEX_POINT('',#480);
#480 = CARTESIAN_POINT('',(-5.,-8.,0.));
#481 = LINE('',#482,#483);
#482 = CARTESIAN_POINT('',(-5.,-4.,0.));
#483 = VECTOR('',#484,1.);
#484 = DIRECTION('',(0.,-1.,0.));
#485 = ORIENTED_EDGE('',*,*,#486,.T.);
#486 = EDGE_CURVE('',#479,#487,#489,.T.);
#487 = VERTEX_POINT('',#488);
#488 = CARTESIAN_POINT('',(5.,-8.,0.));
#489 = LINE('',#490,#491);
#490 = CARTESIAN_POINT('',(-2.5,-8.,0.));
#491 = VECTOR('',#492,1.);
#492 = DIRECTION('',(1.,0.,-0.));
#493 = ORIENTED_EDGE('',*,*,#494,.F.);
#494 = EDGE_CURVE('',#471,#487,#495,.T.);
#495 = LINE('',#496,#497);
#496 = CARTESIAN_POINT('',(5.,-4.,0.));
#497 = VECTOR('',#498,1.);
#498 = DIRECTION('',(0.,-1.,0.));
#499 = FACE_BOUND('',#500,.T.);
#500 = EDGE_LOOP('',(#501,#511,#519,#527));
#501 = ORIENTED_EDGE('',*,*,#502,.F.);
#502 = EDGE_CURVE('',#503,#505,#507,.T.);
#503 = VERTEX_POINT('',#504);
#504 = CARTESIAN_POINT('',(-17.,-5.2,0.));
#505 = VERTEX_POINT('',#506);
#506 = CARTESIAN_POINT('',(-17.,-10.8,0.));
#507 = LINE('',#508,#509);
#508 = CARTESIAN_POINT('',(-17.,-5.4,0.));
#509 = VECTOR('',#510,1.);
#510 = DIRECTION('',(0.,-1.,0.));
#511 = ORIENTED_EDGE('',*,*,#512,.T.);
#512 = EDGE_CURVE('',#503,#513,#515,.T.);
#513 = VERTEX_POINT('',#514);
#514 = CARTESIAN_POINT('',(-18.,-5.2,0.));
#515 = LINE('',#516,#517);
#516 = CARTESIAN_POINT('',(-8.5,-5.2,0.));
#517 = VECTOR('',#518,1.);
#518 = DIRECTION('',(-1.,0.,0.));
#519 = ORIENTED_EDGE('',*,*,#520,.T.);
#520 = EDGE_CURVE('',#513,#521,#523,.T.);
#521 = VERTEX_POINT('',#522);
#522 = CARTESIAN_POINT('',(-18.,-10.8,0.));
#523 = LINE('',#524,#525);
#524 = CARTESIAN_POINT('',(-18.,-5.4,0.));
#525 = VECTOR('',#526,1.);
#526 = DIRECTION('',(0.,-1.,0.));
#527 = ORIENTED_EDGE('',*,*,#528,.F.);
#528 = EDGE_CURVE('',#505,#521,#529,.T.);
#529 = LINE('',#530,#531);
#530 = CARTESIAN_POINT('',(-8.5,-10.8,0.));
#531 = VECTOR('',#532,1.);
#532 = DIRECTION('',(-1.,0.,0.));
#533 = FACE_BOUND('',#534,.T.);
#534 = EDGE_LOOP('',(#535,#545,#553,#561));
#535 = ORIENTED_EDGE('',*,*,#536,.F.);
#536 = EDGE_CURVE('',#537,#539,#541,.T.);
#537 = VERTEX_POINT('',#538);
#538 = CARTESIAN_POINT('',(-5.,0.,0.));
#539 = VERTEX_POINT('',#540);
#540 = CARTESIAN_POINT('',(5.,0.,0.));
#541 = LINE('',#542,#543);
#542 = CARTESIAN_POINT('',(-2.5,0.,0.));
#543 = VECTOR('',#544,1.);
#544 = DIRECTION('',(1.,0.,-0.));
#545 = ORIENTED_EDGE('',*,*,#546,.T.);
#546 = EDGE_CURVE('',#537,#547,#549,.T.);
#547 = VERTEX_POINT('',#548);
#548 = CARTESIAN_POINT('',(-5.,-2.,0.));
#549 = LINE('',#550,#551);
#550 = CARTESIAN_POINT('',(-5.,-1.,0.));
#551 = VECTOR('',#552,1.);
#552 = DIRECTION('',(0.,-1.,0.));
#553 = ORIENTED_EDGE('',*,*,#554,.T.);
#554 = EDGE_CURVE('',#547,#555,#557,.T.);
#555 = VERTEX_POINT('',#556);
#556 = CARTESIAN_POINT('',(5.,-2.,0.));
#557 = LINE('',#558,#559);
#558 = CARTESIAN_POINT('',(-2.5,-2.,0.));
#559 = VECTOR('',#560,1.);
#560 = DIRECTION('',(1.,0.,-0.));
#561 = ORIENTED_EDGE('',*,*,#562,.F.);
#562 = EDGE_CURVE('',#539,#555,#563,.T.);
#563 = LINE('',#564,#565);
#564 = CARTESIAN_POINT('',(5.,-1.,0.));
#565 = VECTOR('',#566,1.);
#566 = DIRECTION('',(0.,-1.,0.));
#567 = FACE_BOUND('',#568,.T.);
#568 = EDGE_LOOP('',(#569,#579,#587,#595));
#569 = ORIENTED_EDGE('',*,*,#570,.F.);
#570 = EDGE_CURVE('',#571,#573,#575,.T.);
#571 = VERTEX_POINT('',#572);
#572 = CARTESIAN_POINT('',(17.,10.8,0.));
#573 = VERTEX_POINT('',#574);
#574 = CARTESIAN_POINT('',(18.,10.8,0.));
#575 = LINE('',#576,#577);
#576 = CARTESIAN_POINT('',(8.5,10.8,0.));
#577 = VECTOR('',#578,1.);
#578 = DIRECTION('',(1.,0.,-0.));
#579 = ORIENTED_EDGE('',*,*,#580,.T.);
#580 = EDGE_CURVE('',#571,#581,#583,.T.);
#581 = VERTEX_POINT('',#582);
#582 = CARTESIAN_POINT('',(17.,5.2,0.));
#583 = LINE('',#584,#585);
#584 = CARTESIAN_POINT('',(17.,2.6,0.));
#585 = VECTOR('',#586,1.);
#586 = DIRECTION('',(0.,-1.,0.));
#587 = ORIENTED_EDGE('',*,*,#588,.T.);
#588 = EDGE_CURVE('',#581,#589,#591,.T.);
#589 = VERTEX_POINT('',#590);
#590 = CARTESIAN_POINT('',(18.,5.2,0.));
#591 = LINE('',#592,#593);
#592 = CARTESIAN_POINT('',(8.5,5.2,0.));
#593 = VECTOR('',#594,1.);
#594 = DIRECTION('',(1.,0.,-0.));
#595 = ORIENTED_EDGE('',*,*,#596,.F.);
#596 = EDGE_CURVE('',#573,#589,#597,.T.);
#597 = LINE('',#598,#599);
#598 = CARTESIAN_POINT('',(18.,2.6,0.));
#599 = VECTOR('',#600,1.);
#600 = DIRECTION('',(0.,-1.,0.));
#601 = FACE_BOUND('',#602,.T.);
#602 = EDGE_LOOP('',(#603,#613,#621,#629));
#603 = ORIENTED_EDGE('',*,*,#604,.F.);
#604 = EDGE_CURVE('',#605,#607,#609,.T.);
#605 = VERTEX_POINT('',#606);
#606 = CARTESIAN_POINT('',(6.89,15.285,0.));
#607 = VERTEX_POINT('',#608);
#608 = CARTESIAN_POINT('',(10.89,15.285,0.));
#609 = LINE('',#610,#611);
#610 = CARTESIAN_POINT('',(3.445,15.285,0.));
#611 = VECTOR('',#612,1.);
#612 = DIRECTION('',(1.,0.,-0.));
#613 = ORIENTED_EDGE('',*,*,#614,.T.);
#614 = EDGE_CURVE('',#605,#615,#617,.T.);
#615 = VERTEX_POINT('',#616);
#616 = CARTESIAN_POINT('',(6.89,-8.715,0.));
#617 = LINE('',#618,#619);
#618 = CARTESIAN_POINT('',(6.89,-4.3575,0.));
#619 = VECTOR('',#620,1.);
#620 = DIRECTION('',(0.,-1.,0.));
#621 = ORIENTED_EDGE('',*,*,#622,.T.);
#622 = EDGE_CURVE('',#615,#623,#625,.T.);
#623 = VERTEX_POINT('',#624);
#624 = CARTESIAN_POINT('',(10.89,-8.715,0.));
#625 = LINE('',#626,#627);
#626 = CARTESIAN_POINT('',(3.445,-8.715,0.));
#627 = VECTOR('',#628,1.);
#628 = DIRECTION('',(1.,0.,-0.));
#629 = ORIENTED_EDGE('',*,*,#630,.F.);
#630 = EDGE_CURVE('',#607,#623,#631,.T.);
#631 = LINE('',#632,#633);
#632 = CARTESIAN_POINT('',(10.89,-4.3575,0.));
#633 = VECTOR('',#634,1.);
#634 = DIRECTION('',(0.,-1.,0.));
#635 = FACE_BOUND('',#636,.T.);
#636 = EDGE_LOOP('',(#637,#647,#655,#663));
#637 = ORIENTED_EDGE('',*,*,#638,.F.);
#638 = EDGE_CURVE('',#639,#641,#643,.T.);
#639 = VERTEX_POINT('',#640);
#640 = CARTESIAN_POINT('',(-5.,6.,0.));
#641 = VERTEX_POINT('',#642);
#642 = CARTESIAN_POINT('',(5.,6.,0.));
#643 = LINE('',#644,#645);
#644 = CARTESIAN_POINT('',(-2.5,6.,0.));
#645 = VECTOR('',#646,1.);
#646 = DIRECTION('',(1.,0.,-0.));
#647 = ORIENTED_EDGE('',*,*,#648,.T.);
#648 = EDGE_CURVE('',#639,#649,#651,.T.);
#649 = VERTEX_POINT('',#650);
#650 = CARTESIAN_POINT('',(-5.,4.,0.));
#651 = LINE('',#652,#653);
#652 = CARTESIAN_POINT('',(-5.,2.,0.));
#653 = VECTOR('',#654,1.);
#654 = DIRECTION('',(0.,-1.,0.));
#655 = ORIENTED_EDGE('',*,*,#656,.T.);
#656 = EDGE_CURVE('',#649,#657,#659,.T.);
#657 = VERTEX_POINT('',#658);
#658 = CARTESIAN_POINT('',(5.,4.,0.));
#659 = LINE('',#660,#661);
#660 = CARTESIAN_POINT('',(-2.5,4.,0.));
#661 = VECTOR('',#662,1.);
#662 = DIRECTION('',(1.,0.,-0.));
#663 = ORIENTED_EDGE('',*,*,#664,.F.);
#664 = EDGE_CURVE('',#641,#657,#665,.T.);
#665 = LINE('',#666,#667);
#666 = CARTESIAN_POINT('',(5.,2.,0.));
#667 = VECTOR('',#668,1.);
#668 = DIRECTION('',(0.,-1.,0.));
#669 = FACE_BOUND('',#670,.T.);
#670 = EDGE_LOOP('',(#671,#681,#689,#697));
#671 = ORIENTED_EDGE('',*,*,#672,.F.);
#672 = EDGE_CURVE('',#673,#675,#677,.T.);
#673 = VERTEX_POINT('',#674);
#674 = CARTESIAN_POINT('',(-10.89,15.285,0.));
#675 = VERTEX_POINT('',#676);
#676 = CARTESIAN_POINT('',(-6.89,15.285,0.));
#677 = LINE('',#678,#679);
#678 = CARTESIAN_POINT('',(-5.445,15.285,0.));
#679 = VECTOR('',#680,1.);
#680 = DIRECTION('',(1.,0.,-0.));
#681 = ORIENTED_EDGE('',*,*,#682,.T.);
#682 = EDGE_CURVE('',#673,#683,#685,.T.);
#683 = VERTEX_POINT('',#684);
#684 = CARTESIAN_POINT('',(-10.89,-8.715,0.));
#685 = LINE('',#686,#687);
#686 = CARTESIAN_POINT('',(-10.89,-4.3575,0.));
#687 = VECTOR('',#688,1.);
#688 = DIRECTION('',(0.,-1.,0.));
#689 = ORIENTED_EDGE('',*,*,#690,.T.);
#690 = EDGE_CURVE('',#683,#691,#693,.T.);
#691 = VERTEX_POINT('',#692);
#692 = CARTESIAN_POINT('',(-6.89,-8.715,0.));
#693 = LINE('',#694,#695);
#694 = CARTESIAN_POINT('',(-5.445,-8.715,0.));
#695 = VECTOR('',#696,1.);
#696 = DIRECTION('',(1.,0.,-0.));
#697 = ORIENTED_EDGE('',*,*,#698,.F.);
#698 = EDGE_CURVE('',#675,#691,#699,.T.);
#699 = LINE('',#700,#701);
#700 = CARTESIAN_POINT('',(-6.89,-4.3575,0.));
#701 = VECTOR('',#702,1.);
#702 = DIRECTION('',(0.,-1.,0.));
#703 = FACE_BOUND('',#704,.T.);
#704 = EDGE_LOOP('',(#705,#715,#723,#731));
#705 = ORIENTED_EDGE('',*,*,#706,.F.);
#706 = EDGE_CURVE('',#707,#709,#711,.T.);
#707 = VERTEX_POINT('',#708);
#708 = CARTESIAN_POINT('',(-17.,10.8,0.));
#709 = VERTEX_POINT('',#710);
#710 = CARTESIAN_POINT('',(-17.,5.2,0.));
#711 = LINE('',#712,#713);
#712 = CARTESIAN_POINT('',(-17.,2.6,0.));
#713 = VECTOR('',#714,1.);
#714 = DIRECTION('',(0.,-1.,0.));
#715 = ORIENTED_EDGE('',*,*,#716,.T.);
#716 = EDGE_CURVE('',#707,#717,#719,.T.);
#717 = VERTEX_POINT('',#718);
#718 = CARTESIAN_POINT('',(-18.,10.8,0.));
#719 = LINE('',#720,#721);
#720 = CARTESIAN_POINT('',(-8.5,10.8,0.));
#721 = VECTOR('',#722,1.);
#722 = DIRECTION('',(-1.,0.,0.));
#723 = ORIENTED_EDGE('',*,*,#724,.T.);
#724 = EDGE_CURVE('',#717,#725,#727,.T.);
#725 = VERTEX_POINT('',#726);
#726 = CARTESIAN_POINT('',(-18.,5.2,0.));
#727 = LINE('',#728,#729);
#728 = CARTESIAN_POINT('',(-18.,2.6,0.));
#729 = VECTOR('',#730,1.);
#730 = DIRECTION('',(0.,-1.,0.));
#731 = ORIENTED_EDGE('',*,*,#732,.F.);
#732 = EDGE_CURVE('',#709,#725,#733,.T.);
#733 = LINE('',#734,#735);
#734 = CARTESIAN_POINT('',(-8.5,5.2,0.));
#735 = VECTOR('',#736,1.);
#736 = DIRECTION('',(-1.,0.,0.));
#737 = FACE_BOUND('',#738,.T.);
#738 = EDGE_LOOP('',(#739,#749,#757,#765));
#739 = ORIENTED_EDGE('',*,*,#740,.F.);
#740 = EDGE_CURVE('',#741,#743,#745,.T.);
#741 = VERTEX_POINT('',#742);
#742 = CARTESIAN_POINT('',(-5.,12.,0.));
#743 = VERTEX_POINT('',#744);
#744 = CARTESIAN_POINT('',(5.,12.,0.));
#745 = LINE('',#746,#747);
#746 = CARTESIAN_POINT('',(-2.5,12.,0.));
#747 = VECTOR('',#748,1.);
#748 = DIRECTION('',(1.,0.,-0.));
#749 = ORIENTED_EDGE('',*,*,#750,.T.);
#750 = EDGE_CURVE('',#741,#751,#753,.T.);
#751 = VERTEX_POINT('',#752);
#752 = CARTESIAN_POINT('',(-5.,10.,0.));
#753 = LINE('',#754,#755);
#754 = CARTESIAN_POINT('',(-5.,5.,0.));
#755 = VECTOR('',#756,1.);
#756 = DIRECTION('',(0.,-1.,0.));
#757 = ORIENTED_EDGE('',*,*,#758,.T.);
#758 = EDGE_CURVE('',#751,#759,#761,.T.);
#759 = VERTEX_POINT('',#760);
#760 = CARTESIAN_POINT('',(5.,10.,0.));
#761 = LINE('',#762,#763);
#762 = CARTESIAN_POINT('',(-2.5,10.,0.));
#763 = VECTOR('',#764,1.);
#764 = DIRECTION('',(1.,0.,-0.));
#765 = ORIENTED_EDGE('',*,*,#766,.F.);
#766 = EDGE_CURVE('',#743,#759,#767,.T.);
#767 = LINE('',#768,#769);
#768 = CARTESIAN_POINT('',(5.,5.,0.));
#769 = VECTOR('',#770,1.);
#770 = DIRECTION('',(0.,-1.,0.));
#771 = PLANE('',#772);
#772 = AXIS2_PLACEMENT_3D('',#773,#774,#775);
#773 = CARTESIAN_POINT('',(0.,-2.431046290648E-15,0.));
#774 = DIRECTION('',(-0.,-0.,-1.));
#775 = DIRECTION('',(-1.,0.,0.));
#776 = ADVANCED_FACE('',(#777),#811,.F.);
#777 = FACE_BOUND('',#778,.F.);
#778 = EDGE_LOOP('',(#779,#780,#781,#782,#790,#798,#804,#805));
#779 = ORIENTED_EDGE('',*,*,#426,.F.);
#780 = ORIENTED_EDGE('',*,*,#49,.T.);
#781 = ORIENTED_EDGE('',*,*,#72,.T.);
#782 = ORIENTED_EDGE('',*,*,#783,.T.);
#783 = EDGE_CURVE('',#73,#784,#786,.T.);
#784 = VERTEX_POINT('',#785);
#785 = CARTESIAN_POINT('',(-7.,-28.,3.6));
#786 = LINE('',#787,#788);
#787 = CARTESIAN_POINT('',(-7.,-28.,1.8));
#788 = VECTOR('',#789,1.);
#789 = DIRECTION('',(-0.,0.,-1.));
#790 = ORIENTED_EDGE('',*,*,#791,.T.);
#791 = EDGE_CURVE('',#784,#792,#794,.T.);
#792 = VERTEX_POINT('',#793);
#793 = CARTESIAN_POINT('',(7.,-28.,3.6));
#794 = LINE('',#795,#796);
#795 = CARTESIAN_POINT('',(-11.5,-28.,3.6));
#796 = VECTOR('',#797,1.);
#797 = DIRECTION('',(1.,0.,-0.));
#798 = ORIENTED_EDGE('',*,*,#799,.F.);
#799 = EDGE_CURVE('',#293,#792,#800,.T.);
#800 = LINE('',#801,#802);
#801 = CARTESIAN_POINT('',(7.,-28.,1.8));
#802 = VECTOR('',#803,1.);
#803 = DIRECTION('',(-0.,0.,-1.));
#804 = ORIENTED_EDGE('',*,*,#300,.T.);
#805 = ORIENTED_EDGE('',*,*,#806,.F.);
#806 = EDGE_CURVE('',#418,#301,#807,.T.);
#807 = LINE('',#808,#809);
#808 = CARTESIAN_POINT('',(16.,-28.,0.));
#809 = VECTOR('',#810,1.);
#810 = DIRECTION('',(0.,0.,1.));
#811 = PLANE('',#812);
#812 = AXIS2_PLACEMENT_3D('',#813,#814,#815);
#813 = CARTESIAN_POINT('',(-16.,-28.,0.));
#814 = DIRECTION('',(-0.,1.,0.));
#815 = DIRECTION('',(0.,0.,1.));
#816 = ADVANCED_FACE('',(#817),#851,.T.);
#817 = FACE_BOUND('',#818,.T.);
#818 = EDGE_LOOP('',(#819,#820,#828,#836,#844,#850));
#819 = ORIENTED_EDGE('',*,*,#783,.T.);
#820 = ORIENTED_EDGE('',*,*,#821,.T.);
#821 = EDGE_CURVE('',#784,#822,#824,.T.);
#822 = VERTEX_POINT('',#823);
#823 = CARTESIAN_POINT('',(-7.,-18.685,3.6));
#824 = LINE('',#825,#826);
#825 = CARTESIAN_POINT('',(-7.,-29.,3.6));
#826 = VECTOR('',#827,1.);
#827 = DIRECTION('',(-0.,1.,0.));
#828 = ORIENTED_EDGE('',*,*,#829,.F.);
#829 = EDGE_CURVE('',#830,#822,#832,.T.);
#830 = VERTEX_POINT('',#831);
#831 = CARTESIAN_POINT('',(-7.,-18.685,9.7));
#832 = LINE('',#833,#834);
#833 = CARTESIAN_POINT('',(-7.,-18.685,3.2));
#834 = VECTOR('',#835,1.);
#835 = DIRECTION('',(-0.,0.,-1.));
#836 = ORIENTED_EDGE('',*,*,#837,.F.);
#837 = EDGE_CURVE('',#838,#830,#840,.T.);
#838 = VERTEX_POINT('',#839);
#839 = CARTESIAN_POINT('',(-7.,-26.,9.7));
#840 = LINE('',#841,#842);
#841 = CARTESIAN_POINT('',(-7.,-14.5,9.7));
#842 = VECTOR('',#843,1.);
#843 = DIRECTION('',(-0.,1.,0.));
#844 = ORIENTED_EDGE('',*,*,#845,.T.);
#845 = EDGE_CURVE('',#838,#81,#846,.T.);
#846 = LINE('',#847,#848);
#847 = CARTESIAN_POINT('',(-7.,-26.,5.2));
#848 = VECTOR('',#849,1.);
#849 = DIRECTION('',(-0.,0.,-1.));
#850 = ORIENTED_EDGE('',*,*,#80,.F.);
#851 = PLANE('',#852);
#852 = AXIS2_PLACEMENT_3D('',#853,#854,#855);
#853 = CARTESIAN_POINT('',(-7.,-29.,3.6));
#854 = DIRECTION('',(1.,0.,-0.));
#855 = DIRECTION('',(0.,0.,1.));
#856 = ADVANCED_FACE('',(#857),#875,.F.);
#857 = FACE_BOUND('',#858,.F.);
#858 = EDGE_LOOP('',(#859,#860,#861,#869));
#859 = ORIENTED_EDGE('',*,*,#845,.T.);
#860 = ORIENTED_EDGE('',*,*,#88,.T.);
#861 = ORIENTED_EDGE('',*,*,#862,.T.);
#862 = EDGE_CURVE('',#89,#863,#865,.T.);
#863 = VERTEX_POINT('',#864);
#864 = CARTESIAN_POINT('',(-16.,-26.,9.7));
#865 = LINE('',#866,#867);
#866 = CARTESIAN_POINT('',(-16.,-26.,6.8));
#867 = VECTOR('',#868,1.);
#868 = DIRECTION('',(0.,0.,1.));
#869 = ORIENTED_EDGE('',*,*,#870,.T.);
#870 = EDGE_CURVE('',#863,#838,#871,.T.);
#871 = LINE('',#872,#873);
#872 = CARTESIAN_POINT('',(-16.,-26.,9.7));
#873 = VECTOR('',#874,1.);
#874 = DIRECTION('',(1.,0.,-0.));
#875 = PLANE('',#876);
#876 = AXIS2_PLACEMENT_3D('',#877,#878,#879);
#877 = CARTESIAN_POINT('',(-16.,-26.,6.8));
#878 = DIRECTION('',(-0.,1.,0.));
#879 = DIRECTION('',(0.,0.,1.));
#880 = ADVANCED_FACE('',(#881),#900,.T.);
#881 = FACE_BOUND('',#882,.T.);
#882 = EDGE_LOOP('',(#883,#892,#898,#899));
#883 = ORIENTED_EDGE('',*,*,#884,.F.);
#884 = EDGE_CURVE('',#885,#863,#887,.T.);
#885 = VERTEX_POINT('',#886);
#886 = CARTESIAN_POINT('',(-19.,-23.,9.7));
#887 = CIRCLE('',#888,3.);
#888 = AXIS2_PLACEMENT_3D('',#889,#890,#891);
#889 = CARTESIAN_POINT('',(-16.,-23.,9.7));
#890 = DIRECTION('',(0.,0.,1.));
#891 = DIRECTION('',(1.,0.,-0.));
#892 = ORIENTED_EDGE('',*,*,#893,.F.);
#893 = EDGE_CURVE('',#97,#885,#894,.T.);
#894 = LINE('',#895,#896);
#895 = CARTESIAN_POINT('',(-19.,-23.,6.8));
#896 = VECTOR('',#897,1.);
#897 = DIRECTION('',(0.,0.,1.));
#898 = ORIENTED_EDGE('',*,*,#96,.T.);
#899 = ORIENTED_EDGE('',*,*,#862,.T.);
#900 = CYLINDRICAL_SURFACE('',#901,3.);
#901 = AXIS2_PLACEMENT_3D('',#902,#903,#904);
#902 = CARTESIAN_POINT('',(-16.,-23.,6.8));
#903 = DIRECTION('',(0.,0.,1.));
#904 = DIRECTION('',(1.,0.,-0.));
#905 = ADVANCED_FACE('',(#906),#924,.F.);
#906 = FACE_BOUND('',#907,.F.);
#907 = EDGE_LOOP('',(#908,#909,#910,#918));
#908 = ORIENTED_EDGE('',*,*,#893,.F.);
#909 = ORIENTED_EDGE('',*,*,#105,.T.);
#910 = ORIENTED_EDGE('',*,*,#911,.F.);
#911 = EDGE_CURVE('',#912,#106,#914,.T.);
#912 = VERTEX_POINT('',#913);
#913 = CARTESIAN_POINT('',(-19.,-10.8,9.7));
#914 = LINE('',#915,#916);
#915 = CARTESIAN_POINT('',(-19.,-10.8,4.8));
#916 = VECTOR('',#917,1.);
#917 = DIRECTION('',(0.,-0.,-1.));
#918 = ORIENTED_EDGE('',*,*,#919,.F.);
#919 = EDGE_CURVE('',#885,#912,#920,.T.);
#920 = LINE('',#921,#922);
#921 = CARTESIAN_POINT('',(-19.,-23.,9.7));
#922 = VECTOR('',#923,1.);
#923 = DIRECTION('',(-0.,1.,0.));
#924 = PLANE('',#925);
#925 = AXIS2_PLACEMENT_3D('',#926,#927,#928);
#926 = CARTESIAN_POINT('',(-19.,-23.,6.8));
#927 = DIRECTION('',(1.,0.,-0.));
#928 = DIRECTION('',(0.,0.,1.));
#929 = ADVANCED_FACE('',(#930),#971,.T.);
#930 = FACE_BOUND('',#931,.T.);
#931 = EDGE_LOOP('',(#932,#940,#941,#942,#950,#956,#957,#965));
#932 = ORIENTED_EDGE('',*,*,#933,.T.);
#933 = EDGE_CURVE('',#934,#114,#936,.T.);
#934 = VERTEX_POINT('',#935);
#935 = CARTESIAN_POINT('',(-20.,-10.8,2.8));
#936 = LINE('',#937,#938);
#937 = CARTESIAN_POINT('',(-20.,-10.8,2.8));
#938 = VECTOR('',#939,1.);
#939 = DIRECTION('',(-0.,-0.,1.));
#940 = ORIENTED_EDGE('',*,*,#113,.T.);
#941 = ORIENTED_EDGE('',*,*,#911,.F.);
#942 = ORIENTED_EDGE('',*,*,#943,.T.);
#943 = EDGE_CURVE('',#912,#944,#946,.T.);
#944 = VERTEX_POINT('',#945);
#945 = CARTESIAN_POINT('',(-17.,-10.8,9.7));
#946 = LINE('',#947,#948);
#947 = CARTESIAN_POINT('',(-8.5,-10.8,9.7));
#948 = VECTOR('',#949,1.);
#949 = DIRECTION('',(1.,0.,-0.));
#950 = ORIENTED_EDGE('',*,*,#951,.F.);
#951 = EDGE_CURVE('',#505,#944,#952,.T.);
#952 = LINE('',#953,#954);
#953 = CARTESIAN_POINT('',(-17.,-10.8,2.8));
#954 = VECTOR('',#955,1.);
#955 = DIRECTION('',(-0.,-0.,1.));
#956 = ORIENTED_EDGE('',*,*,#528,.T.);
#957 = ORIENTED_EDGE('',*,*,#958,.T.);
#958 = EDGE_CURVE('',#521,#959,#961,.T.);
#959 = VERTEX_POINT('',#960);
#960 = CARTESIAN_POINT('',(-18.,-10.8,2.8));
#961 = LINE('',#962,#963);
#962 = CARTESIAN_POINT('',(-18.,-10.8,-0.1));
#963 = VECTOR('',#964,1.);
#964 = DIRECTION('',(-0.,-0.,1.));
#965 = ORIENTED_EDGE('',*,*,#966,.T.);
#966 = EDGE_CURVE('',#959,#934,#967,.T.);
#967 = LINE('',#968,#969);
#968 = CARTESIAN_POINT('',(-17.,-10.8,2.8));
#969 = VECTOR('',#970,1.);
#970 = DIRECTION('',(-1.,-0.,-0.));
#971 = PLANE('',#972);
#972 = AXIS2_PLACEMENT_3D('',#973,#974,#975);
#973 = CARTESIAN_POINT('',(-18.16929133858,-10.8,4.960236220472));
#974 = DIRECTION('',(0.,1.,0.));
#975 = DIRECTION('',(0.,-0.,1.));
#976 = ADVANCED_FACE('',(#977),#995,.F.);
#977 = FACE_BOUND('',#978,.T.);
#978 = EDGE_LOOP('',(#979,#980,#988,#994));
#979 = ORIENTED_EDGE('',*,*,#933,.F.);
#980 = ORIENTED_EDGE('',*,*,#981,.T.);
#981 = EDGE_CURVE('',#934,#982,#984,.T.);
#982 = VERTEX_POINT('',#983);
#983 = CARTESIAN_POINT('',(-20.,-5.2,2.8));
#984 = LINE('',#985,#986);
#985 = CARTESIAN_POINT('',(-20.,-10.8,2.8));
#986 = VECTOR('',#987,1.);
#987 = DIRECTION('',(-0.,1.,-0.));
#988 = ORIENTED_EDGE('',*,*,#989,.T.);
#989 = EDGE_CURVE('',#982,#122,#990,.T.);
#990 = LINE('',#991,#992);
#991 = CARTESIAN_POINT('',(-20.,-5.2,2.8));
#992 = VECTOR('',#993,1.);
#993 = DIRECTION('',(-0.,-0.,1.));
#994 = ORIENTED_EDGE('',*,*,#121,.F.);
#995 = PLANE('',#996);
#996 = AXIS2_PLACEMENT_3D('',#997,#998,#999);
#997 = CARTESIAN_POINT('',(-20.,-10.8,2.8));
#998 = DIRECTION('',(-1.,-0.,-0.));
#999 = DIRECTION('',(0.,0.,-1.));
#1000 = ADVANCED_FACE('',(#1001),#1042,.T.);
#1001 = FACE_BOUND('',#1002,.T.);
#1002 = EDGE_LOOP('',(#1003,#1004,#1012,#1018,#1019,#1027,#1035,#1041));
#1003 = ORIENTED_EDGE('',*,*,#989,.F.);
#1004 = ORIENTED_EDGE('',*,*,#1005,.F.);
#1005 = EDGE_CURVE('',#1006,#982,#1008,.T.);
#1006 = VERTEX_POINT('',#1007);
#1007 = CARTESIAN_POINT('',(-18.,-5.2,2.8));
#1008 = LINE('',#1009,#1010);
#1009 = CARTESIAN_POINT('',(-17.,-5.2,2.8));
#1010 = VECTOR('',#1011,1.);
#1011 = DIRECTION('',(-1.,-0.,-0.));
#1012 = ORIENTED_EDGE('',*,*,#1013,.F.);
#1013 = EDGE_CURVE('',#513,#1006,#1014,.T.);
#1014 = LINE('',#1015,#1016);
#1015 = CARTESIAN_POINT('',(-18.,-5.2,-0.1));
#1016 = VECTOR('',#1017,1.);
#1017 = DIRECTION('',(-0.,-0.,1.));
#1018 = ORIENTED_EDGE('',*,*,#512,.F.);
#1019 = ORIENTED_EDGE('',*,*,#1020,.T.);
#1020 = EDGE_CURVE('',#503,#1021,#1023,.T.);
#1021 = VERTEX_POINT('',#1022);
#1022 = CARTESIAN_POINT('',(-17.,-5.2,9.7));
#1023 = LINE('',#1024,#1025);
#1024 = CARTESIAN_POINT('',(-17.,-5.2,-0.1));
#1025 = VECTOR('',#1026,1.);
#1026 = DIRECTION('',(-0.,-0.,1.));
#1027 = ORIENTED_EDGE('',*,*,#1028,.F.);
#1028 = EDGE_CURVE('',#1029,#1021,#1031,.T.);
#1029 = VERTEX_POINT('',#1030);
#1030 = CARTESIAN_POINT('',(-19.,-5.2,9.7));
#1031 = LINE('',#1032,#1033);
#1032 = CARTESIAN_POINT('',(-8.5,-5.2,9.7));
#1033 = VECTOR('',#1034,1.);
#1034 = DIRECTION('',(1.,0.,-0.));
#1035 = ORIENTED_EDGE('',*,*,#1036,.T.);
#1036 = EDGE_CURVE('',#1029,#130,#1037,.T.);
#1037 = LINE('',#1038,#1039);
#1038 = CARTESIAN_POINT('',(-19.,-5.2,4.8));
#1039 = VECTOR('',#1040,1.);
#1040 = DIRECTION('',(0.,-0.,-1.));
#1041 = ORIENTED_EDGE('',*,*,#129,.F.);
#1042 = PLANE('',#1043);
#1043 = AXIS2_PLACEMENT_3D('',#1044,#1045,#1046);
#1044 = CARTESIAN_POINT('',(-18.16929133858,-5.2,4.960236220472));
#1045 = DIRECTION('',(-0.,-1.,-0.));
#1046 = DIRECTION('',(0.,0.,-1.));
#1047 = ADVANCED_FACE('',(#1048),#1066,.F.);
#1048 = FACE_BOUND('',#1049,.F.);
#1049 = EDGE_LOOP('',(#1050,#1058,#1059,#1060));
#1050 = ORIENTED_EDGE('',*,*,#1051,.F.);
#1051 = EDGE_CURVE('',#1029,#1052,#1054,.T.);
#1052 = VERTEX_POINT('',#1053);
#1053 = CARTESIAN_POINT('',(-19.,5.2,9.7));
#1054 = LINE('',#1055,#1056);
#1055 = CARTESIAN_POINT('',(-19.,-23.,9.7));
#1056 = VECTOR('',#1057,1.);
#1057 = DIRECTION('',(-0.,1.,0.));
#1058 = ORIENTED_EDGE('',*,*,#1036,.T.);
#1059 = ORIENTED_EDGE('',*,*,#137,.T.);
#1060 = ORIENTED_EDGE('',*,*,#1061,.F.);
#1061 = EDGE_CURVE('',#1052,#138,#1062,.T.);
#1062 = LINE('',#1063,#1064);
#1063 = CARTESIAN_POINT('',(-19.,5.2,4.8));
#1064 = VECTOR('',#1065,1.);
#1065 = DIRECTION('',(0.,-0.,-1.));
#1066 = PLANE('',#1067);
#1067 = AXIS2_PLACEMENT_3D('',#1068,#1069,#1070);
#1068 = CARTESIAN_POINT('',(-19.,-23.,6.8));
#1069 = DIRECTION('',(1.,0.,-0.));
#1070 = DIRECTION('',(0.,0.,1.));
#1071 = ADVANCED_FACE('',(#1072),#1113,.T.);
#1072 = FACE_BOUND('',#1073,.T.);
#1073 = EDGE_LOOP('',(#1074,#1082,#1083,#1084,#1092,#1098,#1099,#1107));
#1074 = ORIENTED_EDGE('',*,*,#1075,.T.);
#1075 = EDGE_CURVE('',#1076,#146,#1078,.T.);
#1076 = VERTEX_POINT('',#1077);
#1077 = CARTESIAN_POINT('',(-20.,5.2,2.8));
#1078 = LINE('',#1079,#1080);
#1079 = CARTESIAN_POINT('',(-20.,5.2,2.8));
#1080 = VECTOR('',#1081,1.);
#1081 = DIRECTION('',(-0.,-0.,1.));
#1082 = ORIENTED_EDGE('',*,*,#145,.T.);
#1083 = ORIENTED_EDGE('',*,*,#1061,.F.);
#1084 = ORIENTED_EDGE('',*,*,#1085,.T.);
#1085 = EDGE_CURVE('',#1052,#1086,#1088,.T.);
#1086 = VERTEX_POINT('',#1087);
#1087 = CARTESIAN_POINT('',(-17.,5.2,9.7));
#1088 = LINE('',#1089,#1090);
#1089 = CARTESIAN_POINT('',(-8.5,5.2,9.7));
#1090 = VECTOR('',#1091,1.);
#1091 = DIRECTION('',(1.,0.,-0.));
#1092 = ORIENTED_EDGE('',*,*,#1093,.F.);
#1093 = EDGE_CURVE('',#709,#1086,#1094,.T.);
#1094 = LINE('',#1095,#1096);
#1095 = CARTESIAN_POINT('',(-17.,5.2,2.8));
#1096 = VECTOR('',#1097,1.);
#1097 = DIRECTION('',(-0.,-0.,1.));
#1098 = ORIENTED_EDGE('',*,*,#732,.T.);
#1099 = ORIENTED_EDGE('',*,*,#1100,.T.);
#1100 = EDGE_CURVE('',#725,#1101,#1103,.T.);
#1101 = VERTEX_POINT('',#1102);
#1102 = CARTESIAN_POINT('',(-18.,5.2,2.8));
#1103 = LINE('',#1104,#1105);
#1104 = CARTESIAN_POINT('',(-18.,5.2,-0.1));
#1105 = VECTOR('',#1106,1.);
#1106 = DIRECTION('',(-0.,-0.,1.));
#1107 = ORIENTED_EDGE('',*,*,#1108,.T.);
#1108 = EDGE_CURVE('',#1101,#1076,#1109,.T.);
#1109 = LINE('',#1110,#1111);
#1110 = CARTESIAN_POINT('',(-17.,5.2,2.8));
#1111 = VECTOR('',#1112,1.);
#1112 = DIRECTION('',(-1.,-0.,-0.));
#1113 = PLANE('',#1114);
#1114 = AXIS2_PLACEMENT_3D('',#1115,#1116,#1117);
#1115 = CARTESIAN_POINT('',(-18.16929133858,5.2,4.960236220472));
#1116 = DIRECTION('',(0.,1.,0.));
#1117 = DIRECTION('',(0.,-0.,1.));
#1118 = ADVANCED_FACE('',(#1119),#1137,.F.);
#1119 = FACE_BOUND('',#1120,.T.);
#1120 = EDGE_LOOP('',(#1121,#1122,#1130,#1136));
#1121 = ORIENTED_EDGE('',*,*,#1075,.F.);
#1122 = ORIENTED_EDGE('',*,*,#1123,.T.);
#1123 = EDGE_CURVE('',#1076,#1124,#1126,.T.);
#1124 = VERTEX_POINT('',#1125);
#1125 = CARTESIAN_POINT('',(-20.,10.8,2.8));
#1126 = LINE('',#1127,#1128);
#1127 = CARTESIAN_POINT('',(-20.,5.2,2.8));
#1128 = VECTOR('',#1129,1.);
#1129 = DIRECTION('',(-0.,1.,-0.));
#1130 = ORIENTED_EDGE('',*,*,#1131,.T.);
#1131 = EDGE_CURVE('',#1124,#154,#1132,.T.);
#1132 = LINE('',#1133,#1134);
#1133 = CARTESIAN_POINT('',(-20.,10.8,2.8));
#1134 = VECTOR('',#1135,1.);
#1135 = DIRECTION('',(-0.,-0.,1.));
#1136 = ORIENTED_EDGE('',*,*,#153,.F.);
#1137 = PLANE('',#1138);
#1138 = AXIS2_PLACEMENT_3D('',#1139,#1140,#1141);
#1139 = CARTESIAN_POINT('',(-20.,5.2,2.8));
#1140 = DIRECTION('',(-1.,-0.,-0.));
#1141 = DIRECTION('',(0.,0.,-1.));
#1142 = ADVANCED_FACE('',(#1143),#1184,.T.);
#1143 = FACE_BOUND('',#1144,.T.);
#1144 = EDGE_LOOP('',(#1145,#1146,#1154,#1160,#1161,#1169,#1177,#1183));
#1145 = ORIENTED_EDGE('',*,*,#1131,.F.);
#1146 = ORIENTED_EDGE('',*,*,#1147,.F.);
#1147 = EDGE_CURVE('',#1148,#1124,#1150,.T.);
#1148 = VERTEX_POINT('',#1149);
#1149 = CARTESIAN_POINT('',(-18.,10.8,2.8));
#1150 = LINE('',#1151,#1152);
#1151 = CARTESIAN_POINT('',(-17.,10.8,2.8));
#1152 = VECTOR('',#1153,1.);
#1153 = DIRECTION('',(-1.,-0.,-0.));
#1154 = ORIENTED_EDGE('',*,*,#1155,.F.);
#1155 = EDGE_CURVE('',#717,#1148,#1156,.T.);
#1156 = LINE('',#1157,#1158);
#1157 = CARTESIAN_POINT('',(-18.,10.8,-0.1));
#1158 = VECTOR('',#1159,1.);
#1159 = DIRECTION('',(-0.,-0.,1.));
#1160 = ORIENTED_EDGE('',*,*,#716,.F.);
#1161 = ORIENTED_EDGE('',*,*,#1162,.T.);
#1162 = EDGE_CURVE('',#707,#1163,#1165,.T.);
#1163 = VERTEX_POINT('',#1164);
#1164 = CARTESIAN_POINT('',(-17.,10.8,9.7));
#1165 = LINE('',#1166,#1167);
#1166 = CARTESIAN_POINT('',(-17.,10.8,-0.1));
#1167 = VECTOR('',#1168,1.);
#1168 = DIRECTION('',(-0.,-0.,1.));
#1169 = ORIENTED_EDGE('',*,*,#1170,.F.);
#1170 = EDGE_CURVE('',#1171,#1163,#1173,.T.);
#1171 = VERTEX_POINT('',#1172);
#1172 = CARTESIAN_POINT('',(-19.,10.8,9.7));
#1173 = LINE('',#1174,#1175);
#1174 = CARTESIAN_POINT('',(-8.5,10.8,9.7));
#1175 = VECTOR('',#1176,1.);
#1176 = DIRECTION('',(1.,0.,-0.));
#1177 = ORIENTED_EDGE('',*,*,#1178,.T.);
#1178 = EDGE_CURVE('',#1171,#162,#1179,.T.);
#1179 = LINE('',#1180,#1181);
#1180 = CARTESIAN_POINT('',(-19.,10.8,4.8));
#1181 = VECTOR('',#1182,1.);
#1182 = DIRECTION('',(0.,-0.,-1.));
#1183 = ORIENTED_EDGE('',*,*,#161,.F.);
#1184 = PLANE('',#1185);
#1185 = AXIS2_PLACEMENT_3D('',#1186,#1187,#1188);
#1186 = CARTESIAN_POINT('',(-18.16929133858,10.8,4.960236220472));
#1187 = DIRECTION('',(-0.,-1.,-0.));
#1188 = DIRECTION('',(0.,0.,-1.));
#1189 = ADVANCED_FACE('',(#1190),#1208,.F.);
#1190 = FACE_BOUND('',#1191,.F.);
#1191 = EDGE_LOOP('',(#1192,#1200,#1201,#1202));
#1192 = ORIENTED_EDGE('',*,*,#1193,.F.);
#1193 = EDGE_CURVE('',#1171,#1194,#1196,.T.);
#1194 = VERTEX_POINT('',#1195);
#1195 = CARTESIAN_POINT('',(-19.,23.,9.7));
#1196 = LINE('',#1197,#1198);
#1197 = CARTESIAN_POINT('',(-19.,-23.,9.7));
#1198 = VECTOR('',#1199,1.);
#1199 = DIRECTION('',(-0.,1.,0.));
#1200 = ORIENTED_EDGE('',*,*,#1178,.T.);
#1201 = ORIENTED_EDGE('',*,*,#169,.T.);
#1202 = ORIENTED_EDGE('',*,*,#1203,.T.);
#1203 = EDGE_CURVE('',#170,#1194,#1204,.T.);
#1204 = LINE('',#1205,#1206);
#1205 = CARTESIAN_POINT('',(-19.,23.,6.8));
#1206 = VECTOR('',#1207,1.);
#1207 = DIRECTION('',(0.,0.,1.));
#1208 = PLANE('',#1209);
#1209 = AXIS2_PLACEMENT_3D('',#1210,#1211,#1212);
#1210 = CARTESIAN_POINT('',(-19.,-23.,6.8));
#1211 = DIRECTION('',(1.,0.,-0.));
#1212 = DIRECTION('',(0.,0.,1.));
#1213 = ADVANCED_FACE('',(#1214),#1233,.T.);
#1214 = FACE_BOUND('',#1215,.T.);
#1215 = EDGE_LOOP('',(#1216,#1225,#1231,#1232));
#1216 = ORIENTED_EDGE('',*,*,#1217,.F.);
#1217 = EDGE_CURVE('',#1218,#1194,#1220,.T.);
#1218 = VERTEX_POINT('',#1219);
#1219 = CARTESIAN_POINT('',(-16.,26.,9.7));
#1220 = CIRCLE('',#1221,3.);
#1221 = AXIS2_PLACEMENT_3D('',#1222,#1223,#1224);
#1222 = CARTESIAN_POINT('',(-16.,23.,9.7));
#1223 = DIRECTION('',(0.,0.,1.));
#1224 = DIRECTION('',(1.,0.,-0.));
#1225 = ORIENTED_EDGE('',*,*,#1226,.F.);
#1226 = EDGE_CURVE('',#178,#1218,#1227,.T.);
#1227 = LINE('',#1228,#1229);
#1228 = CARTESIAN_POINT('',(-16.,26.,6.8));
#1229 = VECTOR('',#1230,1.);
#1230 = DIRECTION('',(0.,0.,1.));
#1231 = ORIENTED_EDGE('',*,*,#177,.T.);
#1232 = ORIENTED_EDGE('',*,*,#1203,.T.);
#1233 = CYLINDRICAL_SURFACE('',#1234,3.);
#1234 = AXIS2_PLACEMENT_3D('',#1235,#1236,#1237);
#1235 = CARTESIAN_POINT('',(-16.,23.,6.8));
#1236 = DIRECTION('',(0.,0.,1.));
#1237 = DIRECTION('',(1.,0.,-0.));
#1238 = ADVANCED_FACE('',(#1239),#1257,.T.);
#1239 = FACE_BOUND('',#1240,.T.);
#1240 = EDGE_LOOP('',(#1241,#1242,#1243,#1251));
#1241 = ORIENTED_EDGE('',*,*,#186,.T.);
#1242 = ORIENTED_EDGE('',*,*,#1226,.T.);
#1243 = ORIENTED_EDGE('',*,*,#1244,.T.);
#1244 = EDGE_CURVE('',#1218,#1245,#1247,.T.);
#1245 = VERTEX_POINT('',#1246);
#1246 = CARTESIAN_POINT('',(16.,26.,9.7));
#1247 = LINE('',#1248,#1249);
#1248 = CARTESIAN_POINT('',(-16.,26.,9.7));
#1249 = VECTOR('',#1250,1.);
#1250 = DIRECTION('',(1.,0.,-0.));
#1251 = ORIENTED_EDGE('',*,*,#1252,.F.);
#1252 = EDGE_CURVE('',#187,#1245,#1253,.T.);
#1253 = LINE('',#1254,#1255);
#1254 = CARTESIAN_POINT('',(16.,26.,6.8));
#1255 = VECTOR('',#1256,1.);
#1256 = DIRECTION('',(0.,0.,1.));
#1257 = PLANE('',#1258);
#1258 = AXIS2_PLACEMENT_3D('',#1259,#1260,#1261);
#1259 = CARTESIAN_POINT('',(-16.,26.,6.8));
#1260 = DIRECTION('',(-0.,1.,0.));
#1261 = DIRECTION('',(0.,0.,1.));
#1262 = ADVANCED_FACE('',(#1263),#1282,.T.);
#1263 = FACE_BOUND('',#1264,.T.);
#1264 = EDGE_LOOP('',(#1265,#1274,#1280,#1281));
#1265 = ORIENTED_EDGE('',*,*,#1266,.F.);
#1266 = EDGE_CURVE('',#1267,#1245,#1269,.T.);
#1267 = VERTEX_POINT('',#1268);
#1268 = CARTESIAN_POINT('',(19.,23.,9.7));
#1269 = CIRCLE('',#1270,3.);
#1270 = AXIS2_PLACEMENT_3D('',#1271,#1272,#1273);
#1271 = CARTESIAN_POINT('',(16.,23.,9.7));
#1272 = DIRECTION('',(0.,0.,1.));
#1273 = DIRECTION('',(1.,0.,-0.));
#1274 = ORIENTED_EDGE('',*,*,#1275,.F.);
#1275 = EDGE_CURVE('',#195,#1267,#1276,.T.);
#1276 = LINE('',#1277,#1278);
#1277 = CARTESIAN_POINT('',(19.,23.,6.8));
#1278 = VECTOR('',#1279,1.);
#1279 = DIRECTION('',(0.,0.,1.));
#1280 = ORIENTED_EDGE('',*,*,#194,.T.);
#1281 = ORIENTED_EDGE('',*,*,#1252,.T.);
#1282 = CYLINDRICAL_SURFACE('',#1283,3.);
#1283 = AXIS2_PLACEMENT_3D('',#1284,#1285,#1286);
#1284 = CARTESIAN_POINT('',(16.,23.,6.8));
#1285 = DIRECTION('',(0.,0.,1.));
#1286 = DIRECTION('',(1.,0.,-0.));
#1287 = ADVANCED_FACE('',(#1288),#1306,.T.);
#1288 = FACE_BOUND('',#1289,.T.);
#1289 = EDGE_LOOP('',(#1290,#1298,#1299,#1300));
#1290 = ORIENTED_EDGE('',*,*,#1291,.F.);
#1291 = EDGE_CURVE('',#204,#1292,#1294,.T.);
#1292 = VERTEX_POINT('',#1293);
#1293 = CARTESIAN_POINT('',(19.,10.8,9.7));
#1294 = LINE('',#1295,#1296);
#1295 = CARTESIAN_POINT('',(19.,10.8,4.8));
#1296 = VECTOR('',#1297,1.);
#1297 = DIRECTION('',(0.,0.,1.));
#1298 = ORIENTED_EDGE('',*,*,#203,.T.);
#1299 = ORIENTED_EDGE('',*,*,#1275,.T.);
#1300 = ORIENTED_EDGE('',*,*,#1301,.F.);
#1301 = EDGE_CURVE('',#1292,#1267,#1302,.T.);
#1302 = LINE('',#1303,#1304);
#1303 = CARTESIAN_POINT('',(19.,-23.,9.7));
#1304 = VECTOR('',#1305,1.);
#1305 = DIRECTION('',(-0.,1.,0.));
#1306 = PLANE('',#1307);
#1307 = AXIS2_PLACEMENT_3D('',#1308,#1309,#1310);
#1308 = CARTESIAN_POINT('',(19.,-23.,6.8));
#1309 = DIRECTION('',(1.,0.,-0.));
#1310 = DIRECTION('',(0.,0.,1.));
#1311 = ADVANCED_FACE('',(#1312),#1353,.T.);
#1312 = FACE_BOUND('',#1313,.T.);
#1313 = EDGE_LOOP('',(#1314,#1322,#1323,#1324,#1332,#1338,#1339,#1347));
#1314 = ORIENTED_EDGE('',*,*,#1315,.T.);
#1315 = EDGE_CURVE('',#1316,#212,#1318,.T.);
#1316 = VERTEX_POINT('',#1317);
#1317 = CARTESIAN_POINT('',(20.,10.8,2.8));
#1318 = LINE('',#1319,#1320);
#1319 = CARTESIAN_POINT('',(20.,10.8,2.8));
#1320 = VECTOR('',#1321,1.);
#1321 = DIRECTION('',(0.,0.,1.));
#1322 = ORIENTED_EDGE('',*,*,#211,.T.);
#1323 = ORIENTED_EDGE('',*,*,#1291,.T.);
#1324 = ORIENTED_EDGE('',*,*,#1325,.T.);
#1325 = EDGE_CURVE('',#1292,#1326,#1328,.T.);
#1326 = VERTEX_POINT('',#1327);
#1327 = CARTESIAN_POINT('',(17.,10.8,9.7));
#1328 = LINE('',#1329,#1330);
#1329 = CARTESIAN_POINT('',(8.5,10.8,9.7));
#1330 = VECTOR('',#1331,1.);
#1331 = DIRECTION('',(-1.,-0.,0.));
#1332 = ORIENTED_EDGE('',*,*,#1333,.F.);
#1333 = EDGE_CURVE('',#571,#1326,#1334,.T.);
#1334 = LINE('',#1335,#1336);
#1335 = CARTESIAN_POINT('',(17.,10.8,2.8));
#1336 = VECTOR('',#1337,1.);
#1337 = DIRECTION('',(0.,0.,1.));
#1338 = ORIENTED_EDGE('',*,*,#570,.T.);
#1339 = ORIENTED_EDGE('',*,*,#1340,.T.);
#1340 = EDGE_CURVE('',#573,#1341,#1343,.T.);
#1341 = VERTEX_POINT('',#1342);
#1342 = CARTESIAN_POINT('',(18.,10.8,2.8));
#1343 = LINE('',#1344,#1345);
#1344 = CARTESIAN_POINT('',(18.,10.8,-0.1));
#1345 = VECTOR('',#1346,1.);
#1346 = DIRECTION('',(0.,0.,1.));
#1347 = ORIENTED_EDGE('',*,*,#1348,.T.);
#1348 = EDGE_CURVE('',#1341,#1316,#1349,.T.);
#1349 = LINE('',#1350,#1351);
#1350 = CARTESIAN_POINT('',(17.,10.8,2.8));
#1351 = VECTOR('',#1352,1.);
#1352 = DIRECTION('',(1.,0.,-0.));
#1353 = PLANE('',#1354);
#1354 = AXIS2_PLACEMENT_3D('',#1355,#1356,#1357);
#1355 = CARTESIAN_POINT('',(18.169291338583,10.8,4.960236220472));
#1356 = DIRECTION('',(-0.,-1.,-0.));
#1357 = DIRECTION('',(0.,0.,-1.));
#1358 = ADVANCED_FACE('',(#1359),#1377,.F.);
#1359 = FACE_BOUND('',#1360,.F.);
#1360 = EDGE_LOOP('',(#1361,#1369,#1375,#1376));
#1361 = ORIENTED_EDGE('',*,*,#1362,.F.);
#1362 = EDGE_CURVE('',#1363,#220,#1365,.T.);
#1363 = VERTEX_POINT('',#1364);
#1364 = CARTESIAN_POINT('',(20.,5.2,2.8));
#1365 = LINE('',#1366,#1367);
#1366 = CARTESIAN_POINT('',(20.,5.2,2.8));
#1367 = VECTOR('',#1368,1.);
#1368 = DIRECTION('',(0.,0.,1.));
#1369 = ORIENTED_EDGE('',*,*,#1370,.T.);
#1370 = EDGE_CURVE('',#1363,#1316,#1371,.T.);
#1371 = LINE('',#1372,#1373);
#1372 = CARTESIAN_POINT('',(20.,5.2,2.8));
#1373 = VECTOR('',#1374,1.);
#1374 = DIRECTION('',(-0.,1.,0.));
#1375 = ORIENTED_EDGE('',*,*,#1315,.T.);
#1376 = ORIENTED_EDGE('',*,*,#219,.F.);
#1377 = PLANE('',#1378);
#1378 = AXIS2_PLACEMENT_3D('',#1379,#1380,#1381);
#1379 = CARTESIAN_POINT('',(20.,5.2,2.8));
#1380 = DIRECTION('',(1.,0.,-0.));
#1381 = DIRECTION('',(0.,0.,1.));
#1382 = ADVANCED_FACE('',(#1383),#1424,.T.);
#1383 = FACE_BOUND('',#1384,.T.);
#1384 = EDGE_LOOP('',(#1385,#1386,#1394,#1400,#1401,#1409,#1417,#1423));
#1385 = ORIENTED_EDGE('',*,*,#1362,.F.);
#1386 = ORIENTED_EDGE('',*,*,#1387,.F.);
#1387 = EDGE_CURVE('',#1388,#1363,#1390,.T.);
#1388 = VERTEX_POINT('',#1389);
#1389 = CARTESIAN_POINT('',(18.,5.2,2.8));
#1390 = LINE('',#1391,#1392);
#1391 = CARTESIAN_POINT('',(17.,5.2,2.8));
#1392 = VECTOR('',#1393,1.);
#1393 = DIRECTION('',(1.,0.,-0.));
#1394 = ORIENTED_EDGE('',*,*,#1395,.F.);
#1395 = EDGE_CURVE('',#589,#1388,#1396,.T.);
#1396 = LINE('',#1397,#1398);
#1397 = CARTESIAN_POINT('',(18.,5.2,-0.1));
#1398 = VECTOR('',#1399,1.);
#1399 = DIRECTION('',(0.,0.,1.));
#1400 = ORIENTED_EDGE('',*,*,#588,.F.);
#1401 = ORIENTED_EDGE('',*,*,#1402,.T.);
#1402 = EDGE_CURVE('',#581,#1403,#1405,.T.);
#1403 = VERTEX_POINT('',#1404);
#1404 = CARTESIAN_POINT('',(17.,5.2,9.7));
#1405 = LINE('',#1406,#1407);
#1406 = CARTESIAN_POINT('',(17.,5.2,-0.1));
#1407 = VECTOR('',#1408,1.);
#1408 = DIRECTION('',(0.,0.,1.));
#1409 = ORIENTED_EDGE('',*,*,#1410,.F.);
#1410 = EDGE_CURVE('',#1411,#1403,#1413,.T.);
#1411 = VERTEX_POINT('',#1412);
#1412 = CARTESIAN_POINT('',(19.,5.2,9.7));
#1413 = LINE('',#1414,#1415);
#1414 = CARTESIAN_POINT('',(8.5,5.2,9.7));
#1415 = VECTOR('',#1416,1.);
#1416 = DIRECTION('',(-1.,-0.,0.));
#1417 = ORIENTED_EDGE('',*,*,#1418,.F.);
#1418 = EDGE_CURVE('',#228,#1411,#1419,.T.);
#1419 = LINE('',#1420,#1421);
#1420 = CARTESIAN_POINT('',(19.,5.2,4.8));
#1421 = VECTOR('',#1422,1.);
#1422 = DIRECTION('',(0.,0.,1.));
#1423 = ORIENTED_EDGE('',*,*,#227,.F.);
#1424 = PLANE('',#1425);
#1425 = AXIS2_PLACEMENT_3D('',#1426,#1427,#1428);
#1426 = CARTESIAN_POINT('',(18.169291338583,5.2,4.960236220472));
#1427 = DIRECTION('',(0.,1.,0.));
#1428 = DIRECTION('',(0.,-0.,1.));
#1429 = ADVANCED_FACE('',(#1430),#1448,.T.);
#1430 = FACE_BOUND('',#1431,.T.);
#1431 = EDGE_LOOP('',(#1432,#1440,#1441,#1442));
#1432 = ORIENTED_EDGE('',*,*,#1433,.F.);
#1433 = EDGE_CURVE('',#236,#1434,#1436,.T.);
#1434 = VERTEX_POINT('',#1435);
#1435 = CARTESIAN_POINT('',(19.,-5.2,9.7));
#1436 = LINE('',#1437,#1438);
#1437 = CARTESIAN_POINT('',(19.,-5.2,4.8));
#1438 = VECTOR('',#1439,1.);
#1439 = DIRECTION('',(0.,0.,1.));
#1440 = ORIENTED_EDGE('',*,*,#235,.T.);
#1441 = ORIENTED_EDGE('',*,*,#1418,.T.);
#1442 = ORIENTED_EDGE('',*,*,#1443,.F.);
#1443 = EDGE_CURVE('',#1434,#1411,#1444,.T.);
#1444 = LINE('',#1445,#1446);
#1445 = CARTESIAN_POINT('',(19.,-23.,9.7));
#1446 = VECTOR('',#1447,1.);
#1447 = DIRECTION('',(-0.,1.,0.));
#1448 = PLANE('',#1449);
#1449 = AXIS2_PLACEMENT_3D('',#1450,#1451,#1452);
#1450 = CARTESIAN_POINT('',(19.,-23.,6.8));
#1451 = DIRECTION('',(1.,0.,-0.));
#1452 = DIRECTION('',(0.,0.,1.));
#1453 = ADVANCED_FACE('',(#1454),#1495,.T.);
#1454 = FACE_BOUND('',#1455,.T.);
#1455 = EDGE_LOOP('',(#1456,#1464,#1465,#1466,#1474,#1480,#1481,#1489));
#1456 = ORIENTED_EDGE('',*,*,#1457,.T.);
#1457 = EDGE_CURVE('',#1458,#244,#1460,.T.);
#1458 = VERTEX_POINT('',#1459);
#1459 = CARTESIAN_POINT('',(20.,-5.2,2.8));
#1460 = LINE('',#1461,#1462);
#1461 = CARTESIAN_POINT('',(20.,-5.2,2.8));
#1462 = VECTOR('',#1463,1.);
#1463 = DIRECTION('',(0.,0.,1.));
#1464 = ORIENTED_EDGE('',*,*,#243,.T.);
#1465 = ORIENTED_EDGE('',*,*,#1433,.T.);
#1466 = ORIENTED_EDGE('',*,*,#1467,.T.);
#1467 = EDGE_CURVE('',#1434,#1468,#1470,.T.);
#1468 = VERTEX_POINT('',#1469);
#1469 = CARTESIAN_POINT('',(17.,-5.2,9.7));
#1470 = LINE('',#1471,#1472);
#1471 = CARTESIAN_POINT('',(8.5,-5.2,9.7));
#1472 = VECTOR('',#1473,1.);
#1473 = DIRECTION('',(-1.,-0.,0.));
#1474 = ORIENTED_EDGE('',*,*,#1475,.F.);
#1475 = EDGE_CURVE('',#435,#1468,#1476,.T.);
#1476 = LINE('',#1477,#1478);
#1477 = CARTESIAN_POINT('',(17.,-5.2,2.8));
#1478 = VECTOR('',#1479,1.);
#1479 = DIRECTION('',(0.,0.,1.));
#1480 = ORIENTED_EDGE('',*,*,#434,.T.);
#1481 = ORIENTED_EDGE('',*,*,#1482,.T.);
#1482 = EDGE_CURVE('',#437,#1483,#1485,.T.);
#1483 = VERTEX_POINT('',#1484);
#1484 = CARTESIAN_POINT('',(18.,-5.2,2.8));
#1485 = LINE('',#1486,#1487);
#1486 = CARTESIAN_POINT('',(18.,-5.2,-0.1));
#1487 = VECTOR('',#1488,1.);
#1488 = DIRECTION('',(0.,0.,1.));
#1489 = ORIENTED_EDGE('',*,*,#1490,.T.);
#1490 = EDGE_CURVE('',#1483,#1458,#1491,.T.);
#1491 = LINE('',#1492,#1493);
#1492 = CARTESIAN_POINT('',(17.,-5.2,2.8));
#1493 = VECTOR('',#1494,1.);
#1494 = DIRECTION('',(1.,0.,-0.));
#1495 = PLANE('',#1496);
#1496 = AXIS2_PLACEMENT_3D('',#1497,#1498,#1499);
#1497 = CARTESIAN_POINT('',(18.169291338583,-5.2,4.960236220472));
#1498 = DIRECTION('',(-0.,-1.,-0.));
#1499 = DIRECTION('',(0.,0.,-1.));
#1500 = ADVANCED_FACE('',(#1501),#1519,.F.);
#1501 = FACE_BOUND('',#1502,.F.);
#1502 = EDGE_LOOP('',(#1503,#1511,#1517,#1518));
#1503 = ORIENTED_EDGE('',*,*,#1504,.F.);
#1504 = EDGE_CURVE('',#1505,#252,#1507,.T.);
#1505 = VERTEX_POINT('',#1506);
#1506 = CARTESIAN_POINT('',(20.,-10.8,2.8));
#1507 = LINE('',#1508,#1509);
#1508 = CARTESIAN_POINT('',(20.,-10.8,2.8));
#1509 = VECTOR('',#1510,1.);
#1510 = DIRECTION('',(0.,0.,1.));
#1511 = ORIENTED_EDGE('',*,*,#1512,.T.);
#1512 = EDGE_CURVE('',#1505,#1458,#1513,.T.);
#1513 = LINE('',#1514,#1515);
#1514 = CARTESIAN_POINT('',(20.,-10.8,2.8));
#1515 = VECTOR('',#1516,1.);
#1516 = DIRECTION('',(-0.,1.,0.));
#1517 = ORIENTED_EDGE('',*,*,#1457,.T.);
#1518 = ORIENTED_EDGE('',*,*,#251,.F.);
#1519 = PLANE('',#1520);
#1520 = AXIS2_PLACEMENT_3D('',#1521,#1522,#1523);
#1521 = CARTESIAN_POINT('',(20.,-10.8,2.8));
#1522 = DIRECTION('',(1.,0.,-0.));
#1523 = DIRECTION('',(0.,0.,1.));
#1524 = ADVANCED_FACE('',(#1525),#1566,.T.);
#1525 = FACE_BOUND('',#1526,.T.);
#1526 = EDGE_LOOP('',(#1527,#1528,#1536,#1542,#1543,#1551,#1559,#1565));
#1527 = ORIENTED_EDGE('',*,*,#1504,.F.);
#1528 = ORIENTED_EDGE('',*,*,#1529,.F.);
#1529 = EDGE_CURVE('',#1530,#1505,#1532,.T.);
#1530 = VERTEX_POINT('',#1531);
#1531 = CARTESIAN_POINT('',(18.,-10.8,2.8));
#1532 = LINE('',#1533,#1534);
#1533 = CARTESIAN_POINT('',(17.,-10.8,2.8));
#1534 = VECTOR('',#1535,1.);
#1535 = DIRECTION('',(1.,0.,-0.));
#1536 = ORIENTED_EDGE('',*,*,#1537,.F.);
#1537 = EDGE_CURVE('',#453,#1530,#1538,.T.);
#1538 = LINE('',#1539,#1540);
#1539 = CARTESIAN_POINT('',(18.,-10.8,-0.1));
#1540 = VECTOR('',#1541,1.);
#1541 = DIRECTION('',(0.,0.,1.));
#1542 = ORIENTED_EDGE('',*,*,#452,.F.);
#1543 = ORIENTED_EDGE('',*,*,#1544,.T.);
#1544 = EDGE_CURVE('',#445,#1545,#1547,.T.);
#1545 = VERTEX_POINT('',#1546);
#1546 = CARTESIAN_POINT('',(17.,-10.8,9.7));
#1547 = LINE('',#1548,#1549);
#1548 = CARTESIAN_POINT('',(17.,-10.8,-0.1));
#1549 = VECTOR('',#1550,1.);
#1550 = DIRECTION('',(0.,0.,1.));
#1551 = ORIENTED_EDGE('',*,*,#1552,.F.);
#1552 = EDGE_CURVE('',#1553,#1545,#1555,.T.);
#1553 = VERTEX_POINT('',#1554);
#1554 = CARTESIAN_POINT('',(19.,-10.8,9.7));
#1555 = LINE('',#1556,#1557);
#1556 = CARTESIAN_POINT('',(8.5,-10.8,9.7));
#1557 = VECTOR('',#1558,1.);
#1558 = DIRECTION('',(-1.,-0.,0.));
#1559 = ORIENTED_EDGE('',*,*,#1560,.F.);
#1560 = EDGE_CURVE('',#260,#1553,#1561,.T.);
#1561 = LINE('',#1562,#1563);
#1562 = CARTESIAN_POINT('',(19.,-10.8,4.8));
#1563 = VECTOR('',#1564,1.);
#1564 = DIRECTION('',(0.,0.,1.));
#1565 = ORIENTED_EDGE('',*,*,#259,.F.);
#1566 = PLANE('',#1567);
#1567 = AXIS2_PLACEMENT_3D('',#1568,#1569,#1570);
#1568 = CARTESIAN_POINT('',(18.169291338583,-10.8,4.960236220472));
#1569 = DIRECTION('',(0.,1.,0.));
#1570 = DIRECTION('',(0.,-0.,1.));
#1571 = ADVANCED_FACE('',(#1572),#1590,.T.);
#1572 = FACE_BOUND('',#1573,.T.);
#1573 = EDGE_LOOP('',(#1574,#1582,#1583,#1584));
#1574 = ORIENTED_EDGE('',*,*,#1575,.F.);
#1575 = EDGE_CURVE('',#268,#1576,#1578,.T.);
#1576 = VERTEX_POINT('',#1577);
#1577 = CARTESIAN_POINT('',(19.,-23.,9.7));
#1578 = LINE('',#1579,#1580);
#1579 = CARTESIAN_POINT('',(19.,-23.,6.8));
#1580 = VECTOR('',#1581,1.);
#1581 = DIRECTION('',(0.,0.,1.));
#1582 = ORIENTED_EDGE('',*,*,#267,.T.);
#1583 = ORIENTED_EDGE('',*,*,#1560,.T.);
#1584 = ORIENTED_EDGE('',*,*,#1585,.F.);
#1585 = EDGE_CURVE('',#1576,#1553,#1586,.T.);
#1586 = LINE('',#1587,#1588);
#1587 = CARTESIAN_POINT('',(19.,-23.,9.7));
#1588 = VECTOR('',#1589,1.);
#1589 = DIRECTION('',(-0.,1.,0.));
#1590 = PLANE('',#1591);
#1591 = AXIS2_PLACEMENT_3D('',#1592,#1593,#1594);
#1592 = CARTESIAN_POINT('',(19.,-23.,6.8));
#1593 = DIRECTION('',(1.,0.,-0.));
#1594 = DIRECTION('',(0.,0.,1.));
#1595 = ADVANCED_FACE('',(#1596),#1615,.T.);
#1596 = FACE_BOUND('',#1597,.T.);
#1597 = EDGE_LOOP('',(#1598,#1607,#1613,#1614));
#1598 = ORIENTED_EDGE('',*,*,#1599,.F.);
#1599 = EDGE_CURVE('',#1600,#1576,#1602,.T.);
#1600 = VERTEX_POINT('',#1601);
#1601 = CARTESIAN_POINT('',(16.,-26.,9.7));
#1602 = CIRCLE('',#1603,3.);
#1603 = AXIS2_PLACEMENT_3D('',#1604,#1605,#1606);
#1604 = CARTESIAN_POINT('',(16.,-23.,9.7));
#1605 = DIRECTION('',(0.,0.,1.));
#1606 = DIRECTION('',(1.,0.,-0.));
#1607 = ORIENTED_EDGE('',*,*,#1608,.F.);
#1608 = EDGE_CURVE('',#276,#1600,#1609,.T.);
#1609 = LINE('',#1610,#1611);
#1610 = CARTESIAN_POINT('',(16.,-26.,6.8));
#1611 = VECTOR('',#1612,1.);
#1612 = DIRECTION('',(0.,0.,1.));
#1613 = ORIENTED_EDGE('',*,*,#275,.T.);
#1614 = ORIENTED_EDGE('',*,*,#1575,.T.);
#1615 = CYLINDRICAL_SURFACE('',#1616,3.);
#1616 = AXIS2_PLACEMENT_3D('',#1617,#1618,#1619);
#1617 = CARTESIAN_POINT('',(16.,-23.,6.8));
#1618 = DIRECTION('',(0.,0.,1.));
#1619 = DIRECTION('',(1.,0.,-0.));
#1620 = ADVANCED_FACE('',(#1621),#1639,.F.);
#1621 = FACE_BOUND('',#1622,.F.);
#1622 = EDGE_LOOP('',(#1623,#1624,#1625,#1633));
#1623 = ORIENTED_EDGE('',*,*,#1608,.F.);
#1624 = ORIENTED_EDGE('',*,*,#284,.T.);
#1625 = ORIENTED_EDGE('',*,*,#1626,.F.);
#1626 = EDGE_CURVE('',#1627,#285,#1629,.T.);
#1627 = VERTEX_POINT('',#1628);
#1628 = CARTESIAN_POINT('',(7.,-26.,9.7));
#1629 = LINE('',#1630,#1631);
#1630 = CARTESIAN_POINT('',(7.,-26.,5.2));
#1631 = VECTOR('',#1632,1.);
#1632 = DIRECTION('',(-0.,0.,-1.));
#1633 = ORIENTED_EDGE('',*,*,#1634,.T.);
#1634 = EDGE_CURVE('',#1627,#1600,#1635,.T.);
#1635 = LINE('',#1636,#1637);
#1636 = CARTESIAN_POINT('',(-16.,-26.,9.7));
#1637 = VECTOR('',#1638,1.);
#1638 = DIRECTION('',(1.,0.,-0.));
#1639 = PLANE('',#1640);
#1640 = AXIS2_PLACEMENT_3D('',#1641,#1642,#1643);
#1641 = CARTESIAN_POINT('',(-16.,-26.,6.8));
#1642 = DIRECTION('',(-0.,1.,0.));
#1643 = DIRECTION('',(0.,0.,1.));
#1644 = ADVANCED_FACE('',(#1645),#1672,.F.);
#1645 = FACE_BOUND('',#1646,.F.);
#1646 = EDGE_LOOP('',(#1647,#1648,#1656,#1664,#1670,#1671));
#1647 = ORIENTED_EDGE('',*,*,#799,.T.);
#1648 = ORIENTED_EDGE('',*,*,#1649,.T.);
#1649 = EDGE_CURVE('',#792,#1650,#1652,.T.);
#1650 = VERTEX_POINT('',#1651);
#1651 = CARTESIAN_POINT('',(7.,-18.685,3.6));
#1652 = LINE('',#1653,#1654);
#1653 = CARTESIAN_POINT('',(7.,-29.,3.6));
#1654 = VECTOR('',#1655,1.);
#1655 = DIRECTION('',(-0.,1.,0.));
#1656 = ORIENTED_EDGE('',*,*,#1657,.F.);
#1657 = EDGE_CURVE('',#1658,#1650,#1660,.T.);
#1658 = VERTEX_POINT('',#1659);
#1659 = CARTESIAN_POINT('',(7.,-18.685,9.7));
#1660 = LINE('',#1661,#1662);
#1661 = CARTESIAN_POINT('',(7.,-18.685,3.2));
#1662 = VECTOR('',#1663,1.);
#1663 = DIRECTION('',(-0.,0.,-1.));
#1664 = ORIENTED_EDGE('',*,*,#1665,.F.);
#1665 = EDGE_CURVE('',#1627,#1658,#1666,.T.);
#1666 = LINE('',#1667,#1668);
#1667 = CARTESIAN_POINT('',(7.,-14.5,9.7));
#1668 = VECTOR('',#1669,1.);
#1669 = DIRECTION('',(-0.,1.,0.));
#1670 = ORIENTED_EDGE('',*,*,#1626,.T.);
#1671 = ORIENTED_EDGE('',*,*,#292,.F.);
#1672 = PLANE('',#1673);
#1673 = AXIS2_PLACEMENT_3D('',#1674,#1675,#1676);
#1674 = CARTESIAN_POINT('',(7.,-29.,3.6));
#1675 = DIRECTION('',(1.,0.,-0.));
#1676 = DIRECTION('',(0.,0.,1.));
#1677 = ADVANCED_FACE('',(#1678),#1689,.T.);
#1678 = FACE_BOUND('',#1679,.T.);
#1679 = EDGE_LOOP('',(#1680,#1681,#1682,#1683));
#1680 = ORIENTED_EDGE('',*,*,#308,.F.);
#1681 = ORIENTED_EDGE('',*,*,#806,.F.);
#1682 = ORIENTED_EDGE('',*,*,#417,.T.);
#1683 = ORIENTED_EDGE('',*,*,#1684,.T.);
#1684 = EDGE_CURVE('',#410,#309,#1685,.T.);
#1685 = LINE('',#1686,#1687);
#1686 = CARTESIAN_POINT('',(21.,-23.,0.));
#1687 = VECTOR('',#1688,1.);
#1688 = DIRECTION('',(0.,0.,1.));
#1689 = CYLINDRICAL_SURFACE('',#1690,5.);
#1690 = AXIS2_PLACEMENT_3D('',#1691,#1692,#1693);
#1691 = CARTESIAN_POINT('',(16.,-23.,0.));
#1692 = DIRECTION('',(0.,0.,1.));
#1693 = DIRECTION('',(1.,0.,-0.));
#1694 = ADVANCED_FACE('',(#1695),#1706,.T.);
#1695 = FACE_BOUND('',#1696,.T.);
#1696 = EDGE_LOOP('',(#1697,#1698,#1699,#1705));
#1697 = ORIENTED_EDGE('',*,*,#1684,.F.);
#1698 = ORIENTED_EDGE('',*,*,#409,.T.);
#1699 = ORIENTED_EDGE('',*,*,#1700,.T.);
#1700 = EDGE_CURVE('',#401,#318,#1701,.T.);
#1701 = LINE('',#1702,#1703);
#1702 = CARTESIAN_POINT('',(21.,23.,0.));
#1703 = VECTOR('',#1704,1.);
#1704 = DIRECTION('',(0.,0.,1.));
#1705 = ORIENTED_EDGE('',*,*,#317,.F.);
#1706 = PLANE('',#1707);
#1707 = AXIS2_PLACEMENT_3D('',#1708,#1709,#1710);
#1708 = CARTESIAN_POINT('',(21.,-23.,0.));
#1709 = DIRECTION('',(1.,0.,-0.));
#1710 = DIRECTION('',(0.,0.,1.));
#1711 = ADVANCED_FACE('',(#1712),#1723,.T.);
#1712 = FACE_BOUND('',#1713,.T.);
#1713 = EDGE_LOOP('',(#1714,#1715,#1716,#1717));
#1714 = ORIENTED_EDGE('',*,*,#325,.F.);
#1715 = ORIENTED_EDGE('',*,*,#1700,.F.);
#1716 = ORIENTED_EDGE('',*,*,#400,.T.);
#1717 = ORIENTED_EDGE('',*,*,#1718,.T.);
#1718 = EDGE_CURVE('',#393,#326,#1719,.T.);
#1719 = LINE('',#1720,#1721);
#1720 = CARTESIAN_POINT('',(16.,28.,0.));
#1721 = VECTOR('',#1722,1.);
#1722 = DIRECTION('',(0.,0.,1.));
#1723 = CYLINDRICAL_SURFACE('',#1724,5.);
#1724 = AXIS2_PLACEMENT_3D('',#1725,#1726,#1727);
#1725 = CARTESIAN_POINT('',(16.,23.,0.));
#1726 = DIRECTION('',(0.,0.,1.));
#1727 = DIRECTION('',(1.,0.,-0.));
#1728 = ADVANCED_FACE('',(#1729),#1740,.T.);
#1729 = FACE_BOUND('',#1730,.T.);
#1730 = EDGE_LOOP('',(#1731,#1732,#1738,#1739));
#1731 = ORIENTED_EDGE('',*,*,#392,.F.);
#1732 = ORIENTED_EDGE('',*,*,#1733,.T.);
#1733 = EDGE_CURVE('',#384,#335,#1734,.T.);
#1734 = LINE('',#1735,#1736);
#1735 = CARTESIAN_POINT('',(-16.,28.,0.));
#1736 = VECTOR('',#1737,1.);
#1737 = DIRECTION('',(0.,0.,1.));
#1738 = ORIENTED_EDGE('',*,*,#334,.T.);
#1739 = ORIENTED_EDGE('',*,*,#1718,.F.);
#1740 = PLANE('',#1741);
#1741 = AXIS2_PLACEMENT_3D('',#1742,#1743,#1744);
#1742 = CARTESIAN_POINT('',(-16.,28.,0.));
#1743 = DIRECTION('',(-0.,1.,0.));
#1744 = DIRECTION('',(0.,0.,1.));
#1745 = ADVANCED_FACE('',(#1746),#1752,.T.);
#1746 = FACE_BOUND('',#1747,.T.);
#1747 = EDGE_LOOP('',(#1748,#1749,#1750,#1751));
#1748 = ORIENTED_EDGE('',*,*,#342,.F.);
#1749 = ORIENTED_EDGE('',*,*,#1733,.F.);
#1750 = ORIENTED_EDGE('',*,*,#383,.T.);
#1751 = ORIENTED_EDGE('',*,*,#366,.T.);
#1752 = CYLINDRICAL_SURFACE('',#1753,5.);
#1753 = AXIS2_PLACEMENT_3D('',#1754,#1755,#1756);
#1754 = CARTESIAN_POINT('',(-16.,23.,0.));
#1755 = DIRECTION('',(0.,0.,1.));
#1756 = DIRECTION('',(1.,0.,-0.));
#1757 = ADVANCED_FACE('',(#1758),#1769,.T.);
#1758 = FACE_BOUND('',#1759,.T.);
#1759 = EDGE_LOOP('',(#1760,#1761,#1767,#1768));
#1760 = ORIENTED_EDGE('',*,*,#1475,.T.);
#1761 = ORIENTED_EDGE('',*,*,#1762,.F.);
#1762 = EDGE_CURVE('',#1545,#1468,#1763,.T.);
#1763 = LINE('',#1764,#1765);
#1764 = CARTESIAN_POINT('',(17.,-5.4,9.7));
#1765 = VECTOR('',#1766,1.);
#1766 = DIRECTION('',(-0.,1.,0.));
#1767 = ORIENTED_EDGE('',*,*,#1544,.F.);
#1768 = ORIENTED_EDGE('',*,*,#444,.F.);
#1769 = PLANE('',#1770);
#1770 = AXIS2_PLACEMENT_3D('',#1771,#1772,#1773);
#1771 = CARTESIAN_POINT('',(17.,-8.,4.85));
#1772 = DIRECTION('',(1.,0.,0.));
#1773 = DIRECTION('',(-0.,0.,1.));
#1774 = ADVANCED_FACE('',(#1775),#1818,.T.);
#1775 = FACE_BOUND('',#1776,.T.);
#1776 = EDGE_LOOP('',(#1777,#1785,#1793,#1801,#1809,#1815,#1816,#1817));
#1777 = ORIENTED_EDGE('',*,*,#1778,.T.);
#1778 = EDGE_CURVE('',#1530,#1779,#1781,.T.);
#1779 = VERTEX_POINT('',#1780);
#1780 = CARTESIAN_POINT('',(18.,-10.5,2.8));
#1781 = LINE('',#1782,#1783);
#1782 = CARTESIAN_POINT('',(18.,-10.8,2.8));
#1783 = VECTOR('',#1784,1.);
#1784 = DIRECTION('',(-0.,1.,0.));
#1785 = ORIENTED_EDGE('',*,*,#1786,.T.);
#1786 = EDGE_CURVE('',#1779,#1787,#1789,.T.);
#1787 = VERTEX_POINT('',#1788);
#1788 = CARTESIAN_POINT('',(18.,-10.5,9.7));
#1789 = LINE('',#1790,#1791);
#1790 = CARTESIAN_POINT('',(18.,-10.5,2.8));
#1791 = VECTOR('',#1792,1.);
#1792 = DIRECTION('',(0.,0.,1.));
#1793 = ORIENTED_EDGE('',*,*,#1794,.T.);
#1794 = EDGE_CURVE('',#1787,#1795,#1797,.T.);
#1795 = VERTEX_POINT('',#1796);
#1796 = CARTESIAN_POINT('',(18.,-5.5,9.7));
#1797 = LINE('',#1798,#1799);
#1798 = CARTESIAN_POINT('',(18.,-10.5,9.7));
#1799 = VECTOR('',#1800,1.);
#1800 = DIRECTION('',(-0.,1.,0.));
#1801 = ORIENTED_EDGE('',*,*,#1802,.F.);
#1802 = EDGE_CURVE('',#1803,#1795,#1805,.T.);
#1803 = VERTEX_POINT('',#1804);
#1804 = CARTESIAN_POINT('',(18.,-5.5,2.8));
#1805 = LINE('',#1806,#1807);
#1806 = CARTESIAN_POINT('',(18.,-5.5,2.8));
#1807 = VECTOR('',#1808,1.);
#1808 = DIRECTION('',(0.,0.,1.));
#1809 = ORIENTED_EDGE('',*,*,#1810,.T.);
#1810 = EDGE_CURVE('',#1803,#1483,#1811,.T.);
#1811 = LINE('',#1812,#1813);
#1812 = CARTESIAN_POINT('',(18.,-10.8,2.8));
#1813 = VECTOR('',#1814,1.);
#1814 = DIRECTION('',(-0.,1.,0.));
#1815 = ORIENTED_EDGE('',*,*,#1482,.F.);
#1816 = ORIENTED_EDGE('',*,*,#460,.T.);
#1817 = ORIENTED_EDGE('',*,*,#1537,.T.);
#1818 = PLANE('',#1819);
#1819 = AXIS2_PLACEMENT_3D('',#1820,#1821,#1822);
#1820 = CARTESIAN_POINT('',(18.,-8.,4.714705882353));
#1821 = DIRECTION('',(-1.,-0.,-0.));
#1822 = DIRECTION('',(0.,0.,-1.));
#1823 = ADVANCED_FACE('',(#1824),#1849,.F.);
#1824 = FACE_BOUND('',#1825,.F.);
#1825 = EDGE_LOOP('',(#1826,#1834,#1835,#1843));
#1826 = ORIENTED_EDGE('',*,*,#1827,.F.);
#1827 = EDGE_CURVE('',#471,#1828,#1830,.T.);
#1828 = VERTEX_POINT('',#1829);
#1829 = CARTESIAN_POINT('',(5.,-6.,2.8));
#1830 = LINE('',#1831,#1832);
#1831 = CARTESIAN_POINT('',(5.,-6.,-0.1));
#1832 = VECTOR('',#1833,1.);
#1833 = DIRECTION('',(0.,0.,1.));
#1834 = ORIENTED_EDGE('',*,*,#468,.F.);
#1835 = ORIENTED_EDGE('',*,*,#1836,.T.);
#1836 = EDGE_CURVE('',#469,#1837,#1839,.T.);
#1837 = VERTEX_POINT('',#1838);
#1838 = CARTESIAN_POINT('',(-5.,-6.,2.8));
#1839 = LINE('',#1840,#1841);
#1840 = CARTESIAN_POINT('',(-5.,-6.,-0.1));
#1841 = VECTOR('',#1842,1.);
#1842 = DIRECTION('',(0.,0.,1.));
#1843 = ORIENTED_EDGE('',*,*,#1844,.F.);
#1844 = EDGE_CURVE('',#1828,#1837,#1845,.T.);
#1845 = LINE('',#1846,#1847);
#1846 = CARTESIAN_POINT('',(-8.58,-6.,2.8));
#1847 = VECTOR('',#1848,1.);
#1848 = DIRECTION('',(-1.,-0.,0.));
#1849 = PLANE('',#1850);
#1850 = AXIS2_PLACEMENT_3D('',#1851,#1852,#1853);
#1851 = CARTESIAN_POINT('',(-5.,-6.,-0.1));
#1852 = DIRECTION('',(-0.,1.,0.));
#1853 = DIRECTION('',(0.,0.,1.));
#1854 = ADVANCED_FACE('',(#1855),#1873,.T.);
#1855 = FACE_BOUND('',#1856,.T.);
#1856 = EDGE_LOOP('',(#1857,#1865,#1866,#1867));
#1857 = ORIENTED_EDGE('',*,*,#1858,.F.);
#1858 = EDGE_CURVE('',#479,#1859,#1861,.T.);
#1859 = VERTEX_POINT('',#1860);
#1860 = CARTESIAN_POINT('',(-5.,-8.,2.8));
#1861 = LINE('',#1862,#1863);
#1862 = CARTESIAN_POINT('',(-5.,-8.,-0.1));
#1863 = VECTOR('',#1864,1.);
#1864 = DIRECTION('',(0.,0.,1.));
#1865 = ORIENTED_EDGE('',*,*,#478,.F.);
#1866 = ORIENTED_EDGE('',*,*,#1836,.T.);
#1867 = ORIENTED_EDGE('',*,*,#1868,.F.);
#1868 = EDGE_CURVE('',#1859,#1837,#1869,.T.);
#1869 = LINE('',#1870,#1871);
#1870 = CARTESIAN_POINT('',(-5.,-13.3425,2.8));
#1871 = VECTOR('',#1872,1.);
#1872 = DIRECTION('',(-0.,1.,0.));
#1873 = PLANE('',#1874);
#1874 = AXIS2_PLACEMENT_3D('',#1875,#1876,#1877);
#1875 = CARTESIAN_POINT('',(-5.,-8.,-0.1));
#1876 = DIRECTION('',(1.,0.,-0.));
#1877 = DIRECTION('',(0.,0.,1.));
#1878 = ADVANCED_FACE('',(#1879),#1897,.F.);
#1879 = FACE_BOUND('',#1880,.F.);
#1880 = EDGE_LOOP('',(#1881,#1889,#1890,#1891));
#1881 = ORIENTED_EDGE('',*,*,#1882,.F.);
#1882 = EDGE_CURVE('',#487,#1883,#1885,.T.);
#1883 = VERTEX_POINT('',#1884);
#1884 = CARTESIAN_POINT('',(5.,-8.,2.8));
#1885 = LINE('',#1886,#1887);
#1886 = CARTESIAN_POINT('',(5.,-8.,-0.1));
#1887 = VECTOR('',#1888,1.);
#1888 = DIRECTION('',(0.,0.,1.));
#1889 = ORIENTED_EDGE('',*,*,#494,.F.);
#1890 = ORIENTED_EDGE('',*,*,#1827,.T.);
#1891 = ORIENTED_EDGE('',*,*,#1892,.F.);
#1892 = EDGE_CURVE('',#1883,#1828,#1893,.T.);
#1893 = LINE('',#1894,#1895);
#1894 = CARTESIAN_POINT('',(5.,-13.3425,2.8));
#1895 = VECTOR('',#1896,1.);
#1896 = DIRECTION('',(-0.,1.,0.));
#1897 = PLANE('',#1898);
#1898 = AXIS2_PLACEMENT_3D('',#1899,#1900,#1901);
#1899 = CARTESIAN_POINT('',(5.,-8.,-0.1));
#1900 = DIRECTION('',(1.,0.,-0.));
#1901 = DIRECTION('',(0.,0.,1.));
#1902 = ADVANCED_FACE('',(#1903),#1914,.T.);
#1903 = FACE_BOUND('',#1904,.T.);
#1904 = EDGE_LOOP('',(#1905,#1906,#1907,#1908));
#1905 = ORIENTED_EDGE('',*,*,#1882,.F.);
#1906 = ORIENTED_EDGE('',*,*,#486,.F.);
#1907 = ORIENTED_EDGE('',*,*,#1858,.T.);
#1908 = ORIENTED_EDGE('',*,*,#1909,.F.);
#1909 = EDGE_CURVE('',#1883,#1859,#1910,.T.);
#1910 = LINE('',#1911,#1912);
#1911 = CARTESIAN_POINT('',(-8.58,-8.,2.8));
#1912 = VECTOR('',#1913,1.);
#1913 = DIRECTION('',(-1.,-0.,0.));
#1914 = PLANE('',#1915);
#1915 = AXIS2_PLACEMENT_3D('',#1916,#1917,#1918);
#1916 = CARTESIAN_POINT('',(-5.,-8.,-0.1));
#1917 = DIRECTION('',(-0.,1.,0.));
#1918 = DIRECTION('',(0.,0.,1.));
#1919 = ADVANCED_FACE('',(#1920),#1931,.T.);
#1920 = FACE_BOUND('',#1921,.T.);
#1921 = EDGE_LOOP('',(#1922,#1923,#1924,#1925));
#1922 = ORIENTED_EDGE('',*,*,#1020,.F.);
#1923 = ORIENTED_EDGE('',*,*,#502,.T.);
#1924 = ORIENTED_EDGE('',*,*,#951,.T.);
#1925 = ORIENTED_EDGE('',*,*,#1926,.T.);
#1926 = EDGE_CURVE('',#944,#1021,#1927,.T.);
#1927 = LINE('',#1928,#1929);
#1928 = CARTESIAN_POINT('',(-17.,-5.4,9.7));
#1929 = VECTOR('',#1930,1.);
#1930 = DIRECTION('',(0.,1.,0.));
#1931 = PLANE('',#1932);
#1932 = AXIS2_PLACEMENT_3D('',#1933,#1934,#1935);
#1933 = CARTESIAN_POINT('',(-17.,-8.,4.85));
#1934 = DIRECTION('',(-1.,-0.,-0.));
#1935 = DIRECTION('',(0.,0.,-1.));
#1936 = ADVANCED_FACE('',(#1937),#1980,.T.);
#1937 = FACE_BOUND('',#1938,.T.);
#1938 = EDGE_LOOP('',(#1939,#1947,#1948,#1949,#1950,#1958,#1966,#1974));
#1939 = ORIENTED_EDGE('',*,*,#1940,.T.);
#1940 = EDGE_CURVE('',#1941,#959,#1943,.T.);
#1941 = VERTEX_POINT('',#1942);
#1942 = CARTESIAN_POINT('',(-18.,-10.5,2.8));
#1943 = LINE('',#1944,#1945);
#1944 = CARTESIAN_POINT('',(-18.,-10.8,2.8));
#1945 = VECTOR('',#1946,1.);
#1946 = DIRECTION('',(0.,-1.,0.));
#1947 = ORIENTED_EDGE('',*,*,#958,.F.);
#1948 = ORIENTED_EDGE('',*,*,#520,.F.);
#1949 = ORIENTED_EDGE('',*,*,#1013,.T.);
#1950 = ORIENTED_EDGE('',*,*,#1951,.T.);
#1951 = EDGE_CURVE('',#1006,#1952,#1954,.T.);
#1952 = VERTEX_POINT('',#1953);
#1953 = CARTESIAN_POINT('',(-18.,-5.5,2.8));
#1954 = LINE('',#1955,#1956);
#1955 = CARTESIAN_POINT('',(-18.,-10.8,2.8));
#1956 = VECTOR('',#1957,1.);
#1957 = DIRECTION('',(0.,-1.,0.));
#1958 = ORIENTED_EDGE('',*,*,#1959,.T.);
#1959 = EDGE_CURVE('',#1952,#1960,#1962,.T.);
#1960 = VERTEX_POINT('',#1961);
#1961 = CARTESIAN_POINT('',(-18.,-5.5,9.7));
#1962 = LINE('',#1963,#1964);
#1963 = CARTESIAN_POINT('',(-18.,-5.5,2.8));
#1964 = VECTOR('',#1965,1.);
#1965 = DIRECTION('',(-0.,-0.,1.));
#1966 = ORIENTED_EDGE('',*,*,#1967,.F.);
#1967 = EDGE_CURVE('',#1968,#1960,#1970,.T.);
#1968 = VERTEX_POINT('',#1969);
#1969 = CARTESIAN_POINT('',(-18.,-10.5,9.7));
#1970 = LINE('',#1971,#1972);
#1971 = CARTESIAN_POINT('',(-18.,-10.5,9.7));
#1972 = VECTOR('',#1973,1.);
#1973 = DIRECTION('',(-0.,1.,-0.));
#1974 = ORIENTED_EDGE('',*,*,#1975,.F.);
#1975 = EDGE_CURVE('',#1941,#1968,#1976,.T.);
#1976 = LINE('',#1977,#1978);
#1977 = CARTESIAN_POINT('',(-18.,-10.5,2.8));
#1978 = VECTOR('',#1979,1.);
#1979 = DIRECTION('',(-0.,-0.,1.));
#1980 = PLANE('',#1981);
#1981 = AXIS2_PLACEMENT_3D('',#1982,#1983,#1984);
#1982 = CARTESIAN_POINT('',(-18.,-8.,4.714705882353));
#1983 = DIRECTION('',(1.,0.,0.));
#1984 = DIRECTION('',(-0.,0.,1.));
#1985 = ADVANCED_FACE('',(#1986),#2011,.F.);
#1986 = FACE_BOUND('',#1987,.F.);
#1987 = EDGE_LOOP('',(#1988,#1996,#1997,#2005));
#1988 = ORIENTED_EDGE('',*,*,#1989,.F.);
#1989 = EDGE_CURVE('',#539,#1990,#1992,.T.);
#1990 = VERTEX_POINT('',#1991);
#1991 = CARTESIAN_POINT('',(5.,0.,2.8));
#1992 = LINE('',#1993,#1994);
#1993 = CARTESIAN_POINT('',(5.,0.,-0.1));
#1994 = VECTOR('',#1995,1.);
#1995 = DIRECTION('',(0.,0.,1.));
#1996 = ORIENTED_EDGE('',*,*,#536,.F.);
#1997 = ORIENTED_EDGE('',*,*,#1998,.T.);
#1998 = EDGE_CURVE('',#537,#1999,#2001,.T.);
#1999 = VERTEX_POINT('',#2000);
#2000 = CARTESIAN_POINT('',(-5.,0.,2.8));
#2001 = LINE('',#2002,#2003);
#2002 = CARTESIAN_POINT('',(-5.,0.,-0.1));
#2003 = VECTOR('',#2004,1.);
#2004 = DIRECTION('',(0.,0.,1.));
#2005 = ORIENTED_EDGE('',*,*,#2006,.F.);
#2006 = EDGE_CURVE('',#1990,#1999,#2007,.T.);
#2007 = LINE('',#2008,#2009);
#2008 = CARTESIAN_POINT('',(-8.58,0.,2.8));
#2009 = VECTOR('',#2010,1.);
#2010 = DIRECTION('',(-1.,-0.,0.));
#2011 = PLANE('',#2012);
#2012 = AXIS2_PLACEMENT_3D('',#2013,#2014,#2015);
#2013 = CARTESIAN_POINT('',(-5.,0.,-0.1));
#2014 = DIRECTION('',(-0.,1.,0.));
#2015 = DIRECTION('',(0.,0.,1.));
#2016 = ADVANCED_FACE('',(#2017),#2035,.T.);
#2017 = FACE_BOUND('',#2018,.T.);
#2018 = EDGE_LOOP('',(#2019,#2027,#2028,#2029));
#2019 = ORIENTED_EDGE('',*,*,#2020,.F.);
#2020 = EDGE_CURVE('',#547,#2021,#2023,.T.);
#2021 = VERTEX_POINT('',#2022);
#2022 = CARTESIAN_POINT('',(-5.,-2.,2.8));
#2023 = LINE('',#2024,#2025);
#2024 = CARTESIAN_POINT('',(-5.,-2.,-0.1));
#2025 = VECTOR('',#2026,1.);
#2026 = DIRECTION('',(0.,0.,1.));
#2027 = ORIENTED_EDGE('',*,*,#546,.F.);
#2028 = ORIENTED_EDGE('',*,*,#1998,.T.);
#2029 = ORIENTED_EDGE('',*,*,#2030,.F.);
#2030 = EDGE_CURVE('',#2021,#1999,#2031,.T.);
#2031 = LINE('',#2032,#2033);
#2032 = CARTESIAN_POINT('',(-5.,-10.3425,2.8));
#2033 = VECTOR('',#2034,1.);
#2034 = DIRECTION('',(-0.,1.,0.));
#2035 = PLANE('',#2036);
#2036 = AXIS2_PLACEMENT_3D('',#2037,#2038,#2039);
#2037 = CARTESIAN_POINT('',(-5.,-2.,-0.1));
#2038 = DIRECTION('',(1.,0.,-0.));
#2039 = DIRECTION('',(0.,0.,1.));
#2040 = ADVANCED_FACE('',(#2041),#2059,.F.);
#2041 = FACE_BOUND('',#2042,.F.);
#2042 = EDGE_LOOP('',(#2043,#2051,#2052,#2053));
#2043 = ORIENTED_EDGE('',*,*,#2044,.F.);
#2044 = EDGE_CURVE('',#555,#2045,#2047,.T.);
#2045 = VERTEX_POINT('',#2046);
#2046 = CARTESIAN_POINT('',(5.,-2.,2.8));
#2047 = LINE('',#2048,#2049);
#2048 = CARTESIAN_POINT('',(5.,-2.,-0.1));
#2049 = VECTOR('',#2050,1.);
#2050 = DIRECTION('',(0.,0.,1.));
#2051 = ORIENTED_EDGE('',*,*,#562,.F.);
#2052 = ORIENTED_EDGE('',*,*,#1989,.T.);
#2053 = ORIENTED_EDGE('',*,*,#2054,.F.);
#2054 = EDGE_CURVE('',#2045,#1990,#2055,.T.);
#2055 = LINE('',#2056,#2057);
#2056 = CARTESIAN_POINT('',(5.,-10.3425,2.8));
#2057 = VECTOR('',#2058,1.);
#2058 = DIRECTION('',(-0.,1.,0.));
#2059 = PLANE('',#2060);
#2060 = AXIS2_PLACEMENT_3D('',#2061,#2062,#2063);
#2061 = CARTESIAN_POINT('',(5.,-2.,-0.1));
#2062 = DIRECTION('',(1.,0.,-0.));
#2063 = DIRECTION('',(0.,0.,1.));
#2064 = ADVANCED_FACE('',(#2065),#2076,.T.);
#2065 = FACE_BOUND('',#2066,.T.);
#2066 = EDGE_LOOP('',(#2067,#2068,#2069,#2070));
#2067 = ORIENTED_EDGE('',*,*,#2044,.F.);
#2068 = ORIENTED_EDGE('',*,*,#554,.F.);
#2069 = ORIENTED_EDGE('',*,*,#2020,.T.);
#2070 = ORIENTED_EDGE('',*,*,#2071,.F.);
#2071 = EDGE_CURVE('',#2045,#2021,#2072,.T.);
#2072 = LINE('',#2073,#2074);
#2073 = CARTESIAN_POINT('',(-8.58,-2.,2.8));
#2074 = VECTOR('',#2075,1.);
#2075 = DIRECTION('',(-1.,-0.,0.));
#2076 = PLANE('',#2077);
#2077 = AXIS2_PLACEMENT_3D('',#2078,#2079,#2080);
#2078 = CARTESIAN_POINT('',(-5.,-2.,-0.1));
#2079 = DIRECTION('',(-0.,1.,0.));
#2080 = DIRECTION('',(0.,0.,1.));
#2081 = ADVANCED_FACE('',(#2082),#2093,.T.);
#2082 = FACE_BOUND('',#2083,.T.);
#2083 = EDGE_LOOP('',(#2084,#2085,#2091,#2092));
#2084 = ORIENTED_EDGE('',*,*,#1333,.T.);
#2085 = ORIENTED_EDGE('',*,*,#2086,.F.);
#2086 = EDGE_CURVE('',#1403,#1326,#2087,.T.);
#2087 = LINE('',#2088,#2089);
#2088 = CARTESIAN_POINT('',(17.,2.6,9.7));
#2089 = VECTOR('',#2090,1.);
#2090 = DIRECTION('',(-0.,1.,0.));
#2091 = ORIENTED_EDGE('',*,*,#1402,.F.);
#2092 = ORIENTED_EDGE('',*,*,#580,.F.);
#2093 = PLANE('',#2094);
#2094 = AXIS2_PLACEMENT_3D('',#2095,#2096,#2097);
#2095 = CARTESIAN_POINT('',(17.,8.,4.85));
#2096 = DIRECTION('',(1.,0.,0.));
#2097 = DIRECTION('',(-0.,0.,1.));
#2098 = ADVANCED_FACE('',(#2099),#2142,.T.);
#2099 = FACE_BOUND('',#2100,.T.);
#2100 = EDGE_LOOP('',(#2101,#2109,#2117,#2125,#2133,#2139,#2140,#2141));
#2101 = ORIENTED_EDGE('',*,*,#2102,.T.);
#2102 = EDGE_CURVE('',#1388,#2103,#2105,.T.);
#2103 = VERTEX_POINT('',#2104);
#2104 = CARTESIAN_POINT('',(18.,5.5,2.8));
#2105 = LINE('',#2106,#2107);
#2106 = CARTESIAN_POINT('',(18.,5.2,2.8));
#2107 = VECTOR('',#2108,1.);
#2108 = DIRECTION('',(-0.,1.,0.));
#2109 = ORIENTED_EDGE('',*,*,#2110,.T.);
#2110 = EDGE_CURVE('',#2103,#2111,#2113,.T.);
#2111 = VERTEX_POINT('',#2112);
#2112 = CARTESIAN_POINT('',(18.,5.5,9.7));
#2113 = LINE('',#2114,#2115);
#2114 = CARTESIAN_POINT('',(18.,5.5,2.8));
#2115 = VECTOR('',#2116,1.);
#2116 = DIRECTION('',(0.,0.,1.));
#2117 = ORIENTED_EDGE('',*,*,#2118,.T.);
#2118 = EDGE_CURVE('',#2111,#2119,#2121,.T.);
#2119 = VERTEX_POINT('',#2120);
#2120 = CARTESIAN_POINT('',(18.,10.5,9.7));
#2121 = LINE('',#2122,#2123);
#2122 = CARTESIAN_POINT('',(18.,5.5,9.7));
#2123 = VECTOR('',#2124,1.);
#2124 = DIRECTION('',(-0.,1.,0.));
#2125 = ORIENTED_EDGE('',*,*,#2126,.F.);
#2126 = EDGE_CURVE('',#2127,#2119,#2129,.T.);
#2127 = VERTEX_POINT('',#2128);
#2128 = CARTESIAN_POINT('',(18.,10.5,2.8));
#2129 = LINE('',#2130,#2131);
#2130 = CARTESIAN_POINT('',(18.,10.5,2.8));
#2131 = VECTOR('',#2132,1.);
#2132 = DIRECTION('',(0.,0.,1.));
#2133 = ORIENTED_EDGE('',*,*,#2134,.T.);
#2134 = EDGE_CURVE('',#2127,#1341,#2135,.T.);
#2135 = LINE('',#2136,#2137);
#2136 = CARTESIAN_POINT('',(18.,5.2,2.8));
#2137 = VECTOR('',#2138,1.);
#2138 = DIRECTION('',(-0.,1.,0.));
#2139 = ORIENTED_EDGE('',*,*,#1340,.F.);
#2140 = ORIENTED_EDGE('',*,*,#596,.T.);
#2141 = ORIENTED_EDGE('',*,*,#1395,.T.);
#2142 = PLANE('',#2143);
#2143 = AXIS2_PLACEMENT_3D('',#2144,#2145,#2146);
#2144 = CARTESIAN_POINT('',(18.,8.,4.714705882353));
#2145 = DIRECTION('',(-1.,-0.,-0.));
#2146 = DIRECTION('',(0.,0.,-1.));
#2147 = ADVANCED_FACE('',(#2148),#2173,.F.);
#2148 = FACE_BOUND('',#2149,.F.);
#2149 = EDGE_LOOP('',(#2150,#2158,#2159,#2167));
#2150 = ORIENTED_EDGE('',*,*,#2151,.F.);
#2151 = EDGE_CURVE('',#607,#2152,#2154,.T.);
#2152 = VERTEX_POINT('',#2153);
#2153 = CARTESIAN_POINT('',(10.89,15.285,2.8));
#2154 = LINE('',#2155,#2156);
#2155 = CARTESIAN_POINT('',(10.89,15.285,-0.1));
#2156 = VECTOR('',#2157,1.);
#2157 = DIRECTION('',(0.,0.,1.));
#2158 = ORIENTED_EDGE('',*,*,#604,.F.);
#2159 = ORIENTED_EDGE('',*,*,#2160,.T.);
#2160 = EDGE_CURVE('',#605,#2161,#2163,.T.);
#2161 = VERTEX_POINT('',#2162);
#2162 = CARTESIAN_POINT('',(6.89,15.285,2.8));
#2163 = LINE('',#2164,#2165);
#2164 = CARTESIAN_POINT('',(6.89,15.285,-0.1));
#2165 = VECTOR('',#2166,1.);
#2166 = DIRECTION('',(0.,0.,1.));
#2167 = ORIENTED_EDGE('',*,*,#2168,.F.);
#2168 = EDGE_CURVE('',#2152,#2161,#2169,.T.);
#2169 = LINE('',#2170,#2171);
#2170 = CARTESIAN_POINT('',(-2.635,15.285,2.8));
#2171 = VECTOR('',#2172,1.);
#2172 = DIRECTION('',(-1.,-0.,0.));
#2173 = PLANE('',#2174);
#2174 = AXIS2_PLACEMENT_3D('',#2175,#2176,#2177);
#2175 = CARTESIAN_POINT('',(6.89,15.285,-0.1));
#2176 = DIRECTION('',(-0.,1.,0.));
#2177 = DIRECTION('',(0.,0.,1.));
#2178 = ADVANCED_FACE('',(#2179),#2197,.F.);
#2179 = FACE_BOUND('',#2180,.F.);
#2180 = EDGE_LOOP('',(#2181,#2189,#2190,#2191));
#2181 = ORIENTED_EDGE('',*,*,#2182,.F.);
#2182 = EDGE_CURVE('',#623,#2183,#2185,.T.);
#2183 = VERTEX_POINT('',#2184);
#2184 = CARTESIAN_POINT('',(10.89,-8.715,2.8));
#2185 = LINE('',#2186,#2187);
#2186 = CARTESIAN_POINT('',(10.89,-8.715,-0.1));
#2187 = VECTOR('',#2188,1.);
#2188 = DIRECTION('',(0.,0.,1.));
#2189 = ORIENTED_EDGE('',*,*,#630,.F.);
#2190 = ORIENTED_EDGE('',*,*,#2151,.T.);
#2191 = ORIENTED_EDGE('',*,*,#2192,.F.);
#2192 = EDGE_CURVE('',#2183,#2152,#2193,.T.);
#2193 = LINE('',#2194,#2195);
#2194 = CARTESIAN_POINT('',(10.89,-13.7,2.8));
#2195 = VECTOR('',#2196,1.);
#2196 = DIRECTION('',(-0.,1.,0.));
#2197 = PLANE('',#2198);
#2198 = AXIS2_PLACEMENT_3D('',#2199,#2200,#2201);
#2199 = CARTESIAN_POINT('',(10.89,-8.715,-0.1));
#2200 = DIRECTION('',(1.,0.,-0.));
#2201 = DIRECTION('',(0.,0.,1.));
#2202 = ADVANCED_FACE('',(#2203),#2221,.T.);
#2203 = FACE_BOUND('',#2204,.T.);
#2204 = EDGE_LOOP('',(#2205,#2206,#2207,#2215));
#2205 = ORIENTED_EDGE('',*,*,#2182,.F.);
#2206 = ORIENTED_EDGE('',*,*,#622,.F.);
#2207 = ORIENTED_EDGE('',*,*,#2208,.T.);
#2208 = EDGE_CURVE('',#615,#2209,#2211,.T.);
#2209 = VERTEX_POINT('',#2210);
#2210 = CARTESIAN_POINT('',(6.89,-8.715,2.8));
#2211 = LINE('',#2212,#2213);
#2212 = CARTESIAN_POINT('',(6.89,-8.715,-0.1));
#2213 = VECTOR('',#2214,1.);
#2214 = DIRECTION('',(0.,0.,1.));
#2215 = ORIENTED_EDGE('',*,*,#2216,.F.);
#2216 = EDGE_CURVE('',#2183,#2209,#2217,.T.);
#2217 = LINE('',#2218,#2219);
#2218 = CARTESIAN_POINT('',(-2.635,-8.715,2.8));
#2219 = VECTOR('',#2220,1.);
#2220 = DIRECTION('',(-1.,-0.,0.));
#2221 = PLANE('',#2222);
#2222 = AXIS2_PLACEMENT_3D('',#2223,#2224,#2225);
#2223 = CARTESIAN_POINT('',(6.89,-8.715,-0.1));
#2224 = DIRECTION('',(-0.,1.,0.));
#2225 = DIRECTION('',(0.,0.,1.));
#2226 = ADVANCED_FACE('',(#2227),#2238,.T.);
#2227 = FACE_BOUND('',#2228,.T.);
#2228 = EDGE_LOOP('',(#2229,#2230,#2231,#2232));
#2229 = ORIENTED_EDGE('',*,*,#2208,.F.);
#2230 = ORIENTED_EDGE('',*,*,#614,.F.);
#2231 = ORIENTED_EDGE('',*,*,#2160,.T.);
#2232 = ORIENTED_EDGE('',*,*,#2233,.F.);
#2233 = EDGE_CURVE('',#2209,#2161,#2234,.T.);
#2234 = LINE('',#2235,#2236);
#2235 = CARTESIAN_POINT('',(6.89,-13.7,2.8));
#2236 = VECTOR('',#2237,1.);
#2237 = DIRECTION('',(-0.,1.,0.));
#2238 = PLANE('',#2239);
#2239 = AXIS2_PLACEMENT_3D('',#2240,#2241,#2242);
#2240 = CARTESIAN_POINT('',(6.89,-8.715,-0.1));
#2241 = DIRECTION('',(1.,0.,-0.));
#2242 = DIRECTION('',(0.,0.,1.));
#2243 = ADVANCED_FACE('',(#2244),#2269,.F.);
#2244 = FACE_BOUND('',#2245,.F.);
#2245 = EDGE_LOOP('',(#2246,#2254,#2255,#2263));
#2246 = ORIENTED_EDGE('',*,*,#2247,.F.);
#2247 = EDGE_CURVE('',#641,#2248,#2250,.T.);
#2248 = VERTEX_POINT('',#2249);
#2249 = CARTESIAN_POINT('',(5.,6.,2.8));
#2250 = LINE('',#2251,#2252);
#2251 = CARTESIAN_POINT('',(5.,6.,-0.1));
#2252 = VECTOR('',#2253,1.);
#2253 = DIRECTION('',(0.,0.,1.));
#2254 = ORIENTED_EDGE('',*,*,#638,.F.);
#2255 = ORIENTED_EDGE('',*,*,#2256,.T.);
#2256 = EDGE_CURVE('',#639,#2257,#2259,.T.);
#2257 = VERTEX_POINT('',#2258);
#2258 = CARTESIAN_POINT('',(-5.,6.,2.8));
#2259 = LINE('',#2260,#2261);
#2260 = CARTESIAN_POINT('',(-5.,6.,-0.1));
#2261 = VECTOR('',#2262,1.);
#2262 = DIRECTION('',(0.,0.,1.));
#2263 = ORIENTED_EDGE('',*,*,#2264,.F.);
#2264 = EDGE_CURVE('',#2248,#2257,#2265,.T.);
#2265 = LINE('',#2266,#2267);
#2266 = CARTESIAN_POINT('',(-8.58,6.,2.8));
#2267 = VECTOR('',#2268,1.);
#2268 = DIRECTION('',(-1.,-0.,0.));
#2269 = PLANE('',#2270);
#2270 = AXIS2_PLACEMENT_3D('',#2271,#2272,#2273);
#2271 = CARTESIAN_POINT('',(-5.,6.,-0.1));
#2272 = DIRECTION('',(-0.,1.,0.));
#2273 = DIRECTION('',(0.,0.,1.));
#2274 = ADVANCED_FACE('',(#2275),#2293,.T.);
#2275 = FACE_BOUND('',#2276,.T.);
#2276 = EDGE_LOOP('',(#2277,#2285,#2286,#2287));
#2277 = ORIENTED_EDGE('',*,*,#2278,.F.);
#2278 = EDGE_CURVE('',#649,#2279,#2281,.T.);
#2279 = VERTEX_POINT('',#2280);
#2280 = CARTESIAN_POINT('',(-5.,4.,2.8));
#2281 = LINE('',#2282,#2283);
#2282 = CARTESIAN_POINT('',(-5.,4.,-0.1));
#2283 = VECTOR('',#2284,1.);
#2284 = DIRECTION('',(0.,0.,1.));
#2285 = ORIENTED_EDGE('',*,*,#648,.F.);
#2286 = ORIENTED_EDGE('',*,*,#2256,.T.);
#2287 = ORIENTED_EDGE('',*,*,#2288,.F.);
#2288 = EDGE_CURVE('',#2279,#2257,#2289,.T.);
#2289 = LINE('',#2290,#2291);
#2290 = CARTESIAN_POINT('',(-5.,-7.3425,2.8));
#2291 = VECTOR('',#2292,1.);
#2292 = DIRECTION('',(-0.,1.,0.));
#2293 = PLANE('',#2294);
#2294 = AXIS2_PLACEMENT_3D('',#2295,#2296,#2297);
#2295 = CARTESIAN_POINT('',(-5.,4.,-0.1));
#2296 = DIRECTION('',(1.,0.,-0.));
#2297 = DIRECTION('',(0.,0.,1.));
#2298 = ADVANCED_FACE('',(#2299),#2317,.F.);
#2299 = FACE_BOUND('',#2300,.F.);
#2300 = EDGE_LOOP('',(#2301,#2309,#2310,#2311));
#2301 = ORIENTED_EDGE('',*,*,#2302,.F.);
#2302 = EDGE_CURVE('',#657,#2303,#2305,.T.);
#2303 = VERTEX_POINT('',#2304);
#2304 = CARTESIAN_POINT('',(5.,4.,2.8));
#2305 = LINE('',#2306,#2307);
#2306 = CARTESIAN_POINT('',(5.,4.,-0.1));
#2307 = VECTOR('',#2308,1.);
#2308 = DIRECTION('',(0.,0.,1.));
#2309 = ORIENTED_EDGE('',*,*,#664,.F.);
#2310 = ORIENTED_EDGE('',*,*,#2247,.T.);
#2311 = ORIENTED_EDGE('',*,*,#2312,.F.);
#2312 = EDGE_CURVE('',#2303,#2248,#2313,.T.);
#2313 = LINE('',#2314,#2315);
#2314 = CARTESIAN_POINT('',(5.,-7.3425,2.8));
#2315 = VECTOR('',#2316,1.);
#2316 = DIRECTION('',(-0.,1.,0.));
#2317 = PLANE('',#2318);
#2318 = AXIS2_PLACEMENT_3D('',#2319,#2320,#2321);
#2319 = CARTESIAN_POINT('',(5.,4.,-0.1));
#2320 = DIRECTION('',(1.,0.,-0.));
#2321 = DIRECTION('',(0.,0.,1.));
#2322 = ADVANCED_FACE('',(#2323),#2334,.T.);
#2323 = FACE_BOUND('',#2324,.T.);
#2324 = EDGE_LOOP('',(#2325,#2326,#2327,#2328));
#2325 = ORIENTED_EDGE('',*,*,#2302,.F.);
#2326 = ORIENTED_EDGE('',*,*,#656,.F.);
#2327 = ORIENTED_EDGE('',*,*,#2278,.T.);
#2328 = ORIENTED_EDGE('',*,*,#2329,.F.);
#2329 = EDGE_CURVE('',#2303,#2279,#2330,.T.);
#2330 = LINE('',#2331,#2332);
#2331 = CARTESIAN_POINT('',(-8.58,4.,2.8));
#2332 = VECTOR('',#2333,1.);
#2333 = DIRECTION('',(-1.,-0.,0.));
#2334 = PLANE('',#2335);
#2335 = AXIS2_PLACEMENT_3D('',#2336,#2337,#2338);
#2336 = CARTESIAN_POINT('',(-5.,4.,-0.1));
#2337 = DIRECTION('',(-0.,1.,0.));
#2338 = DIRECTION('',(0.,0.,1.));
#2339 = ADVANCED_FACE('',(#2340),#2365,.F.);
#2340 = FACE_BOUND('',#2341,.F.);
#2341 = EDGE_LOOP('',(#2342,#2350,#2351,#2359));
#2342 = ORIENTED_EDGE('',*,*,#2343,.F.);
#2343 = EDGE_CURVE('',#675,#2344,#2346,.T.);
#2344 = VERTEX_POINT('',#2345);
#2345 = CARTESIAN_POINT('',(-6.89,15.285,2.8));
#2346 = LINE('',#2347,#2348);
#2347 = CARTESIAN_POINT('',(-6.89,15.285,-0.1));
#2348 = VECTOR('',#2349,1.);
#2349 = DIRECTION('',(0.,0.,1.));
#2350 = ORIENTED_EDGE('',*,*,#672,.F.);
#2351 = ORIENTED_EDGE('',*,*,#2352,.T.);
#2352 = EDGE_CURVE('',#673,#2353,#2355,.T.);
#2353 = VERTEX_POINT('',#2354);
#2354 = CARTESIAN_POINT('',(-10.89,15.285,2.8));
#2355 = LINE('',#2356,#2357);
#2356 = CARTESIAN_POINT('',(-10.89,15.285,-0.1));
#2357 = VECTOR('',#2358,1.);
#2358 = DIRECTION('',(0.,0.,1.));
#2359 = ORIENTED_EDGE('',*,*,#2360,.F.);
#2360 = EDGE_CURVE('',#2344,#2353,#2361,.T.);
#2361 = LINE('',#2362,#2363);
#2362 = CARTESIAN_POINT('',(-11.525,15.285,2.8));
#2363 = VECTOR('',#2364,1.);
#2364 = DIRECTION('',(-1.,-0.,0.));
#2365 = PLANE('',#2366);
#2366 = AXIS2_PLACEMENT_3D('',#2367,#2368,#2369);
#2367 = CARTESIAN_POINT('',(-10.89,15.285,-0.1));
#2368 = DIRECTION('',(-0.,1.,0.));
#2369 = DIRECTION('',(0.,0.,1.));
#2370 = ADVANCED_FACE('',(#2371),#2389,.T.);
#2371 = FACE_BOUND('',#2372,.T.);
#2372 = EDGE_LOOP('',(#2373,#2381,#2382,#2383));
#2373 = ORIENTED_EDGE('',*,*,#2374,.F.);
#2374 = EDGE_CURVE('',#683,#2375,#2377,.T.);
#2375 = VERTEX_POINT('',#2376);
#2376 = CARTESIAN_POINT('',(-10.89,-8.715,2.8));
#2377 = LINE('',#2378,#2379);
#2378 = CARTESIAN_POINT('',(-10.89,-8.715,-0.1));
#2379 = VECTOR('',#2380,1.);
#2380 = DIRECTION('',(0.,0.,1.));
#2381 = ORIENTED_EDGE('',*,*,#682,.F.);
#2382 = ORIENTED_EDGE('',*,*,#2352,.T.);
#2383 = ORIENTED_EDGE('',*,*,#2384,.F.);
#2384 = EDGE_CURVE('',#2375,#2353,#2385,.T.);
#2385 = LINE('',#2386,#2387);
#2386 = CARTESIAN_POINT('',(-10.89,-13.7,2.8));
#2387 = VECTOR('',#2388,1.);
#2388 = DIRECTION('',(-0.,1.,0.));
#2389 = PLANE('',#2390);
#2390 = AXIS2_PLACEMENT_3D('',#2391,#2392,#2393);
#2391 = CARTESIAN_POINT('',(-10.89,-8.715,-0.1));
#2392 = DIRECTION('',(1.,0.,-0.));
#2393 = DIRECTION('',(0.,0.,1.));
#2394 = ADVANCED_FACE('',(#2395),#2413,.F.);
#2395 = FACE_BOUND('',#2396,.F.);
#2396 = EDGE_LOOP('',(#2397,#2405,#2406,#2407));
#2397 = ORIENTED_EDGE('',*,*,#2398,.F.);
#2398 = EDGE_CURVE('',#691,#2399,#2401,.T.);
#2399 = VERTEX_POINT('',#2400);
#2400 = CARTESIAN_POINT('',(-6.89,-8.715,2.8));
#2401 = LINE('',#2402,#2403);
#2402 = CARTESIAN_POINT('',(-6.89,-8.715,-0.1));
#2403 = VECTOR('',#2404,1.);
#2404 = DIRECTION('',(0.,0.,1.));
#2405 = ORIENTED_EDGE('',*,*,#698,.F.);
#2406 = ORIENTED_EDGE('',*,*,#2343,.T.);
#2407 = ORIENTED_EDGE('',*,*,#2408,.F.);
#2408 = EDGE_CURVE('',#2399,#2344,#2409,.T.);
#2409 = LINE('',#2410,#2411);
#2410 = CARTESIAN_POINT('',(-6.89,-13.7,2.8));
#2411 = VECTOR('',#2412,1.);
#2412 = DIRECTION('',(-0.,1.,0.));
#2413 = PLANE('',#2414);
#2414 = AXIS2_PLACEMENT_3D('',#2415,#2416,#2417);
#2415 = CARTESIAN_POINT('',(-6.89,-8.715,-0.1));
#2416 = DIRECTION('',(1.,0.,-0.));
#2417 = DIRECTION('',(0.,0.,1.));
#2418 = ADVANCED_FACE('',(#2419),#2430,.T.);
#2419 = FACE_BOUND('',#2420,.T.);
#2420 = EDGE_LOOP('',(#2421,#2422,#2423,#2424));
#2421 = ORIENTED_EDGE('',*,*,#2398,.F.);
#2422 = ORIENTED_EDGE('',*,*,#690,.F.);
#2423 = ORIENTED_EDGE('',*,*,#2374,.T.);
#2424 = ORIENTED_EDGE('',*,*,#2425,.F.);
#2425 = EDGE_CURVE('',#2399,#2375,#2426,.T.);
#2426 = LINE('',#2427,#2428);
#2427 = CARTESIAN_POINT('',(-11.525,-8.715,2.8));
#2428 = VECTOR('',#2429,1.);
#2429 = DIRECTION('',(-1.,-0.,0.));
#2430 = PLANE('',#2431);
#2431 = AXIS2_PLACEMENT_3D('',#2432,#2433,#2434);
#2432 = CARTESIAN_POINT('',(-10.89,-8.715,-0.1));
#2433 = DIRECTION('',(-0.,1.,0.));
#2434 = DIRECTION('',(0.,0.,1.));
#2435 = ADVANCED_FACE('',(#2436),#2447,.T.);
#2436 = FACE_BOUND('',#2437,.T.);
#2437 = EDGE_LOOP('',(#2438,#2439,#2440,#2441));
#2438 = ORIENTED_EDGE('',*,*,#1162,.F.);
#2439 = ORIENTED_EDGE('',*,*,#706,.T.);
#2440 = ORIENTED_EDGE('',*,*,#1093,.T.);
#2441 = ORIENTED_EDGE('',*,*,#2442,.T.);
#2442 = EDGE_CURVE('',#1086,#1163,#2443,.T.);
#2443 = LINE('',#2444,#2445);
#2444 = CARTESIAN_POINT('',(-17.,2.6,9.7));
#2445 = VECTOR('',#2446,1.);
#2446 = DIRECTION('',(0.,1.,0.));
#2447 = PLANE('',#2448);
#2448 = AXIS2_PLACEMENT_3D('',#2449,#2450,#2451);
#2449 = CARTESIAN_POINT('',(-17.,8.,4.85));
#2450 = DIRECTION('',(-1.,-0.,-0.));
#2451 = DIRECTION('',(0.,0.,-1.));
#2452 = ADVANCED_FACE('',(#2453),#2496,.T.);
#2453 = FACE_BOUND('',#2454,.T.);
#2454 = EDGE_LOOP('',(#2455,#2463,#2464,#2465,#2466,#2474,#2482,#2490));
#2455 = ORIENTED_EDGE('',*,*,#2456,.T.);
#2456 = EDGE_CURVE('',#2457,#1101,#2459,.T.);
#2457 = VERTEX_POINT('',#2458);
#2458 = CARTESIAN_POINT('',(-18.,5.5,2.8));
#2459 = LINE('',#2460,#2461);
#2460 = CARTESIAN_POINT('',(-18.,5.2,2.8));
#2461 = VECTOR('',#2462,1.);
#2462 = DIRECTION('',(0.,-1.,0.));
#2463 = ORIENTED_EDGE('',*,*,#1100,.F.);
#2464 = ORIENTED_EDGE('',*,*,#724,.F.);
#2465 = ORIENTED_EDGE('',*,*,#1155,.T.);
#2466 = ORIENTED_EDGE('',*,*,#2467,.T.);
#2467 = EDGE_CURVE('',#1148,#2468,#2470,.T.);
#2468 = VERTEX_POINT('',#2469);
#2469 = CARTESIAN_POINT('',(-18.,10.5,2.8));
#2470 = LINE('',#2471,#2472);
#2471 = CARTESIAN_POINT('',(-18.,5.2,2.8));
#2472 = VECTOR('',#2473,1.);
#2473 = DIRECTION('',(0.,-1.,0.));
#2474 = ORIENTED_EDGE('',*,*,#2475,.T.);
#2475 = EDGE_CURVE('',#2468,#2476,#2478,.T.);
#2476 = VERTEX_POINT('',#2477);
#2477 = CARTESIAN_POINT('',(-18.,10.5,9.7));
#2478 = LINE('',#2479,#2480);
#2479 = CARTESIAN_POINT('',(-18.,10.5,2.8));
#2480 = VECTOR('',#2481,1.);
#2481 = DIRECTION('',(-0.,-0.,1.));
#2482 = ORIENTED_EDGE('',*,*,#2483,.F.);
#2483 = EDGE_CURVE('',#2484,#2476,#2486,.T.);
#2484 = VERTEX_POINT('',#2485);
#2485 = CARTESIAN_POINT('',(-18.,5.5,9.7));
#2486 = LINE('',#2487,#2488);
#2487 = CARTESIAN_POINT('',(-18.,5.5,9.7));
#2488 = VECTOR('',#2489,1.);
#2489 = DIRECTION('',(-0.,1.,-0.));
#2490 = ORIENTED_EDGE('',*,*,#2491,.F.);
#2491 = EDGE_CURVE('',#2457,#2484,#2492,.T.);
#2492 = LINE('',#2493,#2494);
#2493 = CARTESIAN_POINT('',(-18.,5.5,2.8));
#2494 = VECTOR('',#2495,1.);
#2495 = DIRECTION('',(-0.,-0.,1.));
#2496 = PLANE('',#2497);
#2497 = AXIS2_PLACEMENT_3D('',#2498,#2499,#2500);
#2498 = CARTESIAN_POINT('',(-18.,8.,4.714705882353));
#2499 = DIRECTION('',(1.,0.,0.));
#2500 = DIRECTION('',(-0.,0.,1.));
#2501 = ADVANCED_FACE('',(#2502),#2527,.F.);
#2502 = FACE_BOUND('',#2503,.F.);
#2503 = EDGE_LOOP('',(#2504,#2512,#2513,#2521));
#2504 = ORIENTED_EDGE('',*,*,#2505,.F.);
#2505 = EDGE_CURVE('',#743,#2506,#2508,.T.);
#2506 = VERTEX_POINT('',#2507);
#2507 = CARTESIAN_POINT('',(5.,12.,2.8));
#2508 = LINE('',#2509,#2510);
#2509 = CARTESIAN_POINT('',(5.,12.,-0.1));
#2510 = VECTOR('',#2511,1.);
#2511 = DIRECTION('',(0.,0.,1.));
#2512 = ORIENTED_EDGE('',*,*,#740,.F.);
#2513 = ORIENTED_EDGE('',*,*,#2514,.T.);
#2514 = EDGE_CURVE('',#741,#2515,#2517,.T.);
#2515 = VERTEX_POINT('',#2516);
#2516 = CARTESIAN_POINT('',(-5.,12.,2.8));
#2517 = LINE('',#2518,#2519);
#2518 = CARTESIAN_POINT('',(-5.,12.,-0.1));
#2519 = VECTOR('',#2520,1.);
#2520 = DIRECTION('',(0.,0.,1.));
#2521 = ORIENTED_EDGE('',*,*,#2522,.F.);
#2522 = EDGE_CURVE('',#2506,#2515,#2523,.T.);
#2523 = LINE('',#2524,#2525);
#2524 = CARTESIAN_POINT('',(-8.58,12.,2.8));
#2525 = VECTOR('',#2526,1.);
#2526 = DIRECTION('',(-1.,-0.,0.));
#2527 = PLANE('',#2528);
#2528 = AXIS2_PLACEMENT_3D('',#2529,#2530,#2531);
#2529 = CARTESIAN_POINT('',(-5.,12.,-0.1));
#2530 = DIRECTION('',(-0.,1.,0.));
#2531 = DIRECTION('',(0.,0.,1.));
#2532 = ADVANCED_FACE('',(#2533),#2551,.T.);
#2533 = FACE_BOUND('',#2534,.T.);
#2534 = EDGE_LOOP('',(#2535,#2543,#2544,#2545));
#2535 = ORIENTED_EDGE('',*,*,#2536,.F.);
#2536 = EDGE_CURVE('',#751,#2537,#2539,.T.);
#2537 = VERTEX_POINT('',#2538);
#2538 = CARTESIAN_POINT('',(-5.,10.,2.8));
#2539 = LINE('',#2540,#2541);
#2540 = CARTESIAN_POINT('',(-5.,10.,-0.1));
#2541 = VECTOR('',#2542,1.);
#2542 = DIRECTION('',(0.,0.,1.));
#2543 = ORIENTED_EDGE('',*,*,#750,.F.);
#2544 = ORIENTED_EDGE('',*,*,#2514,.T.);
#2545 = ORIENTED_EDGE('',*,*,#2546,.F.);
#2546 = EDGE_CURVE('',#2537,#2515,#2547,.T.);
#2547 = LINE('',#2548,#2549);
#2548 = CARTESIAN_POINT('',(-5.,-4.3425,2.8));
#2549 = VECTOR('',#2550,1.);
#2550 = DIRECTION('',(-0.,1.,0.));
#2551 = PLANE('',#2552);
#2552 = AXIS2_PLACEMENT_3D('',#2553,#2554,#2555);
#2553 = CARTESIAN_POINT('',(-5.,10.,-0.1));
#2554 = DIRECTION('',(1.,0.,-0.));
#2555 = DIRECTION('',(0.,0.,1.));
#2556 = ADVANCED_FACE('',(#2557),#2575,.F.);
#2557 = FACE_BOUND('',#2558,.F.);
#2558 = EDGE_LOOP('',(#2559,#2567,#2568,#2569));
#2559 = ORIENTED_EDGE('',*,*,#2560,.F.);
#2560 = EDGE_CURVE('',#759,#2561,#2563,.T.);
#2561 = VERTEX_POINT('',#2562);
#2562 = CARTESIAN_POINT('',(5.,10.,2.8));
#2563 = LINE('',#2564,#2565);
#2564 = CARTESIAN_POINT('',(5.,10.,-0.1));
#2565 = VECTOR('',#2566,1.);
#2566 = DIRECTION('',(0.,0.,1.));
#2567 = ORIENTED_EDGE('',*,*,#766,.F.);
#2568 = ORIENTED_EDGE('',*,*,#2505,.T.);
#2569 = ORIENTED_EDGE('',*,*,#2570,.F.);
#2570 = EDGE_CURVE('',#2561,#2506,#2571,.T.);
#2571 = LINE('',#2572,#2573);
#2572 = CARTESIAN_POINT('',(5.,-4.3425,2.8));
#2573 = VECTOR('',#2574,1.);
#2574 = DIRECTION('',(-0.,1.,0.));
#2575 = PLANE('',#2576);
#2576 = AXIS2_PLACEMENT_3D('',#2577,#2578,#2579);
#2577 = CARTESIAN_POINT('',(5.,10.,-0.1));
#2578 = DIRECTION('',(1.,0.,-0.));
#2579 = DIRECTION('',(0.,0.,1.));
#2580 = ADVANCED_FACE('',(#2581),#2592,.T.);
#2581 = FACE_BOUND('',#2582,.T.);
#2582 = EDGE_LOOP('',(#2583,#2584,#2585,#2586));
#2583 = ORIENTED_EDGE('',*,*,#2560,.F.);
#2584 = ORIENTED_EDGE('',*,*,#758,.F.);
#2585 = ORIENTED_EDGE('',*,*,#2536,.T.);
#2586 = ORIENTED_EDGE('',*,*,#2587,.F.);
#2587 = EDGE_CURVE('',#2561,#2537,#2588,.T.);
#2588 = LINE('',#2589,#2590);
#2589 = CARTESIAN_POINT('',(-8.58,10.,2.8));
#2590 = VECTOR('',#2591,1.);
#2591 = DIRECTION('',(-1.,-0.,0.));
#2592 = PLANE('',#2593);
#2593 = AXIS2_PLACEMENT_3D('',#2594,#2595,#2596);
#2594 = CARTESIAN_POINT('',(-5.,10.,-0.1));
#2595 = DIRECTION('',(-0.,1.,0.));
#2596 = DIRECTION('',(0.,0.,1.));
#2597 = ADVANCED_FACE('',(#2598),#2609,.T.);
#2598 = FACE_BOUND('',#2599,.T.);
#2599 = EDGE_LOOP('',(#2600,#2601,#2602,#2603));
#2600 = ORIENTED_EDGE('',*,*,#821,.F.);
#2601 = ORIENTED_EDGE('',*,*,#791,.T.);
#2602 = ORIENTED_EDGE('',*,*,#1649,.T.);
#2603 = ORIENTED_EDGE('',*,*,#2604,.F.);
#2604 = EDGE_CURVE('',#822,#1650,#2605,.T.);
#2605 = LINE('',#2606,#2607);
#2606 = CARTESIAN_POINT('',(-9.58,-18.685,3.6));
#2607 = VECTOR('',#2608,1.);
#2608 = DIRECTION('',(1.,0.,-0.));
#2609 = PLANE('',#2610);
#2610 = AXIS2_PLACEMENT_3D('',#2611,#2612,#2613);
#2611 = CARTESIAN_POINT('',(-7.,-29.,3.6));
#2612 = DIRECTION('',(0.,0.,1.));
#2613 = DIRECTION('',(1.,0.,-0.));
#2614 = ADVANCED_FACE('',(#2615),#2658,.T.);
#2615 = FACE_BOUND('',#2616,.T.);
#2616 = EDGE_LOOP('',(#2617,#2627,#2635,#2643,#2649,#2650,#2651,#2652));
#2617 = ORIENTED_EDGE('',*,*,#2618,.F.);
#2618 = EDGE_CURVE('',#2619,#2621,#2623,.T.);
#2619 = VERTEX_POINT('',#2620);
#2620 = CARTESIAN_POINT('',(12.16,-18.685,2.8));
#2621 = VERTEX_POINT('',#2622);
#2622 = CARTESIAN_POINT('',(12.16,-18.685,9.7));
#2623 = LINE('',#2624,#2625);
#2624 = CARTESIAN_POINT('',(12.16,-18.685,2.8));
#2625 = VECTOR('',#2626,1.);
#2626 = DIRECTION('',(0.,0.,1.));
#2627 = ORIENTED_EDGE('',*,*,#2628,.F.);
#2628 = EDGE_CURVE('',#2629,#2619,#2631,.T.);
#2629 = VERTEX_POINT('',#2630);
#2630 = CARTESIAN_POINT('',(-12.16,-18.685,2.8));
#2631 = LINE('',#2632,#2633);
#2632 = CARTESIAN_POINT('',(-12.16,-18.685,2.8));
#2633 = VECTOR('',#2634,1.);
#2634 = DIRECTION('',(1.,0.,-0.));
#2635 = ORIENTED_EDGE('',*,*,#2636,.T.);
#2636 = EDGE_CURVE('',#2629,#2637,#2639,.T.);
#2637 = VERTEX_POINT('',#2638);
#2638 = CARTESIAN_POINT('',(-12.16,-18.685,9.7));
#2639 = LINE('',#2640,#2641);
#2640 = CARTESIAN_POINT('',(-12.16,-18.685,2.8));
#2641 = VECTOR('',#2642,1.);
#2642 = DIRECTION('',(0.,0.,1.));
#2643 = ORIENTED_EDGE('',*,*,#2644,.F.);
#2644 = EDGE_CURVE('',#830,#2637,#2645,.T.);
#2645 = LINE('',#2646,#2647);
#2646 = CARTESIAN_POINT('',(-6.08,-18.685,9.7));
#2647 = VECTOR('',#2648,1.);
#2648 = DIRECTION('',(-1.,-0.,0.));
#2649 = ORIENTED_EDGE('',*,*,#829,.T.);
#2650 = ORIENTED_EDGE('',*,*,#2604,.T.);
#2651 = ORIENTED_EDGE('',*,*,#1657,.F.);
#2652 = ORIENTED_EDGE('',*,*,#2653,.F.);
#2653 = EDGE_CURVE('',#2621,#1658,#2654,.T.);
#2654 = LINE('',#2655,#2656);
#2655 = CARTESIAN_POINT('',(-6.08,-18.685,9.7));
#2656 = VECTOR('',#2657,1.);
#2657 = DIRECTION('',(-1.,-0.,0.));
#2658 = PLANE('',#2659);
#2659 = AXIS2_PLACEMENT_3D('',#2660,#2661,#2662);
#2660 = CARTESIAN_POINT('',(-12.16,-18.685,2.8));
#2661 = DIRECTION('',(-0.,1.,0.));
#2662 = DIRECTION('',(0.,0.,1.));
#2663 = ADVANCED_FACE('',(#2664),#2717,.T.);
#2664 = FACE_BOUND('',#2665,.T.);
#2665 = EDGE_LOOP('',(#2666,#2667,#2668,#2669,#2670,#2671,#2679,#2687,
    #2693,#2694,#2695,#2696,#2697,#2698,#2699,#2700,#2701,#2702,#2703,
    #2704,#2705,#2706,#2707,#2708,#2709,#2710,#2711,#2712,#2713,#2714,
    #2715,#2716));
#2666 = ORIENTED_EDGE('',*,*,#919,.F.);
#2667 = ORIENTED_EDGE('',*,*,#884,.T.);
#2668 = ORIENTED_EDGE('',*,*,#870,.T.);
#2669 = ORIENTED_EDGE('',*,*,#837,.T.);
#2670 = ORIENTED_EDGE('',*,*,#2644,.T.);
#2671 = ORIENTED_EDGE('',*,*,#2672,.T.);
#2672 = EDGE_CURVE('',#2637,#2673,#2675,.T.);
#2673 = VERTEX_POINT('',#2674);
#2674 = CARTESIAN_POINT('',(-12.16,18.685,9.7));
#2675 = LINE('',#2676,#2677);
#2676 = CARTESIAN_POINT('',(-12.16,-9.3425,9.7));
#2677 = VECTOR('',#2678,1.);
#2678 = DIRECTION('',(-0.,1.,0.));
#2679 = ORIENTED_EDGE('',*,*,#2680,.F.);
#2680 = EDGE_CURVE('',#2681,#2673,#2683,.T.);
#2681 = VERTEX_POINT('',#2682);
#2682 = CARTESIAN_POINT('',(12.16,18.685,9.7));
#2683 = LINE('',#2684,#2685);
#2684 = CARTESIAN_POINT('',(-6.08,18.685,9.7));
#2685 = VECTOR('',#2686,1.);
#2686 = DIRECTION('',(-1.,-0.,0.));
#2687 = ORIENTED_EDGE('',*,*,#2688,.F.);
#2688 = EDGE_CURVE('',#2621,#2681,#2689,.T.);
#2689 = LINE('',#2690,#2691);
#2690 = CARTESIAN_POINT('',(12.16,-9.3425,9.7));
#2691 = VECTOR('',#2692,1.);
#2692 = DIRECTION('',(-0.,1.,0.));
#2693 = ORIENTED_EDGE('',*,*,#2653,.T.);
#2694 = ORIENTED_EDGE('',*,*,#1665,.F.);
#2695 = ORIENTED_EDGE('',*,*,#1634,.T.);
#2696 = ORIENTED_EDGE('',*,*,#1599,.T.);
#2697 = ORIENTED_EDGE('',*,*,#1585,.T.);
#2698 = ORIENTED_EDGE('',*,*,#1552,.T.);
#2699 = ORIENTED_EDGE('',*,*,#1762,.T.);
#2700 = ORIENTED_EDGE('',*,*,#1467,.F.);
#2701 = ORIENTED_EDGE('',*,*,#1443,.T.);
#2702 = ORIENTED_EDGE('',*,*,#1410,.T.);
#2703 = ORIENTED_EDGE('',*,*,#2086,.T.);
#2704 = ORIENTED_EDGE('',*,*,#1325,.F.);
#2705 = ORIENTED_EDGE('',*,*,#1301,.T.);
#2706 = ORIENTED_EDGE('',*,*,#1266,.T.);
#2707 = ORIENTED_EDGE('',*,*,#1244,.F.);
#2708 = ORIENTED_EDGE('',*,*,#1217,.T.);
#2709 = ORIENTED_EDGE('',*,*,#1193,.F.);
#2710 = ORIENTED_EDGE('',*,*,#1170,.T.);
#2711 = ORIENTED_EDGE('',*,*,#2442,.F.);
#2712 = ORIENTED_EDGE('',*,*,#1085,.F.);
#2713 = ORIENTED_EDGE('',*,*,#1051,.F.);
#2714 = ORIENTED_EDGE('',*,*,#1028,.T.);
#2715 = ORIENTED_EDGE('',*,*,#1926,.F.);
#2716 = ORIENTED_EDGE('',*,*,#943,.F.);
#2717 = PLANE('',#2718);
#2718 = AXIS2_PLACEMENT_3D('',#2719,#2720,#2721);
#2719 = CARTESIAN_POINT('',(0.,6.509969733414E-16,9.7));
#2720 = DIRECTION('',(0.,0.,1.));
#2721 = DIRECTION('',(1.,0.,-0.));
#2722 = ADVANCED_FACE('',(#2723),#2752,.T.);
#2723 = FACE_BOUND('',#2724,.F.);
#2724 = EDGE_LOOP('',(#2725,#2726,#2727,#2728,#2729,#2730,#2738,#2746));
#2725 = ORIENTED_EDGE('',*,*,#1940,.T.);
#2726 = ORIENTED_EDGE('',*,*,#966,.T.);
#2727 = ORIENTED_EDGE('',*,*,#981,.T.);
#2728 = ORIENTED_EDGE('',*,*,#1005,.F.);
#2729 = ORIENTED_EDGE('',*,*,#1951,.T.);
#2730 = ORIENTED_EDGE('',*,*,#2731,.T.);
#2731 = EDGE_CURVE('',#1952,#2732,#2734,.T.);
#2732 = VERTEX_POINT('',#2733);
#2733 = CARTESIAN_POINT('',(-19.,-5.5,2.8));
#2734 = LINE('',#2735,#2736);
#2735 = CARTESIAN_POINT('',(-18.,-5.5,2.8));
#2736 = VECTOR('',#2737,1.);
#2737 = DIRECTION('',(-1.,-0.,-0.));
#2738 = ORIENTED_EDGE('',*,*,#2739,.F.);
#2739 = EDGE_CURVE('',#2740,#2732,#2742,.T.);
#2740 = VERTEX_POINT('',#2741);
#2741 = CARTESIAN_POINT('',(-19.,-10.5,2.8));
#2742 = LINE('',#2743,#2744);
#2743 = CARTESIAN_POINT('',(-19.,-10.5,2.8));
#2744 = VECTOR('',#2745,1.);
#2745 = DIRECTION('',(-0.,1.,-0.));
#2746 = ORIENTED_EDGE('',*,*,#2747,.F.);
#2747 = EDGE_CURVE('',#1941,#2740,#2748,.T.);
#2748 = LINE('',#2749,#2750);
#2749 = CARTESIAN_POINT('',(-18.,-10.5,2.8));
#2750 = VECTOR('',#2751,1.);
#2751 = DIRECTION('',(-1.,-0.,-0.));
#2752 = PLANE('',#2753);
#2753 = AXIS2_PLACEMENT_3D('',#2754,#2755,#2756);
#2754 = CARTESIAN_POINT('',(-17.,-10.8,2.8));
#2755 = DIRECTION('',(-0.,-0.,1.));
#2756 = DIRECTION('',(1.,0.,0.));
#2757 = ADVANCED_FACE('',(#2758),#2787,.T.);
#2758 = FACE_BOUND('',#2759,.F.);
#2759 = EDGE_LOOP('',(#2760,#2761,#2762,#2763,#2764,#2765,#2773,#2781));
#2760 = ORIENTED_EDGE('',*,*,#2456,.T.);
#2761 = ORIENTED_EDGE('',*,*,#1108,.T.);
#2762 = ORIENTED_EDGE('',*,*,#1123,.T.);
#2763 = ORIENTED_EDGE('',*,*,#1147,.F.);
#2764 = ORIENTED_EDGE('',*,*,#2467,.T.);
#2765 = ORIENTED_EDGE('',*,*,#2766,.T.);
#2766 = EDGE_CURVE('',#2468,#2767,#2769,.T.);
#2767 = VERTEX_POINT('',#2768);
#2768 = CARTESIAN_POINT('',(-19.,10.5,2.8));
#2769 = LINE('',#2770,#2771);
#2770 = CARTESIAN_POINT('',(-18.,10.5,2.8));
#2771 = VECTOR('',#2772,1.);
#2772 = DIRECTION('',(-1.,-0.,-0.));
#2773 = ORIENTED_EDGE('',*,*,#2774,.F.);
#2774 = EDGE_CURVE('',#2775,#2767,#2777,.T.);
#2775 = VERTEX_POINT('',#2776);
#2776 = CARTESIAN_POINT('',(-19.,5.5,2.8));
#2777 = LINE('',#2778,#2779);
#2778 = CARTESIAN_POINT('',(-19.,5.5,2.8));
#2779 = VECTOR('',#2780,1.);
#2780 = DIRECTION('',(-0.,1.,-0.));
#2781 = ORIENTED_EDGE('',*,*,#2782,.F.);
#2782 = EDGE_CURVE('',#2457,#2775,#2783,.T.);
#2783 = LINE('',#2784,#2785);
#2784 = CARTESIAN_POINT('',(-18.,5.5,2.8));
#2785 = VECTOR('',#2786,1.);
#2786 = DIRECTION('',(-1.,-0.,-0.));
#2787 = PLANE('',#2788);
#2788 = AXIS2_PLACEMENT_3D('',#2789,#2790,#2791);
#2789 = CARTESIAN_POINT('',(-17.,5.2,2.8));
#2790 = DIRECTION('',(-0.,-0.,1.));
#2791 = DIRECTION('',(1.,0.,0.));
#2792 = ADVANCED_FACE('',(#2793),#2822,.T.);
#2793 = FACE_BOUND('',#2794,.T.);
#2794 = EDGE_LOOP('',(#2795,#2796,#2797,#2798,#2799,#2800,#2808,#2816));
#2795 = ORIENTED_EDGE('',*,*,#2102,.F.);
#2796 = ORIENTED_EDGE('',*,*,#1387,.T.);
#2797 = ORIENTED_EDGE('',*,*,#1370,.T.);
#2798 = ORIENTED_EDGE('',*,*,#1348,.F.);
#2799 = ORIENTED_EDGE('',*,*,#2134,.F.);
#2800 = ORIENTED_EDGE('',*,*,#2801,.T.);
#2801 = EDGE_CURVE('',#2127,#2802,#2804,.T.);
#2802 = VERTEX_POINT('',#2803);
#2803 = CARTESIAN_POINT('',(19.,10.5,2.8));
#2804 = LINE('',#2805,#2806);
#2805 = CARTESIAN_POINT('',(18.,10.5,2.8));
#2806 = VECTOR('',#2807,1.);
#2807 = DIRECTION('',(1.,0.,-0.));
#2808 = ORIENTED_EDGE('',*,*,#2809,.F.);
#2809 = EDGE_CURVE('',#2810,#2802,#2812,.T.);
#2810 = VERTEX_POINT('',#2811);
#2811 = CARTESIAN_POINT('',(19.,5.5,2.8));
#2812 = LINE('',#2813,#2814);
#2813 = CARTESIAN_POINT('',(19.,5.5,2.8));
#2814 = VECTOR('',#2815,1.);
#2815 = DIRECTION('',(-0.,1.,0.));
#2816 = ORIENTED_EDGE('',*,*,#2817,.F.);
#2817 = EDGE_CURVE('',#2103,#2810,#2818,.T.);
#2818 = LINE('',#2819,#2820);
#2819 = CARTESIAN_POINT('',(18.,5.5,2.8));
#2820 = VECTOR('',#2821,1.);
#2821 = DIRECTION('',(1.,0.,-0.));
#2822 = PLANE('',#2823);
#2823 = AXIS2_PLACEMENT_3D('',#2824,#2825,#2826);
#2824 = CARTESIAN_POINT('',(17.,5.2,2.8));
#2825 = DIRECTION('',(0.,0.,1.));
#2826 = DIRECTION('',(1.,0.,-0.));
#2827 = ADVANCED_FACE('',(#2828),#2857,.T.);
#2828 = FACE_BOUND('',#2829,.T.);
#2829 = EDGE_LOOP('',(#2830,#2831,#2832,#2833,#2834,#2835,#2843,#2851));
#2830 = ORIENTED_EDGE('',*,*,#1778,.F.);
#2831 = ORIENTED_EDGE('',*,*,#1529,.T.);
#2832 = ORIENTED_EDGE('',*,*,#1512,.T.);
#2833 = ORIENTED_EDGE('',*,*,#1490,.F.);
#2834 = ORIENTED_EDGE('',*,*,#1810,.F.);
#2835 = ORIENTED_EDGE('',*,*,#2836,.T.);
#2836 = EDGE_CURVE('',#1803,#2837,#2839,.T.);
#2837 = VERTEX_POINT('',#2838);
#2838 = CARTESIAN_POINT('',(19.,-5.5,2.8));
#2839 = LINE('',#2840,#2841);
#2840 = CARTESIAN_POINT('',(18.,-5.5,2.8));
#2841 = VECTOR('',#2842,1.);
#2842 = DIRECTION('',(1.,0.,-0.));
#2843 = ORIENTED_EDGE('',*,*,#2844,.F.);
#2844 = EDGE_CURVE('',#2845,#2837,#2847,.T.);
#2845 = VERTEX_POINT('',#2846);
#2846 = CARTESIAN_POINT('',(19.,-10.5,2.8));
#2847 = LINE('',#2848,#2849);
#2848 = CARTESIAN_POINT('',(19.,-10.5,2.8));
#2849 = VECTOR('',#2850,1.);
#2850 = DIRECTION('',(-0.,1.,0.));
#2851 = ORIENTED_EDGE('',*,*,#2852,.F.);
#2852 = EDGE_CURVE('',#1779,#2845,#2853,.T.);
#2853 = LINE('',#2854,#2855);
#2854 = CARTESIAN_POINT('',(18.,-10.5,2.8));
#2855 = VECTOR('',#2856,1.);
#2856 = DIRECTION('',(1.,0.,-0.));
#2857 = PLANE('',#2858);
#2858 = AXIS2_PLACEMENT_3D('',#2859,#2860,#2861);
#2859 = CARTESIAN_POINT('',(17.,-10.8,2.8));
#2860 = DIRECTION('',(0.,0.,1.));
#2861 = DIRECTION('',(1.,0.,-0.));
#2862 = ADVANCED_FACE('',(#2863),#2905,.T.);
#2863 = FACE_BOUND('',#2864,.T.);
#2864 = EDGE_LOOP('',(#2865,#2873,#2881,#2889,#2897,#2903,#2904));
#2865 = ORIENTED_EDGE('',*,*,#2866,.T.);
#2866 = EDGE_CURVE('',#2845,#2867,#2869,.T.);
#2867 = VERTEX_POINT('',#2868);
#2868 = CARTESIAN_POINT('',(19.,-10.5,8.3));
#2869 = LINE('',#2870,#2871);
#2870 = CARTESIAN_POINT('',(19.,-10.5,2.8));
#2871 = VECTOR('',#2872,1.);
#2872 = DIRECTION('',(0.,0.,1.));
#2873 = ORIENTED_EDGE('',*,*,#2874,.T.);
#2874 = EDGE_CURVE('',#2867,#2875,#2877,.T.);
#2875 = VERTEX_POINT('',#2876);
#2876 = CARTESIAN_POINT('',(19.5,-10.5,8.3));
#2877 = LINE('',#2878,#2879);
#2878 = CARTESIAN_POINT('',(18.9,-10.5,8.3));
#2879 = VECTOR('',#2880,1.);
#2880 = DIRECTION('',(1.,0.,0.));
#2881 = ORIENTED_EDGE('',*,*,#2882,.T.);
#2882 = EDGE_CURVE('',#2875,#2883,#2885,.T.);
#2883 = VERTEX_POINT('',#2884);
#2884 = CARTESIAN_POINT('',(19.,-10.5,9.466666666667));
#2885 = LINE('',#2886,#2887);
#2886 = CARTESIAN_POINT('',(19.5,-10.5,8.3));
#2887 = VECTOR('',#2888,1.);
#2888 = DIRECTION('',(-0.393919298579,0.,0.919145030018));
#2889 = ORIENTED_EDGE('',*,*,#2890,.T.);
#2890 = EDGE_CURVE('',#2883,#2891,#2893,.T.);
#2891 = VERTEX_POINT('',#2892);
#2892 = CARTESIAN_POINT('',(19.,-10.5,9.7));
#2893 = LINE('',#2894,#2895);
#2894 = CARTESIAN_POINT('',(19.,-10.5,2.8));
#2895 = VECTOR('',#2896,1.);
#2896 = DIRECTION('',(0.,0.,1.));
#2897 = ORIENTED_EDGE('',*,*,#2898,.F.);
#2898 = EDGE_CURVE('',#1787,#2891,#2899,.T.);
#2899 = LINE('',#2900,#2901);
#2900 = CARTESIAN_POINT('',(18.,-10.5,9.7));
#2901 = VECTOR('',#2902,1.);
#2902 = DIRECTION('',(1.,0.,-0.));
#2903 = ORIENTED_EDGE('',*,*,#1786,.F.);
#2904 = ORIENTED_EDGE('',*,*,#2852,.T.);
#2905 = PLANE('',#2906);
#2906 = AXIS2_PLACEMENT_3D('',#2907,#2908,#2909);
#2907 = CARTESIAN_POINT('',(18.545336531824,-10.5,6.328966364844));
#2908 = DIRECTION('',(-0.,-1.,-0.));
#2909 = DIRECTION('',(0.,0.,-1.));
#2910 = ADVANCED_FACE('',(#2911),#2929,.T.);
#2911 = FACE_BOUND('',#2912,.T.);
#2912 = EDGE_LOOP('',(#2913,#2914,#2915,#2923));
#2913 = ORIENTED_EDGE('',*,*,#1794,.F.);
#2914 = ORIENTED_EDGE('',*,*,#2898,.T.);
#2915 = ORIENTED_EDGE('',*,*,#2916,.T.);
#2916 = EDGE_CURVE('',#2891,#2917,#2919,.T.);
#2917 = VERTEX_POINT('',#2918);
#2918 = CARTESIAN_POINT('',(19.,-5.5,9.7));
#2919 = LINE('',#2920,#2921);
#2920 = CARTESIAN_POINT('',(19.,-10.5,9.7));
#2921 = VECTOR('',#2922,1.);
#2922 = DIRECTION('',(-0.,1.,0.));
#2923 = ORIENTED_EDGE('',*,*,#2924,.F.);
#2924 = EDGE_CURVE('',#1795,#2917,#2925,.T.);
#2925 = LINE('',#2926,#2927);
#2926 = CARTESIAN_POINT('',(18.,-5.5,9.7));
#2927 = VECTOR('',#2928,1.);
#2928 = DIRECTION('',(1.,0.,-0.));
#2929 = PLANE('',#2930);
#2930 = AXIS2_PLACEMENT_3D('',#2931,#2932,#2933);
#2931 = CARTESIAN_POINT('',(18.,-10.5,9.7));
#2932 = DIRECTION('',(0.,0.,1.));
#2933 = DIRECTION('',(1.,0.,-0.));
#2934 = ADVANCED_FACE('',(#2935),#2970,.T.);
#2935 = FACE_BOUND('',#2936,.T.);
#2936 = EDGE_LOOP('',(#2937,#2945,#2946,#2947,#2948,#2956,#2964));
#2937 = ORIENTED_EDGE('',*,*,#2938,.F.);
#2938 = EDGE_CURVE('',#2837,#2939,#2941,.T.);
#2939 = VERTEX_POINT('',#2940);
#2940 = CARTESIAN_POINT('',(19.,-5.5,8.3));
#2941 = LINE('',#2942,#2943);
#2942 = CARTESIAN_POINT('',(19.,-5.5,2.8));
#2943 = VECTOR('',#2944,1.);
#2944 = DIRECTION('',(0.,0.,1.));
#2945 = ORIENTED_EDGE('',*,*,#2836,.F.);
#2946 = ORIENTED_EDGE('',*,*,#1802,.T.);
#2947 = ORIENTED_EDGE('',*,*,#2924,.T.);
#2948 = ORIENTED_EDGE('',*,*,#2949,.F.);
#2949 = EDGE_CURVE('',#2950,#2917,#2952,.T.);
#2950 = VERTEX_POINT('',#2951);
#2951 = CARTESIAN_POINT('',(19.,-5.5,9.466666666667));
#2952 = LINE('',#2953,#2954);
#2953 = CARTESIAN_POINT('',(19.,-5.5,2.8));
#2954 = VECTOR('',#2955,1.);
#2955 = DIRECTION('',(0.,0.,1.));
#2956 = ORIENTED_EDGE('',*,*,#2957,.F.);
#2957 = EDGE_CURVE('',#2958,#2950,#2960,.T.);
#2958 = VERTEX_POINT('',#2959);
#2959 = CARTESIAN_POINT('',(19.5,-5.5,8.3));
#2960 = LINE('',#2961,#2962);
#2961 = CARTESIAN_POINT('',(19.5,-5.5,8.3));
#2962 = VECTOR('',#2963,1.);
#2963 = DIRECTION('',(-0.393919298579,0.,0.919145030018));
#2964 = ORIENTED_EDGE('',*,*,#2965,.F.);
#2965 = EDGE_CURVE('',#2939,#2958,#2966,.T.);
#2966 = LINE('',#2967,#2968);
#2967 = CARTESIAN_POINT('',(18.9,-5.5,8.3));
#2968 = VECTOR('',#2969,1.);
#2969 = DIRECTION('',(1.,0.,0.));
#2970 = PLANE('',#2971);
#2971 = AXIS2_PLACEMENT_3D('',#2972,#2973,#2974);
#2972 = CARTESIAN_POINT('',(18.545336531824,-5.5,6.328966364844));
#2973 = DIRECTION('',(0.,1.,0.));
#2974 = DIRECTION('',(0.,-0.,1.));
#2975 = ADVANCED_FACE('',(#2976,#3001,#3007,#3013,#3019,#3025,#3031),
  #3037,.T.);
#2976 = FACE_BOUND('',#2977,.T.);
#2977 = EDGE_LOOP('',(#2978,#2986,#2987,#2995));
#2978 = ORIENTED_EDGE('',*,*,#2979,.F.);
#2979 = EDGE_CURVE('',#2629,#2980,#2982,.T.);
#2980 = VERTEX_POINT('',#2981);
#2981 = CARTESIAN_POINT('',(-12.16,18.685,2.8));
#2982 = LINE('',#2983,#2984);
#2983 = CARTESIAN_POINT('',(-12.16,-18.685,2.8));
#2984 = VECTOR('',#2985,1.);
#2985 = DIRECTION('',(-0.,1.,0.));
#2986 = ORIENTED_EDGE('',*,*,#2628,.T.);
#2987 = ORIENTED_EDGE('',*,*,#2988,.T.);
#2988 = EDGE_CURVE('',#2619,#2989,#2991,.T.);
#2989 = VERTEX_POINT('',#2990);
#2990 = CARTESIAN_POINT('',(12.16,18.685,2.8));
#2991 = LINE('',#2992,#2993);
#2992 = CARTESIAN_POINT('',(12.16,-18.685,2.8));
#2993 = VECTOR('',#2994,1.);
#2994 = DIRECTION('',(-0.,1.,0.));
#2995 = ORIENTED_EDGE('',*,*,#2996,.F.);
#2996 = EDGE_CURVE('',#2980,#2989,#2997,.T.);
#2997 = LINE('',#2998,#2999);
#2998 = CARTESIAN_POINT('',(-12.16,18.685,2.8));
#2999 = VECTOR('',#3000,1.);
#3000 = DIRECTION('',(1.,0.,-0.));
#3001 = FACE_BOUND('',#3002,.T.);
#3002 = EDGE_LOOP('',(#3003,#3004,#3005,#3006));
#3003 = ORIENTED_EDGE('',*,*,#1909,.T.);
#3004 = ORIENTED_EDGE('',*,*,#1868,.T.);
#3005 = ORIENTED_EDGE('',*,*,#1844,.F.);
#3006 = ORIENTED_EDGE('',*,*,#1892,.F.);
#3007 = FACE_BOUND('',#3008,.T.);
#3008 = EDGE_LOOP('',(#3009,#3010,#3011,#3012));
#3009 = ORIENTED_EDGE('',*,*,#2071,.T.);
#3010 = ORIENTED_EDGE('',*,*,#2030,.T.);
#3011 = ORIENTED_EDGE('',*,*,#2006,.F.);
#3012 = ORIENTED_EDGE('',*,*,#2054,.F.);
#3013 = FACE_BOUND('',#3014,.T.);
#3014 = EDGE_LOOP('',(#3015,#3016,#3017,#3018));
#3015 = ORIENTED_EDGE('',*,*,#2425,.T.);
#3016 = ORIENTED_EDGE('',*,*,#2384,.T.);
#3017 = ORIENTED_EDGE('',*,*,#2360,.F.);
#3018 = ORIENTED_EDGE('',*,*,#2408,.F.);
#3019 = FACE_BOUND('',#3020,.T.);
#3020 = EDGE_LOOP('',(#3021,#3022,#3023,#3024));
#3021 = ORIENTED_EDGE('',*,*,#2329,.T.);
#3022 = ORIENTED_EDGE('',*,*,#2288,.T.);
#3023 = ORIENTED_EDGE('',*,*,#2264,.F.);
#3024 = ORIENTED_EDGE('',*,*,#2312,.F.);
#3025 = FACE_BOUND('',#3026,.T.);
#3026 = EDGE_LOOP('',(#3027,#3028,#3029,#3030));
#3027 = ORIENTED_EDGE('',*,*,#2216,.T.);
#3028 = ORIENTED_EDGE('',*,*,#2233,.T.);
#3029 = ORIENTED_EDGE('',*,*,#2168,.F.);
#3030 = ORIENTED_EDGE('',*,*,#2192,.F.);
#3031 = FACE_BOUND('',#3032,.T.);
#3032 = EDGE_LOOP('',(#3033,#3034,#3035,#3036));
#3033 = ORIENTED_EDGE('',*,*,#2587,.T.);
#3034 = ORIENTED_EDGE('',*,*,#2546,.T.);
#3035 = ORIENTED_EDGE('',*,*,#2522,.F.);
#3036 = ORIENTED_EDGE('',*,*,#2570,.F.);
#3037 = PLANE('',#3038);
#3038 = AXIS2_PLACEMENT_3D('',#3039,#3040,#3041);
#3039 = CARTESIAN_POINT('',(-12.16,-18.685,2.8));
#3040 = DIRECTION('',(0.,0.,1.));
#3041 = DIRECTION('',(1.,0.,-0.));
#3042 = ADVANCED_FACE('',(#3043),#3085,.T.);
#3043 = FACE_BOUND('',#3044,.T.);
#3044 = EDGE_LOOP('',(#3045,#3053,#3061,#3069,#3077,#3083,#3084));
#3045 = ORIENTED_EDGE('',*,*,#3046,.T.);
#3046 = EDGE_CURVE('',#2732,#3047,#3049,.T.);
#3047 = VERTEX_POINT('',#3048);
#3048 = CARTESIAN_POINT('',(-19.,-5.5,8.3));
#3049 = LINE('',#3050,#3051);
#3050 = CARTESIAN_POINT('',(-19.,-5.5,2.8));
#3051 = VECTOR('',#3052,1.);
#3052 = DIRECTION('',(-0.,-0.,1.));
#3053 = ORIENTED_EDGE('',*,*,#3054,.T.);
#3054 = EDGE_CURVE('',#3047,#3055,#3057,.T.);
#3055 = VERTEX_POINT('',#3056);
#3056 = CARTESIAN_POINT('',(-19.5,-5.5,8.3));
#3057 = LINE('',#3058,#3059);
#3058 = CARTESIAN_POINT('',(-18.9,-5.5,8.3));
#3059 = VECTOR('',#3060,1.);
#3060 = DIRECTION('',(-1.,-0.,-0.));
#3061 = ORIENTED_EDGE('',*,*,#3062,.T.);
#3062 = EDGE_CURVE('',#3055,#3063,#3065,.T.);
#3063 = VERTEX_POINT('',#3064);
#3064 = CARTESIAN_POINT('',(-19.,-5.5,9.466666666667));
#3065 = LINE('',#3066,#3067);
#3066 = CARTESIAN_POINT('',(-19.5,-5.5,8.3));
#3067 = VECTOR('',#3068,1.);
#3068 = DIRECTION('',(0.393919298579,-0.,0.919145030018));
#3069 = ORIENTED_EDGE('',*,*,#3070,.T.);
#3070 = EDGE_CURVE('',#3063,#3071,#3073,.T.);
#3071 = VERTEX_POINT('',#3072);
#3072 = CARTESIAN_POINT('',(-19.,-5.5,9.7));
#3073 = LINE('',#3074,#3075);
#3074 = CARTESIAN_POINT('',(-19.,-5.5,2.8));
#3075 = VECTOR('',#3076,1.);
#3076 = DIRECTION('',(-0.,-0.,1.));
#3077 = ORIENTED_EDGE('',*,*,#3078,.F.);
#3078 = EDGE_CURVE('',#1960,#3071,#3079,.T.);
#3079 = LINE('',#3080,#3081);
#3080 = CARTESIAN_POINT('',(-18.,-5.5,9.7));
#3081 = VECTOR('',#3082,1.);
#3082 = DIRECTION('',(-1.,-0.,-0.));
#3083 = ORIENTED_EDGE('',*,*,#1959,.F.);
#3084 = ORIENTED_EDGE('',*,*,#2731,.T.);
#3085 = PLANE('',#3086);
#3086 = AXIS2_PLACEMENT_3D('',#3087,#3088,#3089);
#3087 = CARTESIAN_POINT('',(-18.54533653182,-5.5,6.328966364844));
#3088 = DIRECTION('',(0.,1.,0.));
#3089 = DIRECTION('',(0.,-0.,1.));
#3090 = ADVANCED_FACE('',(#3091),#3109,.T.);
#3091 = FACE_BOUND('',#3092,.T.);
#3092 = EDGE_LOOP('',(#3093,#3094,#3102,#3108));
#3093 = ORIENTED_EDGE('',*,*,#3078,.T.);
#3094 = ORIENTED_EDGE('',*,*,#3095,.F.);
#3095 = EDGE_CURVE('',#3096,#3071,#3098,.T.);
#3096 = VERTEX_POINT('',#3097);
#3097 = CARTESIAN_POINT('',(-19.,-10.5,9.7));
#3098 = LINE('',#3099,#3100);
#3099 = CARTESIAN_POINT('',(-19.,-10.5,9.7));
#3100 = VECTOR('',#3101,1.);
#3101 = DIRECTION('',(-0.,1.,-0.));
#3102 = ORIENTED_EDGE('',*,*,#3103,.F.);
#3103 = EDGE_CURVE('',#1968,#3096,#3104,.T.);
#3104 = LINE('',#3105,#3106);
#3105 = CARTESIAN_POINT('',(-18.,-10.5,9.7));
#3106 = VECTOR('',#3107,1.);
#3107 = DIRECTION('',(-1.,-0.,-0.));
#3108 = ORIENTED_EDGE('',*,*,#1967,.T.);
#3109 = PLANE('',#3110);
#3110 = AXIS2_PLACEMENT_3D('',#3111,#3112,#3113);
#3111 = CARTESIAN_POINT('',(-18.5,-8.,9.7));
#3112 = DIRECTION('',(0.,0.,1.));
#3113 = DIRECTION('',(1.,0.,-0.));
#3114 = ADVANCED_FACE('',(#3115),#3150,.T.);
#3115 = FACE_BOUND('',#3116,.T.);
#3116 = EDGE_LOOP('',(#3117,#3125,#3126,#3127,#3128,#3136,#3144));
#3117 = ORIENTED_EDGE('',*,*,#3118,.F.);
#3118 = EDGE_CURVE('',#2740,#3119,#3121,.T.);
#3119 = VERTEX_POINT('',#3120);
#3120 = CARTESIAN_POINT('',(-19.,-10.5,8.3));
#3121 = LINE('',#3122,#3123);
#3122 = CARTESIAN_POINT('',(-19.,-10.5,2.8));
#3123 = VECTOR('',#3124,1.);
#3124 = DIRECTION('',(-0.,-0.,1.));
#3125 = ORIENTED_EDGE('',*,*,#2747,.F.);
#3126 = ORIENTED_EDGE('',*,*,#1975,.T.);
#3127 = ORIENTED_EDGE('',*,*,#3103,.T.);
#3128 = ORIENTED_EDGE('',*,*,#3129,.F.);
#3129 = EDGE_CURVE('',#3130,#3096,#3132,.T.);
#3130 = VERTEX_POINT('',#3131);
#3131 = CARTESIAN_POINT('',(-19.,-10.5,9.466666666667));
#3132 = LINE('',#3133,#3134);
#3133 = CARTESIAN_POINT('',(-19.,-10.5,2.8));
#3134 = VECTOR('',#3135,1.);
#3135 = DIRECTION('',(-0.,-0.,1.));
#3136 = ORIENTED_EDGE('',*,*,#3137,.F.);
#3137 = EDGE_CURVE('',#3138,#3130,#3140,.T.);
#3138 = VERTEX_POINT('',#3139);
#3139 = CARTESIAN_POINT('',(-19.5,-10.5,8.3));
#3140 = LINE('',#3141,#3142);
#3141 = CARTESIAN_POINT('',(-19.5,-10.5,8.3));
#3142 = VECTOR('',#3143,1.);
#3143 = DIRECTION('',(0.393919298579,-0.,0.919145030018));
#3144 = ORIENTED_EDGE('',*,*,#3145,.F.);
#3145 = EDGE_CURVE('',#3119,#3138,#3146,.T.);
#3146 = LINE('',#3147,#3148);
#3147 = CARTESIAN_POINT('',(-18.9,-10.5,8.3));
#3148 = VECTOR('',#3149,1.);
#3149 = DIRECTION('',(-1.,-0.,-0.));
#3150 = PLANE('',#3151);
#3151 = AXIS2_PLACEMENT_3D('',#3152,#3153,#3154);
#3152 = CARTESIAN_POINT('',(-18.54533653182,-10.5,6.328966364844));
#3153 = DIRECTION('',(-0.,-1.,-0.));
#3154 = DIRECTION('',(0.,0.,-1.));
#3155 = ADVANCED_FACE('',(#3156),#3198,.T.);
#3156 = FACE_BOUND('',#3157,.T.);
#3157 = EDGE_LOOP('',(#3158,#3166,#3174,#3182,#3190,#3196,#3197));
#3158 = ORIENTED_EDGE('',*,*,#3159,.T.);
#3159 = EDGE_CURVE('',#2810,#3160,#3162,.T.);
#3160 = VERTEX_POINT('',#3161);
#3161 = CARTESIAN_POINT('',(19.,5.5,8.3));
#3162 = LINE('',#3163,#3164);
#3163 = CARTESIAN_POINT('',(19.,5.5,2.8));
#3164 = VECTOR('',#3165,1.);
#3165 = DIRECTION('',(0.,0.,1.));
#3166 = ORIENTED_EDGE('',*,*,#3167,.T.);
#3167 = EDGE_CURVE('',#3160,#3168,#3170,.T.);
#3168 = VERTEX_POINT('',#3169);
#3169 = CARTESIAN_POINT('',(19.5,5.5,8.3));
#3170 = LINE('',#3171,#3172);
#3171 = CARTESIAN_POINT('',(18.9,5.5,8.3));
#3172 = VECTOR('',#3173,1.);
#3173 = DIRECTION('',(1.,0.,0.));
#3174 = ORIENTED_EDGE('',*,*,#3175,.T.);
#3175 = EDGE_CURVE('',#3168,#3176,#3178,.T.);
#3176 = VERTEX_POINT('',#3177);
#3177 = CARTESIAN_POINT('',(19.,5.5,9.466666666667));
#3178 = LINE('',#3179,#3180);
#3179 = CARTESIAN_POINT('',(19.5,5.5,8.3));
#3180 = VECTOR('',#3181,1.);
#3181 = DIRECTION('',(-0.393919298579,0.,0.919145030018));
#3182 = ORIENTED_EDGE('',*,*,#3183,.T.);
#3183 = EDGE_CURVE('',#3176,#3184,#3186,.T.);
#3184 = VERTEX_POINT('',#3185);
#3185 = CARTESIAN_POINT('',(19.,5.5,9.7));
#3186 = LINE('',#3187,#3188);
#3187 = CARTESIAN_POINT('',(19.,5.5,2.8));
#3188 = VECTOR('',#3189,1.);
#3189 = DIRECTION('',(0.,0.,1.));
#3190 = ORIENTED_EDGE('',*,*,#3191,.F.);
#3191 = EDGE_CURVE('',#2111,#3184,#3192,.T.);
#3192 = LINE('',#3193,#3194);
#3193 = CARTESIAN_POINT('',(18.,5.5,9.7));
#3194 = VECTOR('',#3195,1.);
#3195 = DIRECTION('',(1.,0.,-0.));
#3196 = ORIENTED_EDGE('',*,*,#2110,.F.);
#3197 = ORIENTED_EDGE('',*,*,#2817,.T.);
#3198 = PLANE('',#3199);
#3199 = AXIS2_PLACEMENT_3D('',#3200,#3201,#3202);
#3200 = CARTESIAN_POINT('',(18.545336531824,5.5,6.328966364844));
#3201 = DIRECTION('',(-0.,-1.,-0.));
#3202 = DIRECTION('',(0.,0.,-1.));
#3203 = ADVANCED_FACE('',(#3204),#3222,.T.);
#3204 = FACE_BOUND('',#3205,.T.);
#3205 = EDGE_LOOP('',(#3206,#3207,#3208,#3216));
#3206 = ORIENTED_EDGE('',*,*,#2118,.F.);
#3207 = ORIENTED_EDGE('',*,*,#3191,.T.);
#3208 = ORIENTED_EDGE('',*,*,#3209,.T.);
#3209 = EDGE_CURVE('',#3184,#3210,#3212,.T.);
#3210 = VERTEX_POINT('',#3211);
#3211 = CARTESIAN_POINT('',(19.,10.5,9.7));
#3212 = LINE('',#3213,#3214);
#3213 = CARTESIAN_POINT('',(19.,5.5,9.7));
#3214 = VECTOR('',#3215,1.);
#3215 = DIRECTION('',(-0.,1.,0.));
#3216 = ORIENTED_EDGE('',*,*,#3217,.F.);
#3217 = EDGE_CURVE('',#2119,#3210,#3218,.T.);
#3218 = LINE('',#3219,#3220);
#3219 = CARTESIAN_POINT('',(18.,10.5,9.7));
#3220 = VECTOR('',#3221,1.);
#3221 = DIRECTION('',(1.,0.,-0.));
#3222 = PLANE('',#3223);
#3223 = AXIS2_PLACEMENT_3D('',#3224,#3225,#3226);
#3224 = CARTESIAN_POINT('',(18.,5.5,9.7));
#3225 = DIRECTION('',(0.,0.,1.));
#3226 = DIRECTION('',(1.,0.,-0.));
#3227 = ADVANCED_FACE('',(#3228),#3263,.T.);
#3228 = FACE_BOUND('',#3229,.T.);
#3229 = EDGE_LOOP('',(#3230,#3238,#3239,#3240,#3241,#3249,#3257));
#3230 = ORIENTED_EDGE('',*,*,#3231,.F.);
#3231 = EDGE_CURVE('',#2802,#3232,#3234,.T.);
#3232 = VERTEX_POINT('',#3233);
#3233 = CARTESIAN_POINT('',(19.,10.5,8.3));
#3234 = LINE('',#3235,#3236);
#3235 = CARTESIAN_POINT('',(19.,10.5,2.8));
#3236 = VECTOR('',#3237,1.);
#3237 = DIRECTION('',(0.,0.,1.));
#3238 = ORIENTED_EDGE('',*,*,#2801,.F.);
#3239 = ORIENTED_EDGE('',*,*,#2126,.T.);
#3240 = ORIENTED_EDGE('',*,*,#3217,.T.);
#3241 = ORIENTED_EDGE('',*,*,#3242,.F.);
#3242 = EDGE_CURVE('',#3243,#3210,#3245,.T.);
#3243 = VERTEX_POINT('',#3244);
#3244 = CARTESIAN_POINT('',(19.,10.5,9.466666666667));
#3245 = LINE('',#3246,#3247);
#3246 = CARTESIAN_POINT('',(19.,10.5,2.8));
#3247 = VECTOR('',#3248,1.);
#3248 = DIRECTION('',(0.,0.,1.));
#3249 = ORIENTED_EDGE('',*,*,#3250,.F.);
#3250 = EDGE_CURVE('',#3251,#3243,#3253,.T.);
#3251 = VERTEX_POINT('',#3252);
#3252 = CARTESIAN_POINT('',(19.5,10.5,8.3));
#3253 = LINE('',#3254,#3255);
#3254 = CARTESIAN_POINT('',(19.5,10.5,8.3));
#3255 = VECTOR('',#3256,1.);
#3256 = DIRECTION('',(-0.393919298579,0.,0.919145030018));
#3257 = ORIENTED_EDGE('',*,*,#3258,.F.);
#3258 = EDGE_CURVE('',#3232,#3251,#3259,.T.);
#3259 = LINE('',#3260,#3261);
#3260 = CARTESIAN_POINT('',(18.9,10.5,8.3));
#3261 = VECTOR('',#3262,1.);
#3262 = DIRECTION('',(1.,0.,0.));
#3263 = PLANE('',#3264);
#3264 = AXIS2_PLACEMENT_3D('',#3265,#3266,#3267);
#3265 = CARTESIAN_POINT('',(18.545336531824,10.5,6.328966364844));
#3266 = DIRECTION('',(0.,1.,0.));
#3267 = DIRECTION('',(0.,-0.,1.));
#3268 = ADVANCED_FACE('',(#3269),#3311,.T.);
#3269 = FACE_BOUND('',#3270,.T.);
#3270 = EDGE_LOOP('',(#3271,#3279,#3287,#3295,#3303,#3309,#3310));
#3271 = ORIENTED_EDGE('',*,*,#3272,.T.);
#3272 = EDGE_CURVE('',#2767,#3273,#3275,.T.);
#3273 = VERTEX_POINT('',#3274);
#3274 = CARTESIAN_POINT('',(-19.,10.5,8.3));
#3275 = LINE('',#3276,#3277);
#3276 = CARTESIAN_POINT('',(-19.,10.5,2.8));
#3277 = VECTOR('',#3278,1.);
#3278 = DIRECTION('',(-0.,-0.,1.));
#3279 = ORIENTED_EDGE('',*,*,#3280,.T.);
#3280 = EDGE_CURVE('',#3273,#3281,#3283,.T.);
#3281 = VERTEX_POINT('',#3282);
#3282 = CARTESIAN_POINT('',(-19.5,10.5,8.3));
#3283 = LINE('',#3284,#3285);
#3284 = CARTESIAN_POINT('',(-18.9,10.5,8.3));
#3285 = VECTOR('',#3286,1.);
#3286 = DIRECTION('',(-1.,-0.,-0.));
#3287 = ORIENTED_EDGE('',*,*,#3288,.T.);
#3288 = EDGE_CURVE('',#3281,#3289,#3291,.T.);
#3289 = VERTEX_POINT('',#3290);
#3290 = CARTESIAN_POINT('',(-19.,10.5,9.466666666667));
#3291 = LINE('',#3292,#3293);
#3292 = CARTESIAN_POINT('',(-19.5,10.5,8.3));
#3293 = VECTOR('',#3294,1.);
#3294 = DIRECTION('',(0.393919298579,-0.,0.919145030018));
#3295 = ORIENTED_EDGE('',*,*,#3296,.T.);
#3296 = EDGE_CURVE('',#3289,#3297,#3299,.T.);
#3297 = VERTEX_POINT('',#3298);
#3298 = CARTESIAN_POINT('',(-19.,10.5,9.7));
#3299 = LINE('',#3300,#3301);
#3300 = CARTESIAN_POINT('',(-19.,10.5,2.8));
#3301 = VECTOR('',#3302,1.);
#3302 = DIRECTION('',(-0.,-0.,1.));
#3303 = ORIENTED_EDGE('',*,*,#3304,.F.);
#3304 = EDGE_CURVE('',#2476,#3297,#3305,.T.);
#3305 = LINE('',#3306,#3307);
#3306 = CARTESIAN_POINT('',(-18.,10.5,9.7));
#3307 = VECTOR('',#3308,1.);
#3308 = DIRECTION('',(-1.,-0.,-0.));
#3309 = ORIENTED_EDGE('',*,*,#2475,.F.);
#3310 = ORIENTED_EDGE('',*,*,#2766,.T.);
#3311 = PLANE('',#3312);
#3312 = AXIS2_PLACEMENT_3D('',#3313,#3314,#3315);
#3313 = CARTESIAN_POINT('',(-18.54533653182,10.5,6.328966364844));
#3314 = DIRECTION('',(0.,1.,0.));
#3315 = DIRECTION('',(0.,-0.,1.));
#3316 = ADVANCED_FACE('',(#3317),#3335,.T.);
#3317 = FACE_BOUND('',#3318,.T.);
#3318 = EDGE_LOOP('',(#3319,#3320,#3328,#3334));
#3319 = ORIENTED_EDGE('',*,*,#3304,.T.);
#3320 = ORIENTED_EDGE('',*,*,#3321,.F.);
#3321 = EDGE_CURVE('',#3322,#3297,#3324,.T.);
#3322 = VERTEX_POINT('',#3323);
#3323 = CARTESIAN_POINT('',(-19.,5.5,9.7));
#3324 = LINE('',#3325,#3326);
#3325 = CARTESIAN_POINT('',(-19.,5.5,9.7));
#3326 = VECTOR('',#3327,1.);
#3327 = DIRECTION('',(-0.,1.,-0.));
#3328 = ORIENTED_EDGE('',*,*,#3329,.F.);
#3329 = EDGE_CURVE('',#2484,#3322,#3330,.T.);
#3330 = LINE('',#3331,#3332);
#3331 = CARTESIAN_POINT('',(-18.,5.5,9.7));
#3332 = VECTOR('',#3333,1.);
#3333 = DIRECTION('',(-1.,-0.,-0.));
#3334 = ORIENTED_EDGE('',*,*,#2483,.T.);
#3335 = PLANE('',#3336);
#3336 = AXIS2_PLACEMENT_3D('',#3337,#3338,#3339);
#3337 = CARTESIAN_POINT('',(-18.5,8.,9.7));
#3338 = DIRECTION('',(0.,0.,1.));
#3339 = DIRECTION('',(1.,0.,-0.));
#3340 = ADVANCED_FACE('',(#3341),#3376,.T.);
#3341 = FACE_BOUND('',#3342,.T.);
#3342 = EDGE_LOOP('',(#3343,#3351,#3352,#3353,#3354,#3362,#3370));
#3343 = ORIENTED_EDGE('',*,*,#3344,.F.);
#3344 = EDGE_CURVE('',#2775,#3345,#3347,.T.);
#3345 = VERTEX_POINT('',#3346);
#3346 = CARTESIAN_POINT('',(-19.,5.5,8.3));
#3347 = LINE('',#3348,#3349);
#3348 = CARTESIAN_POINT('',(-19.,5.5,2.8));
#3349 = VECTOR('',#3350,1.);
#3350 = DIRECTION('',(-0.,-0.,1.));
#3351 = ORIENTED_EDGE('',*,*,#2782,.F.);
#3352 = ORIENTED_EDGE('',*,*,#2491,.T.);
#3353 = ORIENTED_EDGE('',*,*,#3329,.T.);
#3354 = ORIENTED_EDGE('',*,*,#3355,.F.);
#3355 = EDGE_CURVE('',#3356,#3322,#3358,.T.);
#3356 = VERTEX_POINT('',#3357);
#3357 = CARTESIAN_POINT('',(-19.,5.5,9.466666666667));
#3358 = LINE('',#3359,#3360);
#3359 = CARTESIAN_POINT('',(-19.,5.5,2.8));
#3360 = VECTOR('',#3361,1.);
#3361 = DIRECTION('',(-0.,-0.,1.));
#3362 = ORIENTED_EDGE('',*,*,#3363,.F.);
#3363 = EDGE_CURVE('',#3364,#3356,#3366,.T.);
#3364 = VERTEX_POINT('',#3365);
#3365 = CARTESIAN_POINT('',(-19.5,5.5,8.3));
#3366 = LINE('',#3367,#3368);
#3367 = CARTESIAN_POINT('',(-19.5,5.5,8.3));
#3368 = VECTOR('',#3369,1.);
#3369 = DIRECTION('',(0.393919298579,-0.,0.919145030018));
#3370 = ORIENTED_EDGE('',*,*,#3371,.F.);
#3371 = EDGE_CURVE('',#3345,#3364,#3372,.T.);
#3372 = LINE('',#3373,#3374);
#3373 = CARTESIAN_POINT('',(-18.9,5.5,8.3));
#3374 = VECTOR('',#3375,1.);
#3375 = DIRECTION('',(-1.,-0.,-0.));
#3376 = PLANE('',#3377);
#3377 = AXIS2_PLACEMENT_3D('',#3378,#3379,#3380);
#3378 = CARTESIAN_POINT('',(-18.54533653182,5.5,6.328966364844));
#3379 = DIRECTION('',(-0.,-1.,-0.));
#3380 = DIRECTION('',(0.,0.,-1.));
#3381 = ADVANCED_FACE('',(#3382),#3393,.F.);
#3382 = FACE_BOUND('',#3383,.F.);
#3383 = EDGE_LOOP('',(#3384,#3385,#3386,#3392));
#3384 = ORIENTED_EDGE('',*,*,#2618,.F.);
#3385 = ORIENTED_EDGE('',*,*,#2988,.T.);
#3386 = ORIENTED_EDGE('',*,*,#3387,.T.);
#3387 = EDGE_CURVE('',#2989,#2681,#3388,.T.);
#3388 = LINE('',#3389,#3390);
#3389 = CARTESIAN_POINT('',(12.16,18.685,2.8));
#3390 = VECTOR('',#3391,1.);
#3391 = DIRECTION('',(0.,0.,1.));
#3392 = ORIENTED_EDGE('',*,*,#2688,.F.);
#3393 = PLANE('',#3394);
#3394 = AXIS2_PLACEMENT_3D('',#3395,#3396,#3397);
#3395 = CARTESIAN_POINT('',(12.16,-18.685,2.8));
#3396 = DIRECTION('',(1.,0.,-0.));
#3397 = DIRECTION('',(0.,0.,1.));
#3398 = ADVANCED_FACE('',(#3399),#3410,.T.);
#3399 = FACE_BOUND('',#3400,.T.);
#3400 = EDGE_LOOP('',(#3401,#3402,#3403,#3409));
#3401 = ORIENTED_EDGE('',*,*,#2636,.F.);
#3402 = ORIENTED_EDGE('',*,*,#2979,.T.);
#3403 = ORIENTED_EDGE('',*,*,#3404,.T.);
#3404 = EDGE_CURVE('',#2980,#2673,#3405,.T.);
#3405 = LINE('',#3406,#3407);
#3406 = CARTESIAN_POINT('',(-12.16,18.685,2.8));
#3407 = VECTOR('',#3408,1.);
#3408 = DIRECTION('',(0.,0.,1.));
#3409 = ORIENTED_EDGE('',*,*,#2672,.F.);
#3410 = PLANE('',#3411);
#3411 = AXIS2_PLACEMENT_3D('',#3412,#3413,#3414);
#3412 = CARTESIAN_POINT('',(-12.16,-18.685,2.8));
#3413 = DIRECTION('',(1.,0.,-0.));
#3414 = DIRECTION('',(0.,0.,1.));
#3415 = ADVANCED_FACE('',(#3416),#3422,.F.);
#3416 = FACE_BOUND('',#3417,.F.);
#3417 = EDGE_LOOP('',(#3418,#3419,#3420,#3421));
#3418 = ORIENTED_EDGE('',*,*,#3387,.F.);
#3419 = ORIENTED_EDGE('',*,*,#2996,.F.);
#3420 = ORIENTED_EDGE('',*,*,#3404,.T.);
#3421 = ORIENTED_EDGE('',*,*,#2680,.F.);
#3422 = PLANE('',#3423);
#3423 = AXIS2_PLACEMENT_3D('',#3424,#3425,#3426);
#3424 = CARTESIAN_POINT('',(-12.16,18.685,2.8));
#3425 = DIRECTION('',(-0.,1.,0.));
#3426 = DIRECTION('',(0.,0.,1.));
#3427 = ADVANCED_FACE('',(#3428),#3439,.T.);
#3428 = FACE_BOUND('',#3429,.F.);
#3429 = EDGE_LOOP('',(#3430,#3431,#3432,#3433));
#3430 = ORIENTED_EDGE('',*,*,#3118,.F.);
#3431 = ORIENTED_EDGE('',*,*,#2739,.T.);
#3432 = ORIENTED_EDGE('',*,*,#3046,.T.);
#3433 = ORIENTED_EDGE('',*,*,#3434,.F.);
#3434 = EDGE_CURVE('',#3119,#3047,#3435,.T.);
#3435 = LINE('',#3436,#3437);
#3436 = CARTESIAN_POINT('',(-19.,-10.5,8.3));
#3437 = VECTOR('',#3438,1.);
#3438 = DIRECTION('',(-0.,1.,-0.));
#3439 = PLANE('',#3440);
#3440 = AXIS2_PLACEMENT_3D('',#3441,#3442,#3443);
#3441 = CARTESIAN_POINT('',(-19.,-10.5,2.8));
#3442 = DIRECTION('',(-1.,-0.,-0.));
#3443 = DIRECTION('',(0.,0.,-1.));
#3444 = ADVANCED_FACE('',(#3445),#3456,.T.);
#3445 = FACE_BOUND('',#3446,.F.);
#3446 = EDGE_LOOP('',(#3447,#3448,#3449,#3450));
#3447 = ORIENTED_EDGE('',*,*,#3344,.F.);
#3448 = ORIENTED_EDGE('',*,*,#2774,.T.);
#3449 = ORIENTED_EDGE('',*,*,#3272,.T.);
#3450 = ORIENTED_EDGE('',*,*,#3451,.F.);
#3451 = EDGE_CURVE('',#3345,#3273,#3452,.T.);
#3452 = LINE('',#3453,#3454);
#3453 = CARTESIAN_POINT('',(-19.,5.5,8.3));
#3454 = VECTOR('',#3455,1.);
#3455 = DIRECTION('',(-0.,1.,-0.));
#3456 = PLANE('',#3457);
#3457 = AXIS2_PLACEMENT_3D('',#3458,#3459,#3460);
#3458 = CARTESIAN_POINT('',(-19.,5.5,2.8));
#3459 = DIRECTION('',(-1.,-0.,-0.));
#3460 = DIRECTION('',(0.,0.,-1.));
#3461 = ADVANCED_FACE('',(#3462),#3473,.T.);
#3462 = FACE_BOUND('',#3463,.T.);
#3463 = EDGE_LOOP('',(#3464,#3465,#3466,#3467));
#3464 = ORIENTED_EDGE('',*,*,#3159,.F.);
#3465 = ORIENTED_EDGE('',*,*,#2809,.T.);
#3466 = ORIENTED_EDGE('',*,*,#3231,.T.);
#3467 = ORIENTED_EDGE('',*,*,#3468,.F.);
#3468 = EDGE_CURVE('',#3160,#3232,#3469,.T.);
#3469 = LINE('',#3470,#3471);
#3470 = CARTESIAN_POINT('',(19.,5.5,8.3));
#3471 = VECTOR('',#3472,1.);
#3472 = DIRECTION('',(0.,1.,0.));
#3473 = PLANE('',#3474);
#3474 = AXIS2_PLACEMENT_3D('',#3475,#3476,#3477);
#3475 = CARTESIAN_POINT('',(19.,5.5,2.8));
#3476 = DIRECTION('',(1.,0.,-0.));
#3477 = DIRECTION('',(0.,0.,1.));
#3478 = ADVANCED_FACE('',(#3479),#3490,.T.);
#3479 = FACE_BOUND('',#3480,.T.);
#3480 = EDGE_LOOP('',(#3481,#3482,#3483,#3484));
#3481 = ORIENTED_EDGE('',*,*,#2866,.F.);
#3482 = ORIENTED_EDGE('',*,*,#2844,.T.);
#3483 = ORIENTED_EDGE('',*,*,#2938,.T.);
#3484 = ORIENTED_EDGE('',*,*,#3485,.F.);
#3485 = EDGE_CURVE('',#2867,#2939,#3486,.T.);
#3486 = LINE('',#3487,#3488);
#3487 = CARTESIAN_POINT('',(19.,-10.5,8.3));
#3488 = VECTOR('',#3489,1.);
#3489 = DIRECTION('',(0.,1.,0.));
#3490 = PLANE('',#3491);
#3491 = AXIS2_PLACEMENT_3D('',#3492,#3493,#3494);
#3492 = CARTESIAN_POINT('',(19.,-10.5,2.8));
#3493 = DIRECTION('',(1.,0.,-0.));
#3494 = DIRECTION('',(0.,0.,1.));
#3495 = ADVANCED_FACE('',(#3496),#3507,.T.);
#3496 = FACE_BOUND('',#3497,.T.);
#3497 = EDGE_LOOP('',(#3498,#3499,#3500,#3501));
#3498 = ORIENTED_EDGE('',*,*,#2874,.F.);
#3499 = ORIENTED_EDGE('',*,*,#3485,.T.);
#3500 = ORIENTED_EDGE('',*,*,#2965,.T.);
#3501 = ORIENTED_EDGE('',*,*,#3502,.F.);
#3502 = EDGE_CURVE('',#2875,#2958,#3503,.T.);
#3503 = LINE('',#3504,#3505);
#3504 = CARTESIAN_POINT('',(19.5,-10.5,8.3));
#3505 = VECTOR('',#3506,1.);
#3506 = DIRECTION('',(0.,1.,0.));
#3507 = PLANE('',#3508);
#3508 = AXIS2_PLACEMENT_3D('',#3509,#3510,#3511);
#3509 = CARTESIAN_POINT('',(18.9,-10.5,8.3));
#3510 = DIRECTION('',(0.,0.,-1.));
#3511 = DIRECTION('',(1.,0.,0.));
#3512 = ADVANCED_FACE('',(#3513),#3524,.T.);
#3513 = FACE_BOUND('',#3514,.T.);
#3514 = EDGE_LOOP('',(#3515,#3516,#3517,#3518));
#3515 = ORIENTED_EDGE('',*,*,#2882,.F.);
#3516 = ORIENTED_EDGE('',*,*,#3502,.T.);
#3517 = ORIENTED_EDGE('',*,*,#2957,.T.);
#3518 = ORIENTED_EDGE('',*,*,#3519,.T.);
#3519 = EDGE_CURVE('',#2950,#2883,#3520,.T.);
#3520 = LINE('',#3521,#3522);
#3521 = CARTESIAN_POINT('',(19.,-10.5,9.466666666667));
#3522 = VECTOR('',#3523,1.);
#3523 = DIRECTION('',(0.,-1.,-0.));
#3524 = PLANE('',#3525);
#3525 = AXIS2_PLACEMENT_3D('',#3526,#3527,#3528);
#3526 = CARTESIAN_POINT('',(19.5,-10.5,8.3));
#3527 = DIRECTION('',(0.919145030018,-0.,0.393919298579));
#3528 = DIRECTION('',(-0.393919298579,0.,0.919145030018));
#3529 = ADVANCED_FACE('',(#3530),#3536,.T.);
#3530 = FACE_BOUND('',#3531,.T.);
#3531 = EDGE_LOOP('',(#3532,#3533,#3534,#3535));
#3532 = ORIENTED_EDGE('',*,*,#2890,.F.);
#3533 = ORIENTED_EDGE('',*,*,#3519,.F.);
#3534 = ORIENTED_EDGE('',*,*,#2949,.T.);
#3535 = ORIENTED_EDGE('',*,*,#2916,.F.);
#3536 = PLANE('',#3537);
#3537 = AXIS2_PLACEMENT_3D('',#3538,#3539,#3540);
#3538 = CARTESIAN_POINT('',(19.,-10.5,2.8));
#3539 = DIRECTION('',(1.,0.,-0.));
#3540 = DIRECTION('',(0.,0.,1.));
#3541 = ADVANCED_FACE('',(#3542),#3553,.T.);
#3542 = FACE_BOUND('',#3543,.F.);
#3543 = EDGE_LOOP('',(#3544,#3545,#3546,#3547));
#3544 = ORIENTED_EDGE('',*,*,#3145,.F.);
#3545 = ORIENTED_EDGE('',*,*,#3434,.T.);
#3546 = ORIENTED_EDGE('',*,*,#3054,.T.);
#3547 = ORIENTED_EDGE('',*,*,#3548,.F.);
#3548 = EDGE_CURVE('',#3138,#3055,#3549,.T.);
#3549 = LINE('',#3550,#3551);
#3550 = CARTESIAN_POINT('',(-19.5,-10.5,8.3));
#3551 = VECTOR('',#3552,1.);
#3552 = DIRECTION('',(-0.,1.,-0.));
#3553 = PLANE('',#3554);
#3554 = AXIS2_PLACEMENT_3D('',#3555,#3556,#3557);
#3555 = CARTESIAN_POINT('',(-18.9,-10.5,8.3));
#3556 = DIRECTION('',(-0.,-0.,-1.));
#3557 = DIRECTION('',(1.,0.,0.));
#3558 = ADVANCED_FACE('',(#3559),#3570,.T.);
#3559 = FACE_BOUND('',#3560,.F.);
#3560 = EDGE_LOOP('',(#3561,#3562,#3563,#3564));
#3561 = ORIENTED_EDGE('',*,*,#3137,.F.);
#3562 = ORIENTED_EDGE('',*,*,#3548,.T.);
#3563 = ORIENTED_EDGE('',*,*,#3062,.T.);
#3564 = ORIENTED_EDGE('',*,*,#3565,.T.);
#3565 = EDGE_CURVE('',#3063,#3130,#3566,.T.);
#3566 = LINE('',#3567,#3568);
#3567 = CARTESIAN_POINT('',(-19.,-10.5,9.466666666667));
#3568 = VECTOR('',#3569,1.);
#3569 = DIRECTION('',(-0.,-1.,-0.));
#3570 = PLANE('',#3571);
#3571 = AXIS2_PLACEMENT_3D('',#3572,#3573,#3574);
#3572 = CARTESIAN_POINT('',(-19.5,-10.5,8.3));
#3573 = DIRECTION('',(-0.919145030018,-0.,0.393919298579));
#3574 = DIRECTION('',(-0.393919298579,0.,-0.919145030018));
#3575 = ADVANCED_FACE('',(#3576),#3582,.T.);
#3576 = FACE_BOUND('',#3577,.F.);
#3577 = EDGE_LOOP('',(#3578,#3579,#3580,#3581));
#3578 = ORIENTED_EDGE('',*,*,#3129,.F.);
#3579 = ORIENTED_EDGE('',*,*,#3565,.F.);
#3580 = ORIENTED_EDGE('',*,*,#3070,.T.);
#3581 = ORIENTED_EDGE('',*,*,#3095,.F.);
#3582 = PLANE('',#3583);
#3583 = AXIS2_PLACEMENT_3D('',#3584,#3585,#3586);
#3584 = CARTESIAN_POINT('',(-19.,-10.5,2.8));
#3585 = DIRECTION('',(-1.,-0.,-0.));
#3586 = DIRECTION('',(0.,0.,-1.));
#3587 = ADVANCED_FACE('',(#3588),#3599,.T.);
#3588 = FACE_BOUND('',#3589,.T.);
#3589 = EDGE_LOOP('',(#3590,#3591,#3592,#3593));
#3590 = ORIENTED_EDGE('',*,*,#3167,.F.);
#3591 = ORIENTED_EDGE('',*,*,#3468,.T.);
#3592 = ORIENTED_EDGE('',*,*,#3258,.T.);
#3593 = ORIENTED_EDGE('',*,*,#3594,.F.);
#3594 = EDGE_CURVE('',#3168,#3251,#3595,.T.);
#3595 = LINE('',#3596,#3597);
#3596 = CARTESIAN_POINT('',(19.5,5.5,8.3));
#3597 = VECTOR('',#3598,1.);
#3598 = DIRECTION('',(0.,1.,0.));
#3599 = PLANE('',#3600);
#3600 = AXIS2_PLACEMENT_3D('',#3601,#3602,#3603);
#3601 = CARTESIAN_POINT('',(18.9,5.5,8.3));
#3602 = DIRECTION('',(0.,0.,-1.));
#3603 = DIRECTION('',(1.,0.,0.));
#3604 = ADVANCED_FACE('',(#3605),#3616,.T.);
#3605 = FACE_BOUND('',#3606,.T.);
#3606 = EDGE_LOOP('',(#3607,#3608,#3609,#3610));
#3607 = ORIENTED_EDGE('',*,*,#3175,.F.);
#3608 = ORIENTED_EDGE('',*,*,#3594,.T.);
#3609 = ORIENTED_EDGE('',*,*,#3250,.T.);
#3610 = ORIENTED_EDGE('',*,*,#3611,.T.);
#3611 = EDGE_CURVE('',#3243,#3176,#3612,.T.);
#3612 = LINE('',#3613,#3614);
#3613 = CARTESIAN_POINT('',(19.,5.5,9.466666666667));
#3614 = VECTOR('',#3615,1.);
#3615 = DIRECTION('',(0.,-1.,-0.));
#3616 = PLANE('',#3617);
#3617 = AXIS2_PLACEMENT_3D('',#3618,#3619,#3620);
#3618 = CARTESIAN_POINT('',(19.5,5.5,8.3));
#3619 = DIRECTION('',(0.919145030018,-0.,0.393919298579));
#3620 = DIRECTION('',(-0.393919298579,0.,0.919145030018));
#3621 = ADVANCED_FACE('',(#3622),#3628,.T.);
#3622 = FACE_BOUND('',#3623,.T.);
#3623 = EDGE_LOOP('',(#3624,#3625,#3626,#3627));
#3624 = ORIENTED_EDGE('',*,*,#3183,.F.);
#3625 = ORIENTED_EDGE('',*,*,#3611,.F.);
#3626 = ORIENTED_EDGE('',*,*,#3242,.T.);
#3627 = ORIENTED_EDGE('',*,*,#3209,.F.);
#3628 = PLANE('',#3629);
#3629 = AXIS2_PLACEMENT_3D('',#3630,#3631,#3632);
#3630 = CARTESIAN_POINT('',(19.,5.5,2.8));
#3631 = DIRECTION('',(1.,0.,-0.));
#3632 = DIRECTION('',(0.,0.,1.));
#3633 = ADVANCED_FACE('',(#3634),#3645,.T.);
#3634 = FACE_BOUND('',#3635,.F.);
#3635 = EDGE_LOOP('',(#3636,#3637,#3638,#3639));
#3636 = ORIENTED_EDGE('',*,*,#3371,.F.);
#3637 = ORIENTED_EDGE('',*,*,#3451,.T.);
#3638 = ORIENTED_EDGE('',*,*,#3280,.T.);
#3639 = ORIENTED_EDGE('',*,*,#3640,.F.);
#3640 = EDGE_CURVE('',#3364,#3281,#3641,.T.);
#3641 = LINE('',#3642,#3643);
#3642 = CARTESIAN_POINT('',(-19.5,5.5,8.3));
#3643 = VECTOR('',#3644,1.);
#3644 = DIRECTION('',(-0.,1.,-0.));
#3645 = PLANE('',#3646);
#3646 = AXIS2_PLACEMENT_3D('',#3647,#3648,#3649);
#3647 = CARTESIAN_POINT('',(-18.9,5.5,8.3));
#3648 = DIRECTION('',(-0.,-0.,-1.));
#3649 = DIRECTION('',(1.,0.,0.));
#3650 = ADVANCED_FACE('',(#3651),#3662,.T.);
#3651 = FACE_BOUND('',#3652,.F.);
#3652 = EDGE_LOOP('',(#3653,#3654,#3655,#3656));
#3653 = ORIENTED_EDGE('',*,*,#3363,.F.);
#3654 = ORIENTED_EDGE('',*,*,#3640,.T.);
#3655 = ORIENTED_EDGE('',*,*,#3288,.T.);
#3656 = ORIENTED_EDGE('',*,*,#3657,.T.);
#3657 = EDGE_CURVE('',#3289,#3356,#3658,.T.);
#3658 = LINE('',#3659,#3660);
#3659 = CARTESIAN_POINT('',(-19.,5.5,9.466666666667));
#3660 = VECTOR('',#3661,1.);
#3661 = DIRECTION('',(-0.,-1.,-0.));
#3662 = PLANE('',#3663);
#3663 = AXIS2_PLACEMENT_3D('',#3664,#3665,#3666);
#3664 = CARTESIAN_POINT('',(-19.5,5.5,8.3));
#3665 = DIRECTION('',(-0.919145030018,-0.,0.393919298579));
#3666 = DIRECTION('',(-0.393919298579,0.,-0.919145030018));
#3667 = ADVANCED_FACE('',(#3668),#3674,.T.);
#3668 = FACE_BOUND('',#3669,.F.);
#3669 = EDGE_LOOP('',(#3670,#3671,#3672,#3673));
#3670 = ORIENTED_EDGE('',*,*,#3355,.F.);
#3671 = ORIENTED_EDGE('',*,*,#3657,.F.);
#3672 = ORIENTED_EDGE('',*,*,#3296,.T.);
#3673 = ORIENTED_EDGE('',*,*,#3321,.F.);
#3674 = PLANE('',#3675);
#3675 = AXIS2_PLACEMENT_3D('',#3676,#3677,#3678);
#3676 = CARTESIAN_POINT('',(-19.,5.5,2.8));
#3677 = DIRECTION('',(-1.,-0.,-0.));
#3678 = DIRECTION('',(0.,0.,-1.));
#3679 = ( GEOMETRIC_REPRESENTATION_CONTEXT(3) 
GLOBAL_UNCERTAINTY_ASSIGNED_CONTEXT((#3683)) 
GLOBAL_UNIT_ASSIGNED_CONTEXT((#3680,#3681,#3682)) REPRESENTATION_CONTEXT
('Context #1','3D Context with UNIT and UNCERTAINTY') );
#3680 = ( LENGTH_UNIT() NAMED_UNIT(*) SI_UNIT(.MILLI.,.METRE.) );
#3681 = ( NAMED_UNIT(*) PLANE_ANGLE_UNIT() SI_UNIT($,.RADIAN.) );
#3682 = ( NAMED_UNIT(*) SI_UNIT($,.STERADIAN.) SOLID_ANGLE_UNIT() );
#3683 = UNCERTAINTY_MEASURE_WITH_UNIT(LENGTH_MEASURE(1.E-07),#3680,
  'distance_accuracy_value','confusion accuracy');
#3684 = PRODUCT_RELATED_PRODUCT_CATEGORY('part',$,(#7));
ENDSEC;
END-ISO-10303-21;
