ISO-10303-21;
HEADER;
FILE_DESCRIPTION(('FreeCAD Model'),'2;1');
FILE_NAME('Open CASCADE Shape Model','2026-09-18T11:10:01',('FreeCAD'),(
    'FreeCAD'),'Open CASCADE STEP processor 7.8','FreeCAD','Unknown');
FILE_SCHEMA(('AUTOMOTIVE_DESIGN { 1 0 10303 214 1 1 1 1 }'));
ENDSEC;
DATA;
#1 = APPLICATION_PROTOCOL_DEFINITION('international standard',
  'automotive_design',2000,#2);
#2 = APPLICATION_CONTEXT(
  'core data for automotive mechanical design processes');
#3 = SHAPE_DEFINITION_REPRESENTATION(#4,#10);
#4 = PRODUCT_DEFINITION_SHAPE('','',#5);
#5 = PRODUCT_DEFINITION('design','',#6,#9);
#6 = PRODUCT_DEFINITION_FORMATION('','',#7);
#7 = PRODUCT('Open CASCADE STEP translator 7.8 1',
  'Open CASCADE STEP translator 7.8 1','',(#8));
#8 = PRODUCT_CONTEXT('',#2,'mechanical');
#9 = PRODUCT_DEFINITION_CONTEXT('part definition',#2,'design');
#10 = ADVANCED_BREP_SHAPE_REPRESENTATION('',(#11,#15),#3407);
#11 = AXIS2_PLACEMENT_3D('',#12,#13,#14);
#12 = CARTESIAN_POINT('',(0.,0.,0.));
#13 = DIRECTION('',(0.,0.,1.));
#14 = DIRECTION('',(1.,0.,-0.));
#15 = MANIFOLD_SOLID_BREP('',#16);
#16 = CLOSED_SHELL('',(#17,#59,#353,#400,#731,#748,#765,#782,#799,#816,
    #828,#868,#892,#917,#941,#972,#1003,#1034,#1065,#1090,#1114,#1139,
    #1163,#1194,#1225,#1256,#1287,#1312,#1336,#1369,#1386,#1417,#1441,
    #1465,#1482,#1513,#1537,#1561,#1578,#1609,#1633,#1657,#1674,#1705,
    #1729,#1753,#1770,#1919,#1954,#2017,#2080,#2143,#2206,#2261,#2278,
    #2295,#2307,#2338,#2369,#2400,#2431,#2462,#2493,#2524,#2555,#2586,
    #2617,#2648,#2679,#2710,#2741,#2772,#2803,#2829,#2855,#2881,#2907,
    #2933,#2959,#2985,#3011,#3023,#3035,#3070,#3105,#3117,#3129,#3164,
    #3199,#3221,#3243,#3265,#3287,#3302,#3317,#3332,#3347,#3362,#3377,
    #3392));
#17 = ADVANCED_FACE('',(#18),#54,.T.);
#18 = FACE_BOUND('',#19,.T.);
#19 = EDGE_LOOP('',(#20,#31,#39,#48));
#20 = ORIENTED_EDGE('',*,*,#21,.F.);
#21 = EDGE_CURVE('',#22,#24,#26,.T.);
#22 = VERTEX_POINT('',#23);
#23 = CARTESIAN_POINT('',(-21.,-23.,6.9));
#24 = VERTEX_POINT('',#25);
#25 = CARTESIAN_POINT('',(-16.,-28.,6.9));
#26 = CIRCLE('',#27,5.);
#27 = AXIS2_PLACEMENT_3D('',#28,#29,#30);
#28 = CARTESIAN_POINT('',(-16.,-23.,6.9));
#29 = DIRECTION('',(0.,0.,1.));
#30 = DIRECTION('',(1.,0.,-0.));
#31 = ORIENTED_EDGE('',*,*,#32,.F.);
#32 = EDGE_CURVE('',#33,#22,#35,.T.);
#33 = VERTEX_POINT('',#34);
#34 = CARTESIAN_POINT('',(-21.,-23.,0.));
#35 = LINE('',#36,#37);
#36 = CARTESIAN_POINT('',(-21.,-23.,0.));
#37 = VECTOR('',#38,1.);
#38 = DIRECTION('',(0.,0.,1.));
#39 = ORIENTED_EDGE('',*,*,#40,.T.);
#40 = EDGE_CURVE('',#33,#41,#43,.T.);
#41 = VERTEX_POINT('',#42);
#42 = CARTESIAN_POINT('',(-16.,-28.,0.));
#43 = CIRCLE('',#44,5.);
#44 = AXIS2_PLACEMENT_3D('',#45,#46,#47);
#45 = CARTESIAN_POINT('',(-16.,-23.,0.));
#46 = DIRECTION('',(0.,0.,1.));
#47 = DIRECTION('',(1.,0.,-0.));
#48 = ORIENTED_EDGE('',*,*,#49,.T.);
#49 = EDGE_CURVE('',#41,#24,#50,.T.);
#50 = LINE('',#51,#52);
#51 = CARTESIAN_POINT('',(-16.,-28.,0.));
#52 = VECTOR('',#53,1.);
#53 = DIRECTION('',(0.,0.,1.));
#54 = CYLINDRICAL_SURFACE('',#55,5.);
#55 = AXIS2_PLACEMENT_3D('',#56,#57,#58);
#56 = CARTESIAN_POINT('',(-16.,-23.,0.));
#57 = DIRECTION('',(0.,0.,1.));
#58 = DIRECTION('',(1.,0.,-0.));
#59 = ADVANCED_FACE('',(#60),#348,.T.);
#60 = FACE_BOUND('',#61,.T.);
#61 = EDGE_LOOP('',(#62,#70,#71,#79,#87,#95,#104,#112,#120,#128,#136,
    #144,#152,#160,#168,#176,#185,#193,#202,#210,#218,#226,#234,#242,
    #250,#258,#266,#274,#283,#291,#299,#307,#316,#324,#333,#341));
#62 = ORIENTED_EDGE('',*,*,#63,.F.);
#63 = EDGE_CURVE('',#22,#64,#66,.T.);
#64 = VERTEX_POINT('',#65);
#65 = CARTESIAN_POINT('',(-21.,23.,6.9));
#66 = LINE('',#67,#68);
#67 = CARTESIAN_POINT('',(-21.,-23.,6.9));
#68 = VECTOR('',#69,1.);
#69 = DIRECTION('',(-0.,1.,0.));
#70 = ORIENTED_EDGE('',*,*,#21,.T.);
#71 = ORIENTED_EDGE('',*,*,#72,.T.);
#72 = EDGE_CURVE('',#24,#73,#75,.T.);
#73 = VERTEX_POINT('',#74);
#74 = CARTESIAN_POINT('',(-7.,-28.,6.9));
#75 = LINE('',#76,#77);
#76 = CARTESIAN_POINT('',(-16.,-28.,6.9));
#77 = VECTOR('',#78,1.);
#78 = DIRECTION('',(1.,0.,-0.));
#79 = ORIENTED_EDGE('',*,*,#80,.T.);
#80 = EDGE_CURVE('',#73,#81,#83,.T.);
#81 = VERTEX_POINT('',#82);
#82 = CARTESIAN_POINT('',(-7.,-26.,6.9));
#83 = LINE('',#84,#85);
#84 = CARTESIAN_POINT('',(-7.,-14.5,6.9));
#85 = VECTOR('',#86,1.);
#86 = DIRECTION('',(-0.,1.,0.));
#87 = ORIENTED_EDGE('',*,*,#88,.T.);
#88 = EDGE_CURVE('',#81,#89,#91,.T.);
#89 = VERTEX_POINT('',#90);
#90 = CARTESIAN_POINT('',(-16.,-26.,6.9));
#91 = LINE('',#92,#93);
#92 = CARTESIAN_POINT('',(-8.,-26.,6.9));
#93 = VECTOR('',#94,1.);
#94 = DIRECTION('',(-1.,-0.,0.));
#95 = ORIENTED_EDGE('',*,*,#96,.F.);
#96 = EDGE_CURVE('',#97,#89,#99,.T.);
#97 = VERTEX_POINT('',#98);
#98 = CARTESIAN_POINT('',(-19.,-23.,6.9));
#99 = CIRCLE('',#100,3.);
#100 = AXIS2_PLACEMENT_3D('',#101,#102,#103);
#101 = CARTESIAN_POINT('',(-16.,-23.,6.9));
#102 = DIRECTION('',(0.,0.,1.));
#103 = DIRECTION('',(1.,0.,-0.));
#104 = ORIENTED_EDGE('',*,*,#105,.T.);
#105 = EDGE_CURVE('',#97,#106,#108,.T.);
#106 = VERTEX_POINT('',#107);
#107 = CARTESIAN_POINT('',(-19.,-10.8,6.9));
#108 = LINE('',#109,#110);
#109 = CARTESIAN_POINT('',(-19.,-11.5,6.9));
#110 = VECTOR('',#111,1.);
#111 = DIRECTION('',(-0.,1.,0.));
#112 = ORIENTED_EDGE('',*,*,#113,.F.);
#113 = EDGE_CURVE('',#114,#106,#116,.T.);
#114 = VERTEX_POINT('',#115);
#115 = CARTESIAN_POINT('',(-20.,-10.8,6.9));
#116 = LINE('',#117,#118);
#117 = CARTESIAN_POINT('',(-8.5,-10.8,6.9));
#118 = VECTOR('',#119,1.);
#119 = DIRECTION('',(1.,0.,-0.));
#120 = ORIENTED_EDGE('',*,*,#121,.T.);
#121 = EDGE_CURVE('',#114,#122,#124,.T.);
#122 = VERTEX_POINT('',#123);
#123 = CARTESIAN_POINT('',(-20.,-5.2,6.9));
#124 = LINE('',#125,#126);
#125 = CARTESIAN_POINT('',(-20.,-5.4,6.9));
#126 = VECTOR('',#127,1.);
#127 = DIRECTION('',(0.,1.,0.));
#128 = ORIENTED_EDGE('',*,*,#129,.T.);
#129 = EDGE_CURVE('',#122,#130,#132,.T.);
#130 = VERTEX_POINT('',#131);
#131 = CARTESIAN_POINT('',(-19.,-5.2,6.9));
#132 = LINE('',#133,#134);
#133 = CARTESIAN_POINT('',(-8.5,-5.2,6.9));
#134 = VECTOR('',#135,1.);
#135 = DIRECTION('',(1.,0.,-0.));
#136 = ORIENTED_EDGE('',*,*,#137,.T.);
#137 = EDGE_CURVE('',#130,#138,#140,.T.);
#138 = VERTEX_POINT('',#139);
#139 = CARTESIAN_POINT('',(-19.,5.2,6.9));
#140 = LINE('',#141,#142);
#141 = CARTESIAN_POINT('',(-19.,-11.5,6.9));
#142 = VECTOR('',#143,1.);
#143 = DIRECTION('',(-0.,1.,0.));
#144 = ORIENTED_EDGE('',*,*,#145,.F.);
#145 = EDGE_CURVE('',#146,#138,#148,.T.);
#146 = VERTEX_POINT('',#147);
#147 = CARTESIAN_POINT('',(-20.,5.2,6.9));
#148 = LINE('',#149,#150);
#149 = CARTESIAN_POINT('',(-8.5,5.2,6.9));
#150 = VECTOR('',#151,1.);
#151 = DIRECTION('',(1.,0.,-0.));
#152 = ORIENTED_EDGE('',*,*,#153,.T.);
#153 = EDGE_CURVE('',#146,#154,#156,.T.);
#154 = VERTEX_POINT('',#155);
#155 = CARTESIAN_POINT('',(-20.,10.8,6.9));
#156 = LINE('',#157,#158);
#157 = CARTESIAN_POINT('',(-20.,2.6,6.9));
#158 = VECTOR('',#159,1.);
#159 = DIRECTION('',(0.,1.,0.));
#160 = ORIENTED_EDGE('',*,*,#161,.T.);
#161 = EDGE_CURVE('',#154,#162,#164,.T.);
#162 = VERTEX_POINT('',#163);
#163 = CARTESIAN_POINT('',(-19.,10.8,6.9));
#164 = LINE('',#165,#166);
#165 = CARTESIAN_POINT('',(-8.5,10.8,6.9));
#166 = VECTOR('',#167,1.);
#167 = DIRECTION('',(1.,0.,-0.));
#168 = ORIENTED_EDGE('',*,*,#169,.T.);
#169 = EDGE_CURVE('',#162,#170,#172,.T.);
#170 = VERTEX_POINT('',#171);
#171 = CARTESIAN_POINT('',(-19.,23.,6.9));
#172 = LINE('',#173,#174);
#173 = CARTESIAN_POINT('',(-19.,-11.5,6.9));
#174 = VECTOR('',#175,1.);
#175 = DIRECTION('',(-0.,1.,0.));
#176 = ORIENTED_EDGE('',*,*,#177,.F.);
#177 = EDGE_CURVE('',#178,#170,#180,.T.);
#178 = VERTEX_POINT('',#179);
#179 = CARTESIAN_POINT('',(-16.,26.,6.9));
#180 = CIRCLE('',#181,3.);
#181 = AXIS2_PLACEMENT_3D('',#182,#183,#184);
#182 = CARTESIAN_POINT('',(-16.,23.,6.9));
#183 = DIRECTION('',(0.,0.,1.));
#184 = DIRECTION('',(1.,0.,-0.));
#185 = ORIENTED_EDGE('',*,*,#186,.F.);
#186 = EDGE_CURVE('',#187,#178,#189,.T.);
#187 = VERTEX_POINT('',#188);
#188 = CARTESIAN_POINT('',(16.,26.,6.9));
#189 = LINE('',#190,#191);
#190 = CARTESIAN_POINT('',(-8.,26.,6.9));
#191 = VECTOR('',#192,1.);
#192 = DIRECTION('',(-1.,-0.,0.));
#193 = ORIENTED_EDGE('',*,*,#194,.F.);
#194 = EDGE_CURVE('',#195,#187,#197,.T.);
#195 = VERTEX_POINT('',#196);
#196 = CARTESIAN_POINT('',(19.,23.,6.9));
#197 = CIRCLE('',#198,3.);
#198 = AXIS2_PLACEMENT_3D('',#199,#200,#201);
#199 = CARTESIAN_POINT('',(16.,23.,6.9));
#200 = DIRECTION('',(0.,0.,1.));
#201 = DIRECTION('',(1.,0.,-0.));
#202 = ORIENTED_EDGE('',*,*,#203,.F.);
#203 = EDGE_CURVE('',#204,#195,#206,.T.);
#204 = VERTEX_POINT('',#205);
#205 = CARTESIAN_POINT('',(19.,10.8,6.9));
#206 = LINE('',#207,#208);
#207 = CARTESIAN_POINT('',(19.,-11.5,6.9));
#208 = VECTOR('',#209,1.);
#209 = DIRECTION('',(-0.,1.,0.));
#210 = ORIENTED_EDGE('',*,*,#211,.F.);
#211 = EDGE_CURVE('',#212,#204,#214,.T.);
#212 = VERTEX_POINT('',#213);
#213 = CARTESIAN_POINT('',(20.,10.8,6.9));
#214 = LINE('',#215,#216);
#215 = CARTESIAN_POINT('',(8.5,10.8,6.9));
#216 = VECTOR('',#217,1.);
#217 = DIRECTION('',(-1.,-0.,0.));
#218 = ORIENTED_EDGE('',*,*,#219,.F.);
#219 = EDGE_CURVE('',#220,#212,#222,.T.);
#220 = VERTEX_POINT('',#221);
#221 = CARTESIAN_POINT('',(20.,5.2,6.9));
#222 = LINE('',#223,#224);
#223 = CARTESIAN_POINT('',(20.,2.6,6.9));
#224 = VECTOR('',#225,1.);
#225 = DIRECTION('',(-0.,1.,0.));
#226 = ORIENTED_EDGE('',*,*,#227,.T.);
#227 = EDGE_CURVE('',#220,#228,#230,.T.);
#228 = VERTEX_POINT('',#229);
#229 = CARTESIAN_POINT('',(19.,5.2,6.9));
#230 = LINE('',#231,#232);
#231 = CARTESIAN_POINT('',(8.5,5.2,6.9));
#232 = VECTOR('',#233,1.);
#233 = DIRECTION('',(-1.,-0.,0.));
#234 = ORIENTED_EDGE('',*,*,#235,.F.);
#235 = EDGE_CURVE('',#236,#228,#238,.T.);
#236 = VERTEX_POINT('',#237);
#237 = CARTESIAN_POINT('',(19.,-5.2,6.9));
#238 = LINE('',#239,#240);
#239 = CARTESIAN_POINT('',(19.,-11.5,6.9));
#240 = VECTOR('',#241,1.);
#241 = DIRECTION('',(-0.,1.,0.));
#242 = ORIENTED_EDGE('',*,*,#243,.F.);
#243 = EDGE_CURVE('',#244,#236,#246,.T.);
#244 = VERTEX_POINT('',#245);
#245 = CARTESIAN_POINT('',(20.,-5.2,6.9));
#246 = LINE('',#247,#248);
#247 = CARTESIAN_POINT('',(8.5,-5.2,6.9));
#248 = VECTOR('',#249,1.);
#249 = DIRECTION('',(-1.,-0.,0.));
#250 = ORIENTED_EDGE('',*,*,#251,.F.);
#251 = EDGE_CURVE('',#252,#244,#254,.T.);
#252 = VERTEX_POINT('',#253);
#253 = CARTESIAN_POINT('',(20.,-10.8,6.9));
#254 = LINE('',#255,#256);
#255 = CARTESIAN_POINT('',(20.,-5.4,6.9));
#256 = VECTOR('',#257,1.);
#257 = DIRECTION('',(-0.,1.,0.));
#258 = ORIENTED_EDGE('',*,*,#259,.T.);
#259 = EDGE_CURVE('',#252,#260,#262,.T.);
#260 = VERTEX_POINT('',#261);
#261 = CARTESIAN_POINT('',(19.,-10.8,6.9));
#262 = LINE('',#263,#264);
#263 = CARTESIAN_POINT('',(8.5,-10.8,6.9));
#264 = VECTOR('',#265,1.);
#265 = DIRECTION('',(-1.,-0.,0.));
#266 = ORIENTED_EDGE('',*,*,#267,.F.);
#267 = EDGE_CURVE('',#268,#260,#270,.T.);
#268 = VERTEX_POINT('',#269);
#269 = CARTESIAN_POINT('',(19.,-23.,6.9));
#270 = LINE('',#271,#272);
#271 = CARTESIAN_POINT('',(19.,-11.5,6.9));
#272 = VECTOR('',#273,1.);
#273 = DIRECTION('',(-0.,1.,0.));
#274 = ORIENTED_EDGE('',*,*,#275,.F.);
#275 = EDGE_CURVE('',#276,#268,#278,.T.);
#276 = VERTEX_POINT('',#277);
#277 = CARTESIAN_POINT('',(16.,-26.,6.9));
#278 = CIRCLE('',#279,3.);
#279 = AXIS2_PLACEMENT_3D('',#280,#281,#282);
#280 = CARTESIAN_POINT('',(16.,-23.,6.9));
#281 = DIRECTION('',(0.,0.,1.));
#282 = DIRECTION('',(1.,0.,-0.));
#283 = ORIENTED_EDGE('',*,*,#284,.T.);
#284 = EDGE_CURVE('',#276,#285,#287,.T.);
#285 = VERTEX_POINT('',#286);
#286 = CARTESIAN_POINT('',(7.,-26.,6.9));
#287 = LINE('',#288,#289);
#288 = CARTESIAN_POINT('',(-8.,-26.,6.9));
#289 = VECTOR('',#290,1.);
#290 = DIRECTION('',(-1.,-0.,0.));
#291 = ORIENTED_EDGE('',*,*,#292,.F.);
#292 = EDGE_CURVE('',#293,#285,#295,.T.);
#293 = VERTEX_POINT('',#294);
#294 = CARTESIAN_POINT('',(7.,-28.,6.9));
#295 = LINE('',#296,#297);
#296 = CARTESIAN_POINT('',(7.,-14.5,6.9));
#297 = VECTOR('',#298,1.);
#298 = DIRECTION('',(-0.,1.,0.));
#299 = ORIENTED_EDGE('',*,*,#300,.T.);
#300 = EDGE_CURVE('',#293,#301,#303,.T.);
#301 = VERTEX_POINT('',#302);
#302 = CARTESIAN_POINT('',(16.,-28.,6.9));
#303 = LINE('',#304,#305);
#304 = CARTESIAN_POINT('',(-16.,-28.,6.9));
#305 = VECTOR('',#306,1.);
#306 = DIRECTION('',(1.,0.,-0.));
#307 = ORIENTED_EDGE('',*,*,#308,.T.);
#308 = EDGE_CURVE('',#301,#309,#311,.T.);
#309 = VERTEX_POINT('',#310);
#310 = CARTESIAN_POINT('',(21.,-23.,6.9));
#311 = CIRCLE('',#312,5.);
#312 = AXIS2_PLACEMENT_3D('',#313,#314,#315);
#313 = CARTESIAN_POINT('',(16.,-23.,6.9));
#314 = DIRECTION('',(0.,0.,1.));
#315 = DIRECTION('',(1.,0.,-0.));
#316 = ORIENTED_EDGE('',*,*,#317,.T.);
#317 = EDGE_CURVE('',#309,#318,#320,.T.);
#318 = VERTEX_POINT('',#319);
#319 = CARTESIAN_POINT('',(21.,23.,6.9));
#320 = LINE('',#321,#322);
#321 = CARTESIAN_POINT('',(21.,-23.,6.9));
#322 = VECTOR('',#323,1.);
#323 = DIRECTION('',(-0.,1.,0.));
#324 = ORIENTED_EDGE('',*,*,#325,.T.);
#325 = EDGE_CURVE('',#318,#326,#328,.T.);
#326 = VERTEX_POINT('',#327);
#327 = CARTESIAN_POINT('',(16.,28.,6.9));
#328 = CIRCLE('',#329,5.);
#329 = AXIS2_PLACEMENT_3D('',#330,#331,#332);
#330 = CARTESIAN_POINT('',(16.,23.,6.9));
#331 = DIRECTION('',(0.,0.,1.));
#332 = DIRECTION('',(1.,0.,-0.));
#333 = ORIENTED_EDGE('',*,*,#334,.F.);
#334 = EDGE_CURVE('',#335,#326,#337,.T.);
#335 = VERTEX_POINT('',#336);
#336 = CARTESIAN_POINT('',(-16.,28.,6.9));
#337 = LINE('',#338,#339);
#338 = CARTESIAN_POINT('',(-16.,28.,6.9));
#339 = VECTOR('',#340,1.);
#340 = DIRECTION('',(1.,0.,-0.));
#341 = ORIENTED_EDGE('',*,*,#342,.T.);
#342 = EDGE_CURVE('',#335,#64,#343,.T.);
#343 = CIRCLE('',#344,5.);
#344 = AXIS2_PLACEMENT_3D('',#345,#346,#347);
#345 = CARTESIAN_POINT('',(-16.,23.,6.9));
#346 = DIRECTION('',(0.,0.,1.));
#347 = DIRECTION('',(1.,0.,-0.));
#348 = PLANE('',#349);
#349 = AXIS2_PLACEMENT_3D('',#350,#351,#352);
#350 = CARTESIAN_POINT('',(0.,-1.215523145324E-15,6.9));
#351 = DIRECTION('',(0.,0.,1.));
#352 = DIRECTION('',(1.,0.,-0.));
#353 = ADVANCED_FACE('',(#354),#395,.F.);
#354 = FACE_BOUND('',#355,.F.);
#355 = EDGE_LOOP('',(#356,#364,#365,#366,#374,#382,#388,#389));
#356 = ORIENTED_EDGE('',*,*,#357,.F.);
#357 = EDGE_CURVE('',#41,#358,#360,.T.);
#358 = VERTEX_POINT('',#359);
#359 = CARTESIAN_POINT('',(16.,-28.,0.));
#360 = LINE('',#361,#362);
#361 = CARTESIAN_POINT('',(-16.,-28.,0.));
#362 = VECTOR('',#363,1.);
#363 = DIRECTION('',(1.,0.,-0.));
#364 = ORIENTED_EDGE('',*,*,#49,.T.);
#365 = ORIENTED_EDGE('',*,*,#72,.T.);
#366 = ORIENTED_EDGE('',*,*,#367,.T.);
#367 = EDGE_CURVE('',#73,#368,#370,.T.);
#368 = VERTEX_POINT('',#369);
#369 = CARTESIAN_POINT('',(-7.,-28.,3.6));
#370 = LINE('',#371,#372);
#371 = CARTESIAN_POINT('',(-7.,-28.,1.8));
#372 = VECTOR('',#373,1.);
#373 = DIRECTION('',(-0.,0.,-1.));
#374 = ORIENTED_EDGE('',*,*,#375,.T.);
#375 = EDGE_CURVE('',#368,#376,#378,.T.);
#376 = VERTEX_POINT('',#377);
#377 = CARTESIAN_POINT('',(7.,-28.,3.6));
#378 = LINE('',#379,#380);
#379 = CARTESIAN_POINT('',(-11.5,-28.,3.6));
#380 = VECTOR('',#381,1.);
#381 = DIRECTION('',(1.,0.,-0.));
#382 = ORIENTED_EDGE('',*,*,#383,.F.);
#383 = EDGE_CURVE('',#293,#376,#384,.T.);
#384 = LINE('',#385,#386);
#385 = CARTESIAN_POINT('',(7.,-28.,1.8));
#386 = VECTOR('',#387,1.);
#387 = DIRECTION('',(-0.,0.,-1.));
#388 = ORIENTED_EDGE('',*,*,#300,.T.);
#389 = ORIENTED_EDGE('',*,*,#390,.F.);
#390 = EDGE_CURVE('',#358,#301,#391,.T.);
#391 = LINE('',#392,#393);
#392 = CARTESIAN_POINT('',(16.,-28.,0.));
#393 = VECTOR('',#394,1.);
#394 = DIRECTION('',(0.,0.,1.));
#395 = PLANE('',#396);
#396 = AXIS2_PLACEMENT_3D('',#397,#398,#399);
#397 = CARTESIAN_POINT('',(-16.,-28.,0.));
#398 = DIRECTION('',(-0.,1.,0.));
#399 = DIRECTION('',(0.,0.,1.));
#400 = ADVANCED_FACE('',(#401,#454,#488,#522,#556,#590,#624,#658,#692),
  #726,.T.);
#401 = FACE_BOUND('',#402,.T.);
#402 = EDGE_LOOP('',(#403,#404,#412,#421,#429,#438,#446,#453));
#403 = ORIENTED_EDGE('',*,*,#40,.F.);
#404 = ORIENTED_EDGE('',*,*,#405,.T.);
#405 = EDGE_CURVE('',#33,#406,#408,.T.);
#406 = VERTEX_POINT('',#407);
#407 = CARTESIAN_POINT('',(-21.,23.,0.));
#408 = LINE('',#409,#410);
#409 = CARTESIAN_POINT('',(-21.,-23.,0.));
#410 = VECTOR('',#411,1.);
#411 = DIRECTION('',(-0.,1.,0.));
#412 = ORIENTED_EDGE('',*,*,#413,.F.);
#413 = EDGE_CURVE('',#414,#406,#416,.T.);
#414 = VERTEX_POINT('',#415);
#415 = CARTESIAN_POINT('',(-16.,28.,0.));
#416 = CIRCLE('',#417,5.);
#417 = AXIS2_PLACEMENT_3D('',#418,#419,#420);
#418 = CARTESIAN_POINT('',(-16.,23.,0.));
#419 = DIRECTION('',(0.,0.,1.));
#420 = DIRECTION('',(1.,0.,-0.));
#421 = ORIENTED_EDGE('',*,*,#422,.T.);
#422 = EDGE_CURVE('',#414,#423,#425,.T.);
#423 = VERTEX_POINT('',#424);
#424 = CARTESIAN_POINT('',(16.,28.,0.));
#425 = LINE('',#426,#427);
#426 = CARTESIAN_POINT('',(-16.,28.,0.));
#427 = VECTOR('',#428,1.);
#428 = DIRECTION('',(1.,0.,-0.));
#429 = ORIENTED_EDGE('',*,*,#430,.F.);
#430 = EDGE_CURVE('',#431,#423,#433,.T.);
#431 = VERTEX_POINT('',#432);
#432 = CARTESIAN_POINT('',(21.,23.,0.));
#433 = CIRCLE('',#434,5.);
#434 = AXIS2_PLACEMENT_3D('',#435,#436,#437);
#435 = CARTESIAN_POINT('',(16.,23.,0.));
#436 = DIRECTION('',(0.,0.,1.));
#437 = DIRECTION('',(1.,0.,-0.));
#438 = ORIENTED_EDGE('',*,*,#439,.F.);
#439 = EDGE_CURVE('',#440,#431,#442,.T.);
#440 = VERTEX_POINT('',#441);
#441 = CARTESIAN_POINT('',(21.,-23.,0.));
#442 = LINE('',#443,#444);
#443 = CARTESIAN_POINT('',(21.,-23.,0.));
#444 = VECTOR('',#445,1.);
#445 = DIRECTION('',(-0.,1.,0.));
#446 = ORIENTED_EDGE('',*,*,#447,.F.);
#447 = EDGE_CURVE('',#358,#440,#448,.T.);
#448 = CIRCLE('',#449,5.);
#449 = AXIS2_PLACEMENT_3D('',#450,#451,#452);
#450 = CARTESIAN_POINT('',(16.,-23.,0.));
#451 = DIRECTION('',(0.,0.,1.));
#452 = DIRECTION('',(1.,0.,-0.));
#453 = ORIENTED_EDGE('',*,*,#357,.F.);
#454 = FACE_BOUND('',#455,.T.);
#455 = EDGE_LOOP('',(#456,#466,#474,#482));
#456 = ORIENTED_EDGE('',*,*,#457,.F.);
#457 = EDGE_CURVE('',#458,#460,#462,.T.);
#458 = VERTEX_POINT('',#459);
#459 = CARTESIAN_POINT('',(17.,-5.2,0.));
#460 = VERTEX_POINT('',#461);
#461 = CARTESIAN_POINT('',(18.,-5.2,0.));
#462 = LINE('',#463,#464);
#463 = CARTESIAN_POINT('',(8.5,-5.2,0.));
#464 = VECTOR('',#465,1.);
#465 = DIRECTION('',(1.,0.,-0.));
#466 = ORIENTED_EDGE('',*,*,#467,.T.);
#467 = EDGE_CURVE('',#458,#468,#470,.T.);
#468 = VERTEX_POINT('',#469);
#469 = CARTESIAN_POINT('',(17.,-10.8,0.));
#470 = LINE('',#471,#472);
#471 = CARTESIAN_POINT('',(17.,-5.4,0.));
#472 = VECTOR('',#473,1.);
#473 = DIRECTION('',(0.,-1.,0.));
#474 = ORIENTED_EDGE('',*,*,#475,.T.);
#475 = EDGE_CURVE('',#468,#476,#478,.T.);
#476 = VERTEX_POINT('',#477);
#477 = CARTESIAN_POINT('',(18.,-10.8,0.));
#478 = LINE('',#479,#480);
#479 = CARTESIAN_POINT('',(8.5,-10.8,0.));
#480 = VECTOR('',#481,1.);
#481 = DIRECTION('',(1.,0.,-0.));
#482 = ORIENTED_EDGE('',*,*,#483,.F.);
#483 = EDGE_CURVE('',#460,#476,#484,.T.);
#484 = LINE('',#485,#486);
#485 = CARTESIAN_POINT('',(18.,-5.4,0.));
#486 = VECTOR('',#487,1.);
#487 = DIRECTION('',(0.,-1.,0.));
#488 = FACE_BOUND('',#489,.T.);
#489 = EDGE_LOOP('',(#490,#500,#508,#516));
#490 = ORIENTED_EDGE('',*,*,#491,.F.);
#491 = EDGE_CURVE('',#492,#494,#496,.T.);
#492 = VERTEX_POINT('',#493);
#493 = CARTESIAN_POINT('',(-5.,-6.,0.));
#494 = VERTEX_POINT('',#495);
#495 = CARTESIAN_POINT('',(5.,-6.,0.));
#496 = LINE('',#497,#498);
#497 = CARTESIAN_POINT('',(-2.5,-6.,0.));
#498 = VECTOR('',#499,1.);
#499 = DIRECTION('',(1.,0.,-0.));
#500 = ORIENTED_EDGE('',*,*,#501,.T.);
#501 = EDGE_CURVE('',#492,#502,#504,.T.);
#502 = VERTEX_POINT('',#503);
#503 = CARTESIAN_POINT('',(-5.,-8.,0.));
#504 = LINE('',#505,#506);
#505 = CARTESIAN_POINT('',(-5.,-4.,0.));
#506 = VECTOR('',#507,1.);
#507 = DIRECTION('',(0.,-1.,0.));
#508 = ORIENTED_EDGE('',*,*,#509,.T.);
#509 = EDGE_CURVE('',#502,#510,#512,.T.);
#510 = VERTEX_POINT('',#511);
#511 = CARTESIAN_POINT('',(5.,-8.,0.));
#512 = LINE('',#513,#514);
#513 = CARTESIAN_POINT('',(-2.5,-8.,0.));
#514 = VECTOR('',#515,1.);
#515 = DIRECTION('',(1.,0.,-0.));
#516 = ORIENTED_EDGE('',*,*,#517,.F.);
#517 = EDGE_CURVE('',#494,#510,#518,.T.);
#518 = LINE('',#519,#520);
#519 = CARTESIAN_POINT('',(5.,-4.,0.));
#520 = VECTOR('',#521,1.);
#521 = DIRECTION('',(0.,-1.,0.));
#522 = FACE_BOUND('',#523,.T.);
#523 = EDGE_LOOP('',(#524,#534,#542,#550));
#524 = ORIENTED_EDGE('',*,*,#525,.F.);
#525 = EDGE_CURVE('',#526,#528,#530,.T.);
#526 = VERTEX_POINT('',#527);
#527 = CARTESIAN_POINT('',(-17.,-5.2,0.));
#528 = VERTEX_POINT('',#529);
#529 = CARTESIAN_POINT('',(-17.,-10.8,0.));
#530 = LINE('',#531,#532);
#531 = CARTESIAN_POINT('',(-17.,-5.4,0.));
#532 = VECTOR('',#533,1.);
#533 = DIRECTION('',(0.,-1.,0.));
#534 = ORIENTED_EDGE('',*,*,#535,.T.);
#535 = EDGE_CURVE('',#526,#536,#538,.T.);
#536 = VERTEX_POINT('',#537);
#537 = CARTESIAN_POINT('',(-18.,-5.2,0.));
#538 = LINE('',#539,#540);
#539 = CARTESIAN_POINT('',(-8.5,-5.2,0.));
#540 = VECTOR('',#541,1.);
#541 = DIRECTION('',(-1.,0.,0.));
#542 = ORIENTED_EDGE('',*,*,#543,.T.);
#543 = EDGE_CURVE('',#536,#544,#546,.T.);
#544 = VERTEX_POINT('',#545);
#545 = CARTESIAN_POINT('',(-18.,-10.8,0.));
#546 = LINE('',#547,#548);
#547 = CARTESIAN_POINT('',(-18.,-5.4,0.));
#548 = VECTOR('',#549,1.);
#549 = DIRECTION('',(0.,-1.,0.));
#550 = ORIENTED_EDGE('',*,*,#551,.F.);
#551 = EDGE_CURVE('',#528,#544,#552,.T.);
#552 = LINE('',#553,#554);
#553 = CARTESIAN_POINT('',(-8.5,-10.8,0.));
#554 = VECTOR('',#555,1.);
#555 = DIRECTION('',(-1.,0.,0.));
#556 = FACE_BOUND('',#557,.T.);
#557 = EDGE_LOOP('',(#558,#568,#576,#584));
#558 = ORIENTED_EDGE('',*,*,#559,.F.);
#559 = EDGE_CURVE('',#560,#562,#564,.T.);
#560 = VERTEX_POINT('',#561);
#561 = CARTESIAN_POINT('',(-5.,0.,0.));
#562 = VERTEX_POINT('',#563);
#563 = CARTESIAN_POINT('',(5.,0.,0.));
#564 = LINE('',#565,#566);
#565 = CARTESIAN_POINT('',(-2.5,0.,0.));
#566 = VECTOR('',#567,1.);
#567 = DIRECTION('',(1.,0.,-0.));
#568 = ORIENTED_EDGE('',*,*,#569,.T.);
#569 = EDGE_CURVE('',#560,#570,#572,.T.);
#570 = VERTEX_POINT('',#571);
#571 = CARTESIAN_POINT('',(-5.,-2.,0.));
#572 = LINE('',#573,#574);
#573 = CARTESIAN_POINT('',(-5.,-1.,0.));
#574 = VECTOR('',#575,1.);
#575 = DIRECTION('',(0.,-1.,0.));
#576 = ORIENTED_EDGE('',*,*,#577,.T.);
#577 = EDGE_CURVE('',#570,#578,#580,.T.);
#578 = VERTEX_POINT('',#579);
#579 = CARTESIAN_POINT('',(5.,-2.,0.));
#580 = LINE('',#581,#582);
#581 = CARTESIAN_POINT('',(-2.5,-2.,0.));
#582 = VECTOR('',#583,1.);
#583 = DIRECTION('',(1.,0.,-0.));
#584 = ORIENTED_EDGE('',*,*,#585,.F.);
#585 = EDGE_CURVE('',#562,#578,#586,.T.);
#586 = LINE('',#587,#588);
#587 = CARTESIAN_POINT('',(5.,-1.,0.));
#588 = VECTOR('',#589,1.);
#589 = DIRECTION('',(0.,-1.,0.));
#590 = FACE_BOUND('',#591,.T.);
#591 = EDGE_LOOP('',(#592,#602,#610,#618));
#592 = ORIENTED_EDGE('',*,*,#593,.F.);
#593 = EDGE_CURVE('',#594,#596,#598,.T.);
#594 = VERTEX_POINT('',#595);
#595 = CARTESIAN_POINT('',(17.,10.8,0.));
#596 = VERTEX_POINT('',#597);
#597 = CARTESIAN_POINT('',(18.,10.8,0.));
#598 = LINE('',#599,#600);
#599 = CARTESIAN_POINT('',(8.5,10.8,0.));
#600 = VECTOR('',#601,1.);
#601 = DIRECTION('',(1.,0.,-0.));
#602 = ORIENTED_EDGE('',*,*,#603,.T.);
#603 = EDGE_CURVE('',#594,#604,#606,.T.);
#604 = VERTEX_POINT('',#605);
#605 = CARTESIAN_POINT('',(17.,5.2,0.));
#606 = LINE('',#607,#608);
#607 = CARTESIAN_POINT('',(17.,2.6,0.));
#608 = VECTOR('',#609,1.);
#609 = DIRECTION('',(0.,-1.,0.));
#610 = ORIENTED_EDGE('',*,*,#611,.T.);
#611 = EDGE_CURVE('',#604,#612,#614,.T.);
#612 = VERTEX_POINT('',#613);
#613 = CARTESIAN_POINT('',(18.,5.2,0.));
#614 = LINE('',#615,#616);
#615 = CARTESIAN_POINT('',(8.5,5.2,0.));
#616 = VECTOR('',#617,1.);
#617 = DIRECTION('',(1.,0.,-0.));
#618 = ORIENTED_EDGE('',*,*,#619,.F.);
#619 = EDGE_CURVE('',#596,#612,#620,.T.);
#620 = LINE('',#621,#622);
#621 = CARTESIAN_POINT('',(18.,2.6,0.));
#622 = VECTOR('',#623,1.);
#623 = DIRECTION('',(0.,-1.,0.));
#624 = FACE_BOUND('',#625,.T.);
#625 = EDGE_LOOP('',(#626,#636,#644,#652));
#626 = ORIENTED_EDGE('',*,*,#627,.F.);
#627 = EDGE_CURVE('',#628,#630,#632,.T.);
#628 = VERTEX_POINT('',#629);
#629 = CARTESIAN_POINT('',(-5.,6.,0.));
#630 = VERTEX_POINT('',#631);
#631 = CARTESIAN_POINT('',(5.,6.,0.));
#632 = LINE('',#633,#634);
#633 = CARTESIAN_POINT('',(-2.5,6.,0.));
#634 = VECTOR('',#635,1.);
#635 = DIRECTION('',(1.,0.,-0.));
#636 = ORIENTED_EDGE('',*,*,#637,.T.);
#637 = EDGE_CURVE('',#628,#638,#640,.T.);
#638 = VERTEX_POINT('',#639);
#639 = CARTESIAN_POINT('',(-5.,4.,0.));
#640 = LINE('',#641,#642);
#641 = CARTESIAN_POINT('',(-5.,2.,0.));
#642 = VECTOR('',#643,1.);
#643 = DIRECTION('',(0.,-1.,0.));
#644 = ORIENTED_EDGE('',*,*,#645,.T.);
#645 = EDGE_CURVE('',#638,#646,#648,.T.);
#646 = VERTEX_POINT('',#647);
#647 = CARTESIAN_POINT('',(5.,4.,0.));
#648 = LINE('',#649,#650);
#649 = CARTESIAN_POINT('',(-2.5,4.,0.));
#650 = VECTOR('',#651,1.);
#651 = DIRECTION('',(1.,0.,-0.));
#652 = ORIENTED_EDGE('',*,*,#653,.F.);
#653 = EDGE_CURVE('',#630,#646,#654,.T.);
#654 = LINE('',#655,#656);
#655 = CARTESIAN_POINT('',(5.,2.,0.));
#656 = VECTOR('',#657,1.);
#657 = DIRECTION('',(0.,-1.,0.));
#658 = FACE_BOUND('',#659,.T.);
#659 = EDGE_LOOP('',(#660,#670,#678,#686));
#660 = ORIENTED_EDGE('',*,*,#661,.F.);
#661 = EDGE_CURVE('',#662,#664,#666,.T.);
#662 = VERTEX_POINT('',#663);
#663 = CARTESIAN_POINT('',(-5.,12.,0.));
#664 = VERTEX_POINT('',#665);
#665 = CARTESIAN_POINT('',(5.,12.,0.));
#666 = LINE('',#667,#668);
#667 = CARTESIAN_POINT('',(-2.5,12.,0.));
#668 = VECTOR('',#669,1.);
#669 = DIRECTION('',(1.,0.,-0.));
#670 = ORIENTED_EDGE('',*,*,#671,.T.);
#671 = EDGE_CURVE('',#662,#672,#674,.T.);
#672 = VERTEX_POINT('',#673);
#673 = CARTESIAN_POINT('',(-5.,10.,0.));
#674 = LINE('',#675,#676);
#675 = CARTESIAN_POINT('',(-5.,5.,0.));
#676 = VECTOR('',#677,1.);
#677 = DIRECTION('',(0.,-1.,0.));
#678 = ORIENTED_EDGE('',*,*,#679,.T.);
#679 = EDGE_CURVE('',#672,#680,#682,.T.);
#680 = VERTEX_POINT('',#681);
#681 = CARTESIAN_POINT('',(5.,10.,0.));
#682 = LINE('',#683,#684);
#683 = CARTESIAN_POINT('',(-2.5,10.,0.));
#684 = VECTOR('',#685,1.);
#685 = DIRECTION('',(1.,0.,-0.));
#686 = ORIENTED_EDGE('',*,*,#687,.F.);
#687 = EDGE_CURVE('',#664,#680,#688,.T.);
#688 = LINE('',#689,#690);
#689 = CARTESIAN_POINT('',(5.,5.,0.));
#690 = VECTOR('',#691,1.);
#691 = DIRECTION('',(0.,-1.,0.));
#692 = FACE_BOUND('',#693,.T.);
#693 = EDGE_LOOP('',(#694,#704,#712,#720));
#694 = ORIENTED_EDGE('',*,*,#695,.F.);
#695 = EDGE_CURVE('',#696,#698,#700,.T.);
#696 = VERTEX_POINT('',#697);
#697 = CARTESIAN_POINT('',(-17.,10.8,0.));
#698 = VERTEX_POINT('',#699);
#699 = CARTESIAN_POINT('',(-17.,5.2,0.));
#700 = LINE('',#701,#702);
#701 = CARTESIAN_POINT('',(-17.,2.6,0.));
#702 = VECTOR('',#703,1.);
#703 = DIRECTION('',(0.,-1.,0.));
#704 = ORIENTED_EDGE('',*,*,#705,.T.);
#705 = EDGE_CURVE('',#696,#706,#708,.T.);
#706 = VERTEX_POINT('',#707);
#707 = CARTESIAN_POINT('',(-18.,10.8,0.));
#708 = LINE('',#709,#710);
#709 = CARTESIAN_POINT('',(-8.5,10.8,0.));
#710 = VECTOR('',#711,1.);
#711 = DIRECTION('',(-1.,0.,0.));
#712 = ORIENTED_EDGE('',*,*,#713,.T.);
#713 = EDGE_CURVE('',#706,#714,#716,.T.);
#714 = VERTEX_POINT('',#715);
#715 = CARTESIAN_POINT('',(-18.,5.2,0.));
#716 = LINE('',#717,#718);
#717 = CARTESIAN_POINT('',(-18.,2.6,0.));
#718 = VECTOR('',#719,1.);
#719 = DIRECTION('',(0.,-1.,0.));
#720 = ORIENTED_EDGE('',*,*,#721,.F.);
#721 = EDGE_CURVE('',#698,#714,#722,.T.);
#722 = LINE('',#723,#724);
#723 = CARTESIAN_POINT('',(-8.5,5.2,0.));
#724 = VECTOR('',#725,1.);
#725 = DIRECTION('',(-1.,0.,0.));
#726 = PLANE('',#727);
#727 = AXIS2_PLACEMENT_3D('',#728,#729,#730);
#728 = CARTESIAN_POINT('',(0.,-2.431046290648E-15,0.));
#729 = DIRECTION('',(-0.,-0.,-1.));
#730 = DIRECTION('',(-1.,0.,0.));
#731 = ADVANCED_FACE('',(#732),#743,.F.);
#732 = FACE_BOUND('',#733,.F.);
#733 = EDGE_LOOP('',(#734,#735,#736,#742));
#734 = ORIENTED_EDGE('',*,*,#32,.F.);
#735 = ORIENTED_EDGE('',*,*,#405,.T.);
#736 = ORIENTED_EDGE('',*,*,#737,.T.);
#737 = EDGE_CURVE('',#406,#64,#738,.T.);
#738 = LINE('',#739,#740);
#739 = CARTESIAN_POINT('',(-21.,23.,0.));
#740 = VECTOR('',#741,1.);
#741 = DIRECTION('',(0.,0.,1.));
#742 = ORIENTED_EDGE('',*,*,#63,.F.);
#743 = PLANE('',#744);
#744 = AXIS2_PLACEMENT_3D('',#745,#746,#747);
#745 = CARTESIAN_POINT('',(-21.,-23.,0.));
#746 = DIRECTION('',(1.,0.,-0.));
#747 = DIRECTION('',(0.,0.,1.));
#748 = ADVANCED_FACE('',(#749),#760,.T.);
#749 = FACE_BOUND('',#750,.T.);
#750 = EDGE_LOOP('',(#751,#752,#758,#759));
#751 = ORIENTED_EDGE('',*,*,#342,.F.);
#752 = ORIENTED_EDGE('',*,*,#753,.F.);
#753 = EDGE_CURVE('',#414,#335,#754,.T.);
#754 = LINE('',#755,#756);
#755 = CARTESIAN_POINT('',(-16.,28.,0.));
#756 = VECTOR('',#757,1.);
#757 = DIRECTION('',(0.,0.,1.));
#758 = ORIENTED_EDGE('',*,*,#413,.T.);
#759 = ORIENTED_EDGE('',*,*,#737,.T.);
#760 = CYLINDRICAL_SURFACE('',#761,5.);
#761 = AXIS2_PLACEMENT_3D('',#762,#763,#764);
#762 = CARTESIAN_POINT('',(-16.,23.,0.));
#763 = DIRECTION('',(0.,0.,1.));
#764 = DIRECTION('',(1.,0.,-0.));
#765 = ADVANCED_FACE('',(#766),#777,.T.);
#766 = FACE_BOUND('',#767,.T.);
#767 = EDGE_LOOP('',(#768,#769,#770,#771));
#768 = ORIENTED_EDGE('',*,*,#422,.F.);
#769 = ORIENTED_EDGE('',*,*,#753,.T.);
#770 = ORIENTED_EDGE('',*,*,#334,.T.);
#771 = ORIENTED_EDGE('',*,*,#772,.F.);
#772 = EDGE_CURVE('',#423,#326,#773,.T.);
#773 = LINE('',#774,#775);
#774 = CARTESIAN_POINT('',(16.,28.,0.));
#775 = VECTOR('',#776,1.);
#776 = DIRECTION('',(0.,0.,1.));
#777 = PLANE('',#778);
#778 = AXIS2_PLACEMENT_3D('',#779,#780,#781);
#779 = CARTESIAN_POINT('',(-16.,28.,0.));
#780 = DIRECTION('',(-0.,1.,0.));
#781 = DIRECTION('',(0.,0.,1.));
#782 = ADVANCED_FACE('',(#783),#794,.T.);
#783 = FACE_BOUND('',#784,.T.);
#784 = EDGE_LOOP('',(#785,#786,#792,#793));
#785 = ORIENTED_EDGE('',*,*,#325,.F.);
#786 = ORIENTED_EDGE('',*,*,#787,.F.);
#787 = EDGE_CURVE('',#431,#318,#788,.T.);
#788 = LINE('',#789,#790);
#789 = CARTESIAN_POINT('',(21.,23.,0.));
#790 = VECTOR('',#791,1.);
#791 = DIRECTION('',(0.,0.,1.));
#792 = ORIENTED_EDGE('',*,*,#430,.T.);
#793 = ORIENTED_EDGE('',*,*,#772,.T.);
#794 = CYLINDRICAL_SURFACE('',#795,5.);
#795 = AXIS2_PLACEMENT_3D('',#796,#797,#798);
#796 = CARTESIAN_POINT('',(16.,23.,0.));
#797 = DIRECTION('',(0.,0.,1.));
#798 = DIRECTION('',(1.,0.,-0.));
#799 = ADVANCED_FACE('',(#800),#811,.T.);
#800 = FACE_BOUND('',#801,.T.);
#801 = EDGE_LOOP('',(#802,#808,#809,#810));
#802 = ORIENTED_EDGE('',*,*,#803,.F.);
#803 = EDGE_CURVE('',#440,#309,#804,.T.);
#804 = LINE('',#805,#806);
#805 = CARTESIAN_POINT('',(21.,-23.,0.));
#806 = VECTOR('',#807,1.);
#807 = DIRECTION('',(0.,0.,1.));
#808 = ORIENTED_EDGE('',*,*,#439,.T.);
#809 = ORIENTED_EDGE('',*,*,#787,.T.);
#810 = ORIENTED_EDGE('',*,*,#317,.F.);
#811 = PLANE('',#812);
#812 = AXIS2_PLACEMENT_3D('',#813,#814,#815);
#813 = CARTESIAN_POINT('',(21.,-23.,0.));
#814 = DIRECTION('',(1.,0.,-0.));
#815 = DIRECTION('',(0.,0.,1.));
#816 = ADVANCED_FACE('',(#817),#823,.T.);
#817 = FACE_BOUND('',#818,.T.);
#818 = EDGE_LOOP('',(#819,#820,#821,#822));
#819 = ORIENTED_EDGE('',*,*,#308,.F.);
#820 = ORIENTED_EDGE('',*,*,#390,.F.);
#821 = ORIENTED_EDGE('',*,*,#447,.T.);
#822 = ORIENTED_EDGE('',*,*,#803,.T.);
#823 = CYLINDRICAL_SURFACE('',#824,5.);
#824 = AXIS2_PLACEMENT_3D('',#825,#826,#827);
#825 = CARTESIAN_POINT('',(16.,-23.,0.));
#826 = DIRECTION('',(0.,0.,1.));
#827 = DIRECTION('',(1.,0.,-0.));
#828 = ADVANCED_FACE('',(#829),#863,.F.);
#829 = FACE_BOUND('',#830,.F.);
#830 = EDGE_LOOP('',(#831,#832,#840,#848,#856,#862));
#831 = ORIENTED_EDGE('',*,*,#383,.T.);
#832 = ORIENTED_EDGE('',*,*,#833,.T.);
#833 = EDGE_CURVE('',#376,#834,#836,.T.);
#834 = VERTEX_POINT('',#835);
#835 = CARTESIAN_POINT('',(7.,-18.685,3.6));
#836 = LINE('',#837,#838);
#837 = CARTESIAN_POINT('',(7.,-29.,3.6));
#838 = VECTOR('',#839,1.);
#839 = DIRECTION('',(-0.,1.,0.));
#840 = ORIENTED_EDGE('',*,*,#841,.F.);
#841 = EDGE_CURVE('',#842,#834,#844,.T.);
#842 = VERTEX_POINT('',#843);
#843 = CARTESIAN_POINT('',(7.,-18.685,9.7));
#844 = LINE('',#845,#846);
#845 = CARTESIAN_POINT('',(7.,-18.685,3.2));
#846 = VECTOR('',#847,1.);
#847 = DIRECTION('',(-0.,0.,-1.));
#848 = ORIENTED_EDGE('',*,*,#849,.F.);
#849 = EDGE_CURVE('',#850,#842,#852,.T.);
#850 = VERTEX_POINT('',#851);
#851 = CARTESIAN_POINT('',(7.,-26.,9.7));
#852 = LINE('',#853,#854);
#853 = CARTESIAN_POINT('',(7.,-14.5,9.7));
#854 = VECTOR('',#855,1.);
#855 = DIRECTION('',(-0.,1.,0.));
#856 = ORIENTED_EDGE('',*,*,#857,.T.);
#857 = EDGE_CURVE('',#850,#285,#858,.T.);
#858 = LINE('',#859,#860);
#859 = CARTESIAN_POINT('',(7.,-26.,5.2));
#860 = VECTOR('',#861,1.);
#861 = DIRECTION('',(-0.,0.,-1.));
#862 = ORIENTED_EDGE('',*,*,#292,.F.);
#863 = PLANE('',#864);
#864 = AXIS2_PLACEMENT_3D('',#865,#866,#867);
#865 = CARTESIAN_POINT('',(7.,-29.,3.6));
#866 = DIRECTION('',(1.,0.,-0.));
#867 = DIRECTION('',(0.,0.,1.));
#868 = ADVANCED_FACE('',(#869),#887,.F.);
#869 = FACE_BOUND('',#870,.F.);
#870 = EDGE_LOOP('',(#871,#879,#880,#881));
#871 = ORIENTED_EDGE('',*,*,#872,.F.);
#872 = EDGE_CURVE('',#276,#873,#875,.T.);
#873 = VERTEX_POINT('',#874);
#874 = CARTESIAN_POINT('',(16.,-26.,9.7));
#875 = LINE('',#876,#877);
#876 = CARTESIAN_POINT('',(16.,-26.,6.8));
#877 = VECTOR('',#878,1.);
#878 = DIRECTION('',(0.,0.,1.));
#879 = ORIENTED_EDGE('',*,*,#284,.T.);
#880 = ORIENTED_EDGE('',*,*,#857,.F.);
#881 = ORIENTED_EDGE('',*,*,#882,.T.);
#882 = EDGE_CURVE('',#850,#873,#883,.T.);
#883 = LINE('',#884,#885);
#884 = CARTESIAN_POINT('',(-16.,-26.,9.7));
#885 = VECTOR('',#886,1.);
#886 = DIRECTION('',(1.,0.,-0.));
#887 = PLANE('',#888);
#888 = AXIS2_PLACEMENT_3D('',#889,#890,#891);
#889 = CARTESIAN_POINT('',(-16.,-26.,6.8));
#890 = DIRECTION('',(-0.,1.,0.));
#891 = DIRECTION('',(0.,0.,1.));
#892 = ADVANCED_FACE('',(#893),#912,.T.);
#893 = FACE_BOUND('',#894,.T.);
#894 = EDGE_LOOP('',(#895,#904,#905,#906));
#895 = ORIENTED_EDGE('',*,*,#896,.F.);
#896 = EDGE_CURVE('',#873,#897,#899,.T.);
#897 = VERTEX_POINT('',#898);
#898 = CARTESIAN_POINT('',(19.,-23.,9.7));
#899 = CIRCLE('',#900,3.);
#900 = AXIS2_PLACEMENT_3D('',#901,#902,#903);
#901 = CARTESIAN_POINT('',(16.,-23.,9.7));
#902 = DIRECTION('',(0.,0.,1.));
#903 = DIRECTION('',(1.,0.,-0.));
#904 = ORIENTED_EDGE('',*,*,#872,.F.);
#905 = ORIENTED_EDGE('',*,*,#275,.T.);
#906 = ORIENTED_EDGE('',*,*,#907,.T.);
#907 = EDGE_CURVE('',#268,#897,#908,.T.);
#908 = LINE('',#909,#910);
#909 = CARTESIAN_POINT('',(19.,-23.,6.8));
#910 = VECTOR('',#911,1.);
#911 = DIRECTION('',(0.,0.,1.));
#912 = CYLINDRICAL_SURFACE('',#913,3.);
#913 = AXIS2_PLACEMENT_3D('',#914,#915,#916);
#914 = CARTESIAN_POINT('',(16.,-23.,6.8));
#915 = DIRECTION('',(0.,0.,1.));
#916 = DIRECTION('',(1.,0.,-0.));
#917 = ADVANCED_FACE('',(#918),#936,.T.);
#918 = FACE_BOUND('',#919,.T.);
#919 = EDGE_LOOP('',(#920,#921,#922,#930));
#920 = ORIENTED_EDGE('',*,*,#907,.F.);
#921 = ORIENTED_EDGE('',*,*,#267,.T.);
#922 = ORIENTED_EDGE('',*,*,#923,.T.);
#923 = EDGE_CURVE('',#260,#924,#926,.T.);
#924 = VERTEX_POINT('',#925);
#925 = CARTESIAN_POINT('',(19.,-10.8,9.7));
#926 = LINE('',#927,#928);
#927 = CARTESIAN_POINT('',(19.,-10.8,4.8));
#928 = VECTOR('',#929,1.);
#929 = DIRECTION('',(0.,0.,1.));
#930 = ORIENTED_EDGE('',*,*,#931,.F.);
#931 = EDGE_CURVE('',#897,#924,#932,.T.);
#932 = LINE('',#933,#934);
#933 = CARTESIAN_POINT('',(19.,-23.,9.7));
#934 = VECTOR('',#935,1.);
#935 = DIRECTION('',(-0.,1.,0.));
#936 = PLANE('',#937);
#937 = AXIS2_PLACEMENT_3D('',#938,#939,#940);
#938 = CARTESIAN_POINT('',(19.,-23.,6.8));
#939 = DIRECTION('',(1.,0.,-0.));
#940 = DIRECTION('',(0.,0.,1.));
#941 = ADVANCED_FACE('',(#942),#967,.F.);
#942 = FACE_BOUND('',#943,.F.);
#943 = EDGE_LOOP('',(#944,#952,#960,#966));
#944 = ORIENTED_EDGE('',*,*,#945,.F.);
#945 = EDGE_CURVE('',#946,#252,#948,.T.);
#946 = VERTEX_POINT('',#947);
#947 = CARTESIAN_POINT('',(20.,-10.8,2.8));
#948 = LINE('',#949,#950);
#949 = CARTESIAN_POINT('',(20.,-10.8,2.8));
#950 = VECTOR('',#951,1.);
#951 = DIRECTION('',(0.,0.,1.));
#952 = ORIENTED_EDGE('',*,*,#953,.T.);
#953 = EDGE_CURVE('',#946,#954,#956,.T.);
#954 = VERTEX_POINT('',#955);
#955 = CARTESIAN_POINT('',(20.,-5.2,2.8));
#956 = LINE('',#957,#958);
#957 = CARTESIAN_POINT('',(20.,-10.8,2.8));
#958 = VECTOR('',#959,1.);
#959 = DIRECTION('',(-0.,1.,0.));
#960 = ORIENTED_EDGE('',*,*,#961,.T.);
#961 = EDGE_CURVE('',#954,#244,#962,.T.);
#962 = LINE('',#963,#964);
#963 = CARTESIAN_POINT('',(20.,-5.2,2.8));
#964 = VECTOR('',#965,1.);
#965 = DIRECTION('',(0.,0.,1.));
#966 = ORIENTED_EDGE('',*,*,#251,.F.);
#967 = PLANE('',#968);
#968 = AXIS2_PLACEMENT_3D('',#969,#970,#971);
#969 = CARTESIAN_POINT('',(20.,-10.8,2.8));
#970 = DIRECTION('',(1.,0.,-0.));
#971 = DIRECTION('',(0.,0.,1.));
#972 = ADVANCED_FACE('',(#973),#998,.T.);
#973 = FACE_BOUND('',#974,.T.);
#974 = EDGE_LOOP('',(#975,#983,#984,#992));
#975 = ORIENTED_EDGE('',*,*,#976,.F.);
#976 = EDGE_CURVE('',#236,#977,#979,.T.);
#977 = VERTEX_POINT('',#978);
#978 = CARTESIAN_POINT('',(19.,-5.2,9.7));
#979 = LINE('',#980,#981);
#980 = CARTESIAN_POINT('',(19.,-5.2,4.8));
#981 = VECTOR('',#982,1.);
#982 = DIRECTION('',(0.,0.,1.));
#983 = ORIENTED_EDGE('',*,*,#235,.T.);
#984 = ORIENTED_EDGE('',*,*,#985,.T.);
#985 = EDGE_CURVE('',#228,#986,#988,.T.);
#986 = VERTEX_POINT('',#987);
#987 = CARTESIAN_POINT('',(19.,5.2,9.7));
#988 = LINE('',#989,#990);
#989 = CARTESIAN_POINT('',(19.,5.2,4.8));
#990 = VECTOR('',#991,1.);
#991 = DIRECTION('',(0.,0.,1.));
#992 = ORIENTED_EDGE('',*,*,#993,.F.);
#993 = EDGE_CURVE('',#977,#986,#994,.T.);
#994 = LINE('',#995,#996);
#995 = CARTESIAN_POINT('',(19.,-23.,9.7));
#996 = VECTOR('',#997,1.);
#997 = DIRECTION('',(-0.,1.,0.));
#998 = PLANE('',#999);
#999 = AXIS2_PLACEMENT_3D('',#1000,#1001,#1002);
#1000 = CARTESIAN_POINT('',(19.,-23.,6.8));
#1001 = DIRECTION('',(1.,0.,-0.));
#1002 = DIRECTION('',(0.,0.,1.));
#1003 = ADVANCED_FACE('',(#1004),#1029,.F.);
#1004 = FACE_BOUND('',#1005,.F.);
#1005 = EDGE_LOOP('',(#1006,#1014,#1022,#1028));
#1006 = ORIENTED_EDGE('',*,*,#1007,.F.);
#1007 = EDGE_CURVE('',#1008,#220,#1010,.T.);
#1008 = VERTEX_POINT('',#1009);
#1009 = CARTESIAN_POINT('',(20.,5.2,2.8));
#1010 = LINE('',#1011,#1012);
#1011 = CARTESIAN_POINT('',(20.,5.2,2.8));
#1012 = VECTOR('',#1013,1.);
#1013 = DIRECTION('',(0.,0.,1.));
#1014 = ORIENTED_EDGE('',*,*,#1015,.T.);
#1015 = EDGE_CURVE('',#1008,#1016,#1018,.T.);
#1016 = VERTEX_POINT('',#1017);
#1017 = CARTESIAN_POINT('',(20.,10.8,2.8));
#1018 = LINE('',#1019,#1020);
#1019 = CARTESIAN_POINT('',(20.,5.2,2.8));
#1020 = VECTOR('',#1021,1.);
#1021 = DIRECTION('',(-0.,1.,0.));
#1022 = ORIENTED_EDGE('',*,*,#1023,.T.);
#1023 = EDGE_CURVE('',#1016,#212,#1024,.T.);
#1024 = LINE('',#1025,#1026);
#1025 = CARTESIAN_POINT('',(20.,10.8,2.8));
#1026 = VECTOR('',#1027,1.);
#1027 = DIRECTION('',(0.,0.,1.));
#1028 = ORIENTED_EDGE('',*,*,#219,.F.);
#1029 = PLANE('',#1030);
#1030 = AXIS2_PLACEMENT_3D('',#1031,#1032,#1033);
#1031 = CARTESIAN_POINT('',(20.,5.2,2.8));
#1032 = DIRECTION('',(1.,0.,-0.));
#1033 = DIRECTION('',(0.,0.,1.));
#1034 = ADVANCED_FACE('',(#1035),#1060,.T.);
#1035 = FACE_BOUND('',#1036,.T.);
#1036 = EDGE_LOOP('',(#1037,#1045,#1046,#1054));
#1037 = ORIENTED_EDGE('',*,*,#1038,.F.);
#1038 = EDGE_CURVE('',#204,#1039,#1041,.T.);
#1039 = VERTEX_POINT('',#1040);
#1040 = CARTESIAN_POINT('',(19.,10.8,9.7));
#1041 = LINE('',#1042,#1043);
#1042 = CARTESIAN_POINT('',(19.,10.8,4.8));
#1043 = VECTOR('',#1044,1.);
#1044 = DIRECTION('',(0.,0.,1.));
#1045 = ORIENTED_EDGE('',*,*,#203,.T.);
#1046 = ORIENTED_EDGE('',*,*,#1047,.T.);
#1047 = EDGE_CURVE('',#195,#1048,#1050,.T.);
#1048 = VERTEX_POINT('',#1049);
#1049 = CARTESIAN_POINT('',(19.,23.,9.7));
#1050 = LINE('',#1051,#1052);
#1051 = CARTESIAN_POINT('',(19.,23.,6.8));
#1052 = VECTOR('',#1053,1.);
#1053 = DIRECTION('',(0.,0.,1.));
#1054 = ORIENTED_EDGE('',*,*,#1055,.F.);
#1055 = EDGE_CURVE('',#1039,#1048,#1056,.T.);
#1056 = LINE('',#1057,#1058);
#1057 = CARTESIAN_POINT('',(19.,-23.,9.7));
#1058 = VECTOR('',#1059,1.);
#1059 = DIRECTION('',(-0.,1.,0.));
#1060 = PLANE('',#1061);
#1061 = AXIS2_PLACEMENT_3D('',#1062,#1063,#1064);
#1062 = CARTESIAN_POINT('',(19.,-23.,6.8));
#1063 = DIRECTION('',(1.,0.,-0.));
#1064 = DIRECTION('',(0.,0.,1.));
#1065 = ADVANCED_FACE('',(#1066),#1085,.T.);
#1066 = FACE_BOUND('',#1067,.T.);
#1067 = EDGE_LOOP('',(#1068,#1077,#1078,#1079));
#1068 = ORIENTED_EDGE('',*,*,#1069,.F.);
#1069 = EDGE_CURVE('',#1048,#1070,#1072,.T.);
#1070 = VERTEX_POINT('',#1071);
#1071 = CARTESIAN_POINT('',(16.,26.,9.7));
#1072 = CIRCLE('',#1073,3.);
#1073 = AXIS2_PLACEMENT_3D('',#1074,#1075,#1076);
#1074 = CARTESIAN_POINT('',(16.,23.,9.7));
#1075 = DIRECTION('',(0.,0.,1.));
#1076 = DIRECTION('',(1.,0.,-0.));
#1077 = ORIENTED_EDGE('',*,*,#1047,.F.);
#1078 = ORIENTED_EDGE('',*,*,#194,.T.);
#1079 = ORIENTED_EDGE('',*,*,#1080,.T.);
#1080 = EDGE_CURVE('',#187,#1070,#1081,.T.);
#1081 = LINE('',#1082,#1083);
#1082 = CARTESIAN_POINT('',(16.,26.,6.8));
#1083 = VECTOR('',#1084,1.);
#1084 = DIRECTION('',(0.,0.,1.));
#1085 = CYLINDRICAL_SURFACE('',#1086,3.);
#1086 = AXIS2_PLACEMENT_3D('',#1087,#1088,#1089);
#1087 = CARTESIAN_POINT('',(16.,23.,6.8));
#1088 = DIRECTION('',(0.,0.,1.));
#1089 = DIRECTION('',(1.,0.,-0.));
#1090 = ADVANCED_FACE('',(#1091),#1109,.T.);
#1091 = FACE_BOUND('',#1092,.T.);
#1092 = EDGE_LOOP('',(#1093,#1094,#1102,#1108));
#1093 = ORIENTED_EDGE('',*,*,#186,.T.);
#1094 = ORIENTED_EDGE('',*,*,#1095,.T.);
#1095 = EDGE_CURVE('',#178,#1096,#1098,.T.);
#1096 = VERTEX_POINT('',#1097);
#1097 = CARTESIAN_POINT('',(-16.,26.,9.7));
#1098 = LINE('',#1099,#1100);
#1099 = CARTESIAN_POINT('',(-16.,26.,6.8));
#1100 = VECTOR('',#1101,1.);
#1101 = DIRECTION('',(0.,0.,1.));
#1102 = ORIENTED_EDGE('',*,*,#1103,.T.);
#1103 = EDGE_CURVE('',#1096,#1070,#1104,.T.);
#1104 = LINE('',#1105,#1106);
#1105 = CARTESIAN_POINT('',(-16.,26.,9.7));
#1106 = VECTOR('',#1107,1.);
#1107 = DIRECTION('',(1.,0.,-0.));
#1108 = ORIENTED_EDGE('',*,*,#1080,.F.);
#1109 = PLANE('',#1110);
#1110 = AXIS2_PLACEMENT_3D('',#1111,#1112,#1113);
#1111 = CARTESIAN_POINT('',(-16.,26.,6.8));
#1112 = DIRECTION('',(-0.,1.,0.));
#1113 = DIRECTION('',(0.,0.,1.));
#1114 = ADVANCED_FACE('',(#1115),#1134,.T.);
#1115 = FACE_BOUND('',#1116,.T.);
#1116 = EDGE_LOOP('',(#1117,#1126,#1127,#1128));
#1117 = ORIENTED_EDGE('',*,*,#1118,.F.);
#1118 = EDGE_CURVE('',#1096,#1119,#1121,.T.);
#1119 = VERTEX_POINT('',#1120);
#1120 = CARTESIAN_POINT('',(-19.,23.,9.7));
#1121 = CIRCLE('',#1122,3.);
#1122 = AXIS2_PLACEMENT_3D('',#1123,#1124,#1125);
#1123 = CARTESIAN_POINT('',(-16.,23.,9.7));
#1124 = DIRECTION('',(0.,0.,1.));
#1125 = DIRECTION('',(1.,0.,-0.));
#1126 = ORIENTED_EDGE('',*,*,#1095,.F.);
#1127 = ORIENTED_EDGE('',*,*,#177,.T.);
#1128 = ORIENTED_EDGE('',*,*,#1129,.T.);
#1129 = EDGE_CURVE('',#170,#1119,#1130,.T.);
#1130 = LINE('',#1131,#1132);
#1131 = CARTESIAN_POINT('',(-19.,23.,6.8));
#1132 = VECTOR('',#1133,1.);
#1133 = DIRECTION('',(0.,0.,1.));
#1134 = CYLINDRICAL_SURFACE('',#1135,3.);
#1135 = AXIS2_PLACEMENT_3D('',#1136,#1137,#1138);
#1136 = CARTESIAN_POINT('',(-16.,23.,6.8));
#1137 = DIRECTION('',(0.,0.,1.));
#1138 = DIRECTION('',(1.,0.,-0.));
#1139 = ADVANCED_FACE('',(#1140),#1158,.F.);
#1140 = FACE_BOUND('',#1141,.F.);
#1141 = EDGE_LOOP('',(#1142,#1150,#1156,#1157));
#1142 = ORIENTED_EDGE('',*,*,#1143,.F.);
#1143 = EDGE_CURVE('',#1144,#1119,#1146,.T.);
#1144 = VERTEX_POINT('',#1145);
#1145 = CARTESIAN_POINT('',(-19.,10.8,9.7));
#1146 = LINE('',#1147,#1148);
#1147 = CARTESIAN_POINT('',(-19.,-23.,9.7));
#1148 = VECTOR('',#1149,1.);
#1149 = DIRECTION('',(-0.,1.,0.));
#1150 = ORIENTED_EDGE('',*,*,#1151,.T.);
#1151 = EDGE_CURVE('',#1144,#162,#1152,.T.);
#1152 = LINE('',#1153,#1154);
#1153 = CARTESIAN_POINT('',(-19.,10.8,4.8));
#1154 = VECTOR('',#1155,1.);
#1155 = DIRECTION('',(0.,-0.,-1.));
#1156 = ORIENTED_EDGE('',*,*,#169,.T.);
#1157 = ORIENTED_EDGE('',*,*,#1129,.T.);
#1158 = PLANE('',#1159);
#1159 = AXIS2_PLACEMENT_3D('',#1160,#1161,#1162);
#1160 = CARTESIAN_POINT('',(-19.,-23.,6.8));
#1161 = DIRECTION('',(1.,0.,-0.));
#1162 = DIRECTION('',(0.,0.,1.));
#1163 = ADVANCED_FACE('',(#1164),#1189,.F.);
#1164 = FACE_BOUND('',#1165,.T.);
#1165 = EDGE_LOOP('',(#1166,#1174,#1182,#1188));
#1166 = ORIENTED_EDGE('',*,*,#1167,.F.);
#1167 = EDGE_CURVE('',#1168,#146,#1170,.T.);
#1168 = VERTEX_POINT('',#1169);
#1169 = CARTESIAN_POINT('',(-20.,5.2,2.8));
#1170 = LINE('',#1171,#1172);
#1171 = CARTESIAN_POINT('',(-20.,5.2,2.8));
#1172 = VECTOR('',#1173,1.);
#1173 = DIRECTION('',(-0.,-0.,1.));
#1174 = ORIENTED_EDGE('',*,*,#1175,.T.);
#1175 = EDGE_CURVE('',#1168,#1176,#1178,.T.);
#1176 = VERTEX_POINT('',#1177);
#1177 = CARTESIAN_POINT('',(-20.,10.8,2.8));
#1178 = LINE('',#1179,#1180);
#1179 = CARTESIAN_POINT('',(-20.,5.2,2.8));
#1180 = VECTOR('',#1181,1.);
#1181 = DIRECTION('',(-0.,1.,-0.));
#1182 = ORIENTED_EDGE('',*,*,#1183,.T.);
#1183 = EDGE_CURVE('',#1176,#154,#1184,.T.);
#1184 = LINE('',#1185,#1186);
#1185 = CARTESIAN_POINT('',(-20.,10.8,2.8));
#1186 = VECTOR('',#1187,1.);
#1187 = DIRECTION('',(-0.,-0.,1.));
#1188 = ORIENTED_EDGE('',*,*,#153,.F.);
#1189 = PLANE('',#1190);
#1190 = AXIS2_PLACEMENT_3D('',#1191,#1192,#1193);
#1191 = CARTESIAN_POINT('',(-20.,5.2,2.8));
#1192 = DIRECTION('',(-1.,-0.,-0.));
#1193 = DIRECTION('',(0.,0.,-1.));
#1194 = ADVANCED_FACE('',(#1195),#1220,.F.);
#1195 = FACE_BOUND('',#1196,.F.);
#1196 = EDGE_LOOP('',(#1197,#1207,#1213,#1214));
#1197 = ORIENTED_EDGE('',*,*,#1198,.F.);
#1198 = EDGE_CURVE('',#1199,#1201,#1203,.T.);
#1199 = VERTEX_POINT('',#1200);
#1200 = CARTESIAN_POINT('',(-19.,-5.2,9.7));
#1201 = VERTEX_POINT('',#1202);
#1202 = CARTESIAN_POINT('',(-19.,5.2,9.7));
#1203 = LINE('',#1204,#1205);
#1204 = CARTESIAN_POINT('',(-19.,-23.,9.7));
#1205 = VECTOR('',#1206,1.);
#1206 = DIRECTION('',(-0.,1.,0.));
#1207 = ORIENTED_EDGE('',*,*,#1208,.T.);
#1208 = EDGE_CURVE('',#1199,#130,#1209,.T.);
#1209 = LINE('',#1210,#1211);
#1210 = CARTESIAN_POINT('',(-19.,-5.2,4.8));
#1211 = VECTOR('',#1212,1.);
#1212 = DIRECTION('',(0.,-0.,-1.));
#1213 = ORIENTED_EDGE('',*,*,#137,.T.);
#1214 = ORIENTED_EDGE('',*,*,#1215,.F.);
#1215 = EDGE_CURVE('',#1201,#138,#1216,.T.);
#1216 = LINE('',#1217,#1218);
#1217 = CARTESIAN_POINT('',(-19.,5.2,4.8));
#1218 = VECTOR('',#1219,1.);
#1219 = DIRECTION('',(0.,-0.,-1.));
#1220 = PLANE('',#1221);
#1221 = AXIS2_PLACEMENT_3D('',#1222,#1223,#1224);
#1222 = CARTESIAN_POINT('',(-19.,-23.,6.8));
#1223 = DIRECTION('',(1.,0.,-0.));
#1224 = DIRECTION('',(0.,0.,1.));
#1225 = ADVANCED_FACE('',(#1226),#1251,.F.);
#1226 = FACE_BOUND('',#1227,.T.);
#1227 = EDGE_LOOP('',(#1228,#1236,#1244,#1250));
#1228 = ORIENTED_EDGE('',*,*,#1229,.F.);
#1229 = EDGE_CURVE('',#1230,#114,#1232,.T.);
#1230 = VERTEX_POINT('',#1231);
#1231 = CARTESIAN_POINT('',(-20.,-10.8,2.8));
#1232 = LINE('',#1233,#1234);
#1233 = CARTESIAN_POINT('',(-20.,-10.8,2.8));
#1234 = VECTOR('',#1235,1.);
#1235 = DIRECTION('',(-0.,-0.,1.));
#1236 = ORIENTED_EDGE('',*,*,#1237,.T.);
#1237 = EDGE_CURVE('',#1230,#1238,#1240,.T.);
#1238 = VERTEX_POINT('',#1239);
#1239 = CARTESIAN_POINT('',(-20.,-5.2,2.8));
#1240 = LINE('',#1241,#1242);
#1241 = CARTESIAN_POINT('',(-20.,-10.8,2.8));
#1242 = VECTOR('',#1243,1.);
#1243 = DIRECTION('',(-0.,1.,-0.));
#1244 = ORIENTED_EDGE('',*,*,#1245,.T.);
#1245 = EDGE_CURVE('',#1238,#122,#1246,.T.);
#1246 = LINE('',#1247,#1248);
#1247 = CARTESIAN_POINT('',(-20.,-5.2,2.8));
#1248 = VECTOR('',#1249,1.);
#1249 = DIRECTION('',(-0.,-0.,1.));
#1250 = ORIENTED_EDGE('',*,*,#121,.F.);
#1251 = PLANE('',#1252);
#1252 = AXIS2_PLACEMENT_3D('',#1253,#1254,#1255);
#1253 = CARTESIAN_POINT('',(-20.,-10.8,2.8));
#1254 = DIRECTION('',(-1.,-0.,-0.));
#1255 = DIRECTION('',(0.,0.,-1.));
#1256 = ADVANCED_FACE('',(#1257),#1282,.F.);
#1257 = FACE_BOUND('',#1258,.F.);
#1258 = EDGE_LOOP('',(#1259,#1267,#1268,#1276));
#1259 = ORIENTED_EDGE('',*,*,#1260,.F.);
#1260 = EDGE_CURVE('',#97,#1261,#1263,.T.);
#1261 = VERTEX_POINT('',#1262);
#1262 = CARTESIAN_POINT('',(-19.,-23.,9.7));
#1263 = LINE('',#1264,#1265);
#1264 = CARTESIAN_POINT('',(-19.,-23.,6.8));
#1265 = VECTOR('',#1266,1.);
#1266 = DIRECTION('',(0.,0.,1.));
#1267 = ORIENTED_EDGE('',*,*,#105,.T.);
#1268 = ORIENTED_EDGE('',*,*,#1269,.F.);
#1269 = EDGE_CURVE('',#1270,#106,#1272,.T.);
#1270 = VERTEX_POINT('',#1271);
#1271 = CARTESIAN_POINT('',(-19.,-10.8,9.7));
#1272 = LINE('',#1273,#1274);
#1273 = CARTESIAN_POINT('',(-19.,-10.8,4.8));
#1274 = VECTOR('',#1275,1.);
#1275 = DIRECTION('',(0.,-0.,-1.));
#1276 = ORIENTED_EDGE('',*,*,#1277,.F.);
#1277 = EDGE_CURVE('',#1261,#1270,#1278,.T.);
#1278 = LINE('',#1279,#1280);
#1279 = CARTESIAN_POINT('',(-19.,-23.,9.7));
#1280 = VECTOR('',#1281,1.);
#1281 = DIRECTION('',(-0.,1.,0.));
#1282 = PLANE('',#1283);
#1283 = AXIS2_PLACEMENT_3D('',#1284,#1285,#1286);
#1284 = CARTESIAN_POINT('',(-19.,-23.,6.8));
#1285 = DIRECTION('',(1.,0.,-0.));
#1286 = DIRECTION('',(0.,0.,1.));
#1287 = ADVANCED_FACE('',(#1288),#1307,.T.);
#1288 = FACE_BOUND('',#1289,.T.);
#1289 = EDGE_LOOP('',(#1290,#1299,#1300,#1301));
#1290 = ORIENTED_EDGE('',*,*,#1291,.F.);
#1291 = EDGE_CURVE('',#1261,#1292,#1294,.T.);
#1292 = VERTEX_POINT('',#1293);
#1293 = CARTESIAN_POINT('',(-16.,-26.,9.7));
#1294 = CIRCLE('',#1295,3.);
#1295 = AXIS2_PLACEMENT_3D('',#1296,#1297,#1298);
#1296 = CARTESIAN_POINT('',(-16.,-23.,9.7));
#1297 = DIRECTION('',(0.,0.,1.));
#1298 = DIRECTION('',(1.,0.,-0.));
#1299 = ORIENTED_EDGE('',*,*,#1260,.F.);
#1300 = ORIENTED_EDGE('',*,*,#96,.T.);
#1301 = ORIENTED_EDGE('',*,*,#1302,.T.);
#1302 = EDGE_CURVE('',#89,#1292,#1303,.T.);
#1303 = LINE('',#1304,#1305);
#1304 = CARTESIAN_POINT('',(-16.,-26.,6.8));
#1305 = VECTOR('',#1306,1.);
#1306 = DIRECTION('',(0.,0.,1.));
#1307 = CYLINDRICAL_SURFACE('',#1308,3.);
#1308 = AXIS2_PLACEMENT_3D('',#1309,#1310,#1311);
#1309 = CARTESIAN_POINT('',(-16.,-23.,6.8));
#1310 = DIRECTION('',(0.,0.,1.));
#1311 = DIRECTION('',(1.,0.,-0.));
#1312 = ADVANCED_FACE('',(#1313),#1331,.F.);
#1313 = FACE_BOUND('',#1314,.F.);
#1314 = EDGE_LOOP('',(#1315,#1323,#1324,#1325));
#1315 = ORIENTED_EDGE('',*,*,#1316,.T.);
#1316 = EDGE_CURVE('',#1317,#81,#1319,.T.);
#1317 = VERTEX_POINT('',#1318);
#1318 = CARTESIAN_POINT('',(-7.,-26.,9.7));
#1319 = LINE('',#1320,#1321);
#1320 = CARTESIAN_POINT('',(-7.,-26.,5.2));
#1321 = VECTOR('',#1322,1.);
#1322 = DIRECTION('',(-0.,0.,-1.));
#1323 = ORIENTED_EDGE('',*,*,#88,.T.);
#1324 = ORIENTED_EDGE('',*,*,#1302,.T.);
#1325 = ORIENTED_EDGE('',*,*,#1326,.T.);
#1326 = EDGE_CURVE('',#1292,#1317,#1327,.T.);
#1327 = LINE('',#1328,#1329);
#1328 = CARTESIAN_POINT('',(-16.,-26.,9.7));
#1329 = VECTOR('',#1330,1.);
#1330 = DIRECTION('',(1.,0.,-0.));
#1331 = PLANE('',#1332);
#1332 = AXIS2_PLACEMENT_3D('',#1333,#1334,#1335);
#1333 = CARTESIAN_POINT('',(-16.,-26.,6.8));
#1334 = DIRECTION('',(-0.,1.,0.));
#1335 = DIRECTION('',(0.,0.,1.));
#1336 = ADVANCED_FACE('',(#1337),#1364,.T.);
#1337 = FACE_BOUND('',#1338,.T.);
#1338 = EDGE_LOOP('',(#1339,#1340,#1348,#1356,#1362,#1363));
#1339 = ORIENTED_EDGE('',*,*,#367,.T.);
#1340 = ORIENTED_EDGE('',*,*,#1341,.T.);
#1341 = EDGE_CURVE('',#368,#1342,#1344,.T.);
#1342 = VERTEX_POINT('',#1343);
#1343 = CARTESIAN_POINT('',(-7.,-18.685,3.6));
#1344 = LINE('',#1345,#1346);
#1345 = CARTESIAN_POINT('',(-7.,-29.,3.6));
#1346 = VECTOR('',#1347,1.);
#1347 = DIRECTION('',(-0.,1.,0.));
#1348 = ORIENTED_EDGE('',*,*,#1349,.F.);
#1349 = EDGE_CURVE('',#1350,#1342,#1352,.T.);
#1350 = VERTEX_POINT('',#1351);
#1351 = CARTESIAN_POINT('',(-7.,-18.685,9.7));
#1352 = LINE('',#1353,#1354);
#1353 = CARTESIAN_POINT('',(-7.,-18.685,3.2));
#1354 = VECTOR('',#1355,1.);
#1355 = DIRECTION('',(-0.,0.,-1.));
#1356 = ORIENTED_EDGE('',*,*,#1357,.F.);
#1357 = EDGE_CURVE('',#1317,#1350,#1358,.T.);
#1358 = LINE('',#1359,#1360);
#1359 = CARTESIAN_POINT('',(-7.,-14.5,9.7));
#1360 = VECTOR('',#1361,1.);
#1361 = DIRECTION('',(-0.,1.,0.));
#1362 = ORIENTED_EDGE('',*,*,#1316,.T.);
#1363 = ORIENTED_EDGE('',*,*,#80,.F.);
#1364 = PLANE('',#1365);
#1365 = AXIS2_PLACEMENT_3D('',#1366,#1367,#1368);
#1366 = CARTESIAN_POINT('',(-7.,-29.,3.6));
#1367 = DIRECTION('',(1.,0.,-0.));
#1368 = DIRECTION('',(0.,0.,1.));
#1369 = ADVANCED_FACE('',(#1370),#1381,.T.);
#1370 = FACE_BOUND('',#1371,.T.);
#1371 = EDGE_LOOP('',(#1372,#1373,#1374,#1375));
#1372 = ORIENTED_EDGE('',*,*,#1341,.F.);
#1373 = ORIENTED_EDGE('',*,*,#375,.T.);
#1374 = ORIENTED_EDGE('',*,*,#833,.T.);
#1375 = ORIENTED_EDGE('',*,*,#1376,.F.);
#1376 = EDGE_CURVE('',#1342,#834,#1377,.T.);
#1377 = LINE('',#1378,#1379);
#1378 = CARTESIAN_POINT('',(-9.58,-18.685,3.6));
#1379 = VECTOR('',#1380,1.);
#1380 = DIRECTION('',(1.,0.,-0.));
#1381 = PLANE('',#1382);
#1382 = AXIS2_PLACEMENT_3D('',#1383,#1384,#1385);
#1383 = CARTESIAN_POINT('',(-7.,-29.,3.6));
#1384 = DIRECTION('',(0.,0.,1.));
#1385 = DIRECTION('',(1.,0.,-0.));
#1386 = ADVANCED_FACE('',(#1387),#1412,.F.);
#1387 = FACE_BOUND('',#1388,.F.);
#1388 = EDGE_LOOP('',(#1389,#1397,#1398,#1406));
#1389 = ORIENTED_EDGE('',*,*,#1390,.F.);
#1390 = EDGE_CURVE('',#494,#1391,#1393,.T.);
#1391 = VERTEX_POINT('',#1392);
#1392 = CARTESIAN_POINT('',(5.,-6.,2.8));
#1393 = LINE('',#1394,#1395);
#1394 = CARTESIAN_POINT('',(5.,-6.,-0.1));
#1395 = VECTOR('',#1396,1.);
#1396 = DIRECTION('',(0.,0.,1.));
#1397 = ORIENTED_EDGE('',*,*,#491,.F.);
#1398 = ORIENTED_EDGE('',*,*,#1399,.T.);
#1399 = EDGE_CURVE('',#492,#1400,#1402,.T.);
#1400 = VERTEX_POINT('',#1401);
#1401 = CARTESIAN_POINT('',(-5.,-6.,2.8));
#1402 = LINE('',#1403,#1404);
#1403 = CARTESIAN_POINT('',(-5.,-6.,-0.1));
#1404 = VECTOR('',#1405,1.);
#1405 = DIRECTION('',(0.,0.,1.));
#1406 = ORIENTED_EDGE('',*,*,#1407,.F.);
#1407 = EDGE_CURVE('',#1391,#1400,#1408,.T.);
#1408 = LINE('',#1409,#1410);
#1409 = CARTESIAN_POINT('',(-8.58,-6.,2.8));
#1410 = VECTOR('',#1411,1.);
#1411 = DIRECTION('',(-1.,-0.,0.));
#1412 = PLANE('',#1413);
#1413 = AXIS2_PLACEMENT_3D('',#1414,#1415,#1416);
#1414 = CARTESIAN_POINT('',(-5.,-6.,-0.1));
#1415 = DIRECTION('',(-0.,1.,0.));
#1416 = DIRECTION('',(0.,0.,1.));
#1417 = ADVANCED_FACE('',(#1418),#1436,.T.);
#1418 = FACE_BOUND('',#1419,.T.);
#1419 = EDGE_LOOP('',(#1420,#1428,#1429,#1430));
#1420 = ORIENTED_EDGE('',*,*,#1421,.F.);
#1421 = EDGE_CURVE('',#502,#1422,#1424,.T.);
#1422 = VERTEX_POINT('',#1423);
#1423 = CARTESIAN_POINT('',(-5.,-8.,2.8));
#1424 = LINE('',#1425,#1426);
#1425 = CARTESIAN_POINT('',(-5.,-8.,-0.1));
#1426 = VECTOR('',#1427,1.);
#1427 = DIRECTION('',(0.,0.,1.));
#1428 = ORIENTED_EDGE('',*,*,#501,.F.);
#1429 = ORIENTED_EDGE('',*,*,#1399,.T.);
#1430 = ORIENTED_EDGE('',*,*,#1431,.F.);
#1431 = EDGE_CURVE('',#1422,#1400,#1432,.T.);
#1432 = LINE('',#1433,#1434);
#1433 = CARTESIAN_POINT('',(-5.,-13.3425,2.8));
#1434 = VECTOR('',#1435,1.);
#1435 = DIRECTION('',(-0.,1.,0.));
#1436 = PLANE('',#1437);
#1437 = AXIS2_PLACEMENT_3D('',#1438,#1439,#1440);
#1438 = CARTESIAN_POINT('',(-5.,-8.,-0.1));
#1439 = DIRECTION('',(1.,0.,-0.));
#1440 = DIRECTION('',(0.,0.,1.));
#1441 = ADVANCED_FACE('',(#1442),#1460,.F.);
#1442 = FACE_BOUND('',#1443,.F.);
#1443 = EDGE_LOOP('',(#1444,#1452,#1453,#1454));
#1444 = ORIENTED_EDGE('',*,*,#1445,.F.);
#1445 = EDGE_CURVE('',#510,#1446,#1448,.T.);
#1446 = VERTEX_POINT('',#1447);
#1447 = CARTESIAN_POINT('',(5.,-8.,2.8));
#1448 = LINE('',#1449,#1450);
#1449 = CARTESIAN_POINT('',(5.,-8.,-0.1));
#1450 = VECTOR('',#1451,1.);
#1451 = DIRECTION('',(0.,0.,1.));
#1452 = ORIENTED_EDGE('',*,*,#517,.F.);
#1453 = ORIENTED_EDGE('',*,*,#1390,.T.);
#1454 = ORIENTED_EDGE('',*,*,#1455,.F.);
#1455 = EDGE_CURVE('',#1446,#1391,#1456,.T.);
#1456 = LINE('',#1457,#1458);
#1457 = CARTESIAN_POINT('',(5.,-13.3425,2.8));
#1458 = VECTOR('',#1459,1.);
#1459 = DIRECTION('',(-0.,1.,0.));
#1460 = PLANE('',#1461);
#1461 = AXIS2_PLACEMENT_3D('',#1462,#1463,#1464);
#1462 = CARTESIAN_POINT('',(5.,-8.,-0.1));
#1463 = DIRECTION('',(1.,0.,-0.));
#1464 = DIRECTION('',(0.,0.,1.));
#1465 = ADVANCED_FACE('',(#1466),#1477,.T.);
#1466 = FACE_BOUND('',#1467,.T.);
#1467 = EDGE_LOOP('',(#1468,#1469,#1470,#1471));
#1468 = ORIENTED_EDGE('',*,*,#1445,.F.);
#1469 = ORIENTED_EDGE('',*,*,#509,.F.);
#1470 = ORIENTED_EDGE('',*,*,#1421,.T.);
#1471 = ORIENTED_EDGE('',*,*,#1472,.F.);
#1472 = EDGE_CURVE('',#1446,#1422,#1473,.T.);
#1473 = LINE('',#1474,#1475);
#1474 = CARTESIAN_POINT('',(-8.58,-8.,2.8));
#1475 = VECTOR('',#1476,1.);
#1476 = DIRECTION('',(-1.,-0.,0.));
#1477 = PLANE('',#1478);
#1478 = AXIS2_PLACEMENT_3D('',#1479,#1480,#1481);
#1479 = CARTESIAN_POINT('',(-5.,-8.,-0.1));
#1480 = DIRECTION('',(-0.,1.,0.));
#1481 = DIRECTION('',(0.,0.,1.));
#1482 = ADVANCED_FACE('',(#1483),#1508,.F.);
#1483 = FACE_BOUND('',#1484,.F.);
#1484 = EDGE_LOOP('',(#1485,#1493,#1494,#1502));
#1485 = ORIENTED_EDGE('',*,*,#1486,.F.);
#1486 = EDGE_CURVE('',#562,#1487,#1489,.T.);
#1487 = VERTEX_POINT('',#1488);
#1488 = CARTESIAN_POINT('',(5.,0.,2.8));
#1489 = LINE('',#1490,#1491);
#1490 = CARTESIAN_POINT('',(5.,0.,-0.1));
#1491 = VECTOR('',#1492,1.);
#1492 = DIRECTION('',(0.,0.,1.));
#1493 = ORIENTED_EDGE('',*,*,#559,.F.);
#1494 = ORIENTED_EDGE('',*,*,#1495,.T.);
#1495 = EDGE_CURVE('',#560,#1496,#1498,.T.);
#1496 = VERTEX_POINT('',#1497);
#1497 = CARTESIAN_POINT('',(-5.,0.,2.8));
#1498 = LINE('',#1499,#1500);
#1499 = CARTESIAN_POINT('',(-5.,0.,-0.1));
#1500 = VECTOR('',#1501,1.);
#1501 = DIRECTION('',(0.,0.,1.));
#1502 = ORIENTED_EDGE('',*,*,#1503,.F.);
#1503 = EDGE_CURVE('',#1487,#1496,#1504,.T.);
#1504 = LINE('',#1505,#1506);
#1505 = CARTESIAN_POINT('',(-8.58,0.,2.8));
#1506 = VECTOR('',#1507,1.);
#1507 = DIRECTION('',(-1.,-0.,0.));
#1508 = PLANE('',#1509);
#1509 = AXIS2_PLACEMENT_3D('',#1510,#1511,#1512);
#1510 = CARTESIAN_POINT('',(-5.,0.,-0.1));
#1511 = DIRECTION('',(-0.,1.,0.));
#1512 = DIRECTION('',(0.,0.,1.));
#1513 = ADVANCED_FACE('',(#1514),#1532,.T.);
#1514 = FACE_BOUND('',#1515,.T.);
#1515 = EDGE_LOOP('',(#1516,#1524,#1525,#1526));
#1516 = ORIENTED_EDGE('',*,*,#1517,.F.);
#1517 = EDGE_CURVE('',#570,#1518,#1520,.T.);
#1518 = VERTEX_POINT('',#1519);
#1519 = CARTESIAN_POINT('',(-5.,-2.,2.8));
#1520 = LINE('',#1521,#1522);
#1521 = CARTESIAN_POINT('',(-5.,-2.,-0.1));
#1522 = VECTOR('',#1523,1.);
#1523 = DIRECTION('',(0.,0.,1.));
#1524 = ORIENTED_EDGE('',*,*,#569,.F.);
#1525 = ORIENTED_EDGE('',*,*,#1495,.T.);
#1526 = ORIENTED_EDGE('',*,*,#1527,.F.);
#1527 = EDGE_CURVE('',#1518,#1496,#1528,.T.);
#1528 = LINE('',#1529,#1530);
#1529 = CARTESIAN_POINT('',(-5.,-10.3425,2.8));
#1530 = VECTOR('',#1531,1.);
#1531 = DIRECTION('',(-0.,1.,0.));
#1532 = PLANE('',#1533);
#1533 = AXIS2_PLACEMENT_3D('',#1534,#1535,#1536);
#1534 = CARTESIAN_POINT('',(-5.,-2.,-0.1));
#1535 = DIRECTION('',(1.,0.,-0.));
#1536 = DIRECTION('',(0.,0.,1.));
#1537 = ADVANCED_FACE('',(#1538),#1556,.F.);
#1538 = FACE_BOUND('',#1539,.F.);
#1539 = EDGE_LOOP('',(#1540,#1548,#1549,#1550));
#1540 = ORIENTED_EDGE('',*,*,#1541,.F.);
#1541 = EDGE_CURVE('',#578,#1542,#1544,.T.);
#1542 = VERTEX_POINT('',#1543);
#1543 = CARTESIAN_POINT('',(5.,-2.,2.8));
#1544 = LINE('',#1545,#1546);
#1545 = CARTESIAN_POINT('',(5.,-2.,-0.1));
#1546 = VECTOR('',#1547,1.);
#1547 = DIRECTION('',(0.,0.,1.));
#1548 = ORIENTED_EDGE('',*,*,#585,.F.);
#1549 = ORIENTED_EDGE('',*,*,#1486,.T.);
#1550 = ORIENTED_EDGE('',*,*,#1551,.F.);
#1551 = EDGE_CURVE('',#1542,#1487,#1552,.T.);
#1552 = LINE('',#1553,#1554);
#1553 = CARTESIAN_POINT('',(5.,-10.3425,2.8));
#1554 = VECTOR('',#1555,1.);
#1555 = DIRECTION('',(-0.,1.,0.));
#1556 = PLANE('',#1557);
#1557 = AXIS2_PLACEMENT_3D('',#1558,#1559,#1560);
#1558 = CARTESIAN_POINT('',(5.,-2.,-0.1));
#1559 = DIRECTION('',(1.,0.,-0.));
#1560 = DIRECTION('',(0.,0.,1.));
#1561 = ADVANCED_FACE('',(#1562),#1573,.T.);
#1562 = FACE_BOUND('',#1563,.T.);
#1563 = EDGE_LOOP('',(#1564,#1565,#1566,#1567));
#1564 = ORIENTED_EDGE('',*,*,#1541,.F.);
#1565 = ORIENTED_EDGE('',*,*,#577,.F.);
#1566 = ORIENTED_EDGE('',*,*,#1517,.T.);
#1567 = ORIENTED_EDGE('',*,*,#1568,.F.);
#1568 = EDGE_CURVE('',#1542,#1518,#1569,.T.);
#1569 = LINE('',#1570,#1571);
#1570 = CARTESIAN_POINT('',(-8.58,-2.,2.8));
#1571 = VECTOR('',#1572,1.);
#1572 = DIRECTION('',(-1.,-0.,0.));
#1573 = PLANE('',#1574);
#1574 = AXIS2_PLACEMENT_3D('',#1575,#1576,#1577);
#1575 = CARTESIAN_POINT('',(-5.,-2.,-0.1));
#1576 = DIRECTION('',(-0.,1.,0.));
#1577 = DIRECTION('',(0.,0.,1.));
#1578 = ADVANCED_FACE('',(#1579),#1604,.F.);
#1579 = FACE_BOUND('',#1580,.F.);
#1580 = EDGE_LOOP('',(#1581,#1589,#1590,#1598));
#1581 = ORIENTED_EDGE('',*,*,#1582,.F.);
#1582 = EDGE_CURVE('',#630,#1583,#1585,.T.);
#1583 = VERTEX_POINT('',#1584);
#1584 = CARTESIAN_POINT('',(5.,6.,2.8));
#1585 = LINE('',#1586,#1587);
#1586 = CARTESIAN_POINT('',(5.,6.,-0.1));
#1587 = VECTOR('',#1588,1.);
#1588 = DIRECTION('',(0.,0.,1.));
#1589 = ORIENTED_EDGE('',*,*,#627,.F.);
#1590 = ORIENTED_EDGE('',*,*,#1591,.T.);
#1591 = EDGE_CURVE('',#628,#1592,#1594,.T.);
#1592 = VERTEX_POINT('',#1593);
#1593 = CARTESIAN_POINT('',(-5.,6.,2.8));
#1594 = LINE('',#1595,#1596);
#1595 = CARTESIAN_POINT('',(-5.,6.,-0.1));
#1596 = VECTOR('',#1597,1.);
#1597 = DIRECTION('',(0.,0.,1.));
#1598 = ORIENTED_EDGE('',*,*,#1599,.F.);
#1599 = EDGE_CURVE('',#1583,#1592,#1600,.T.);
#1600 = LINE('',#1601,#1602);
#1601 = CARTESIAN_POINT('',(-8.58,6.,2.8));
#1602 = VECTOR('',#1603,1.);
#1603 = DIRECTION('',(-1.,-0.,0.));
#1604 = PLANE('',#1605);
#1605 = AXIS2_PLACEMENT_3D('',#1606,#1607,#1608);
#1606 = CARTESIAN_POINT('',(-5.,6.,-0.1));
#1607 = DIRECTION('',(-0.,1.,0.));
#1608 = DIRECTION('',(0.,0.,1.));
#1609 = ADVANCED_FACE('',(#1610),#1628,.T.);
#1610 = FACE_BOUND('',#1611,.T.);
#1611 = EDGE_LOOP('',(#1612,#1620,#1621,#1622));
#1612 = ORIENTED_EDGE('',*,*,#1613,.F.);
#1613 = EDGE_CURVE('',#638,#1614,#1616,.T.);
#1614 = VERTEX_POINT('',#1615);
#1615 = CARTESIAN_POINT('',(-5.,4.,2.8));
#1616 = LINE('',#1617,#1618);
#1617 = CARTESIAN_POINT('',(-5.,4.,-0.1));
#1618 = VECTOR('',#1619,1.);
#1619 = DIRECTION('',(0.,0.,1.));
#1620 = ORIENTED_EDGE('',*,*,#637,.F.);
#1621 = ORIENTED_EDGE('',*,*,#1591,.T.);
#1622 = ORIENTED_EDGE('',*,*,#1623,.F.);
#1623 = EDGE_CURVE('',#1614,#1592,#1624,.T.);
#1624 = LINE('',#1625,#1626);
#1625 = CARTESIAN_POINT('',(-5.,-7.3425,2.8));
#1626 = VECTOR('',#1627,1.);
#1627 = DIRECTION('',(-0.,1.,0.));
#1628 = PLANE('',#1629);
#1629 = AXIS2_PLACEMENT_3D('',#1630,#1631,#1632);
#1630 = CARTESIAN_POINT('',(-5.,4.,-0.1));
#1631 = DIRECTION('',(1.,0.,-0.));
#1632 = DIRECTION('',(0.,0.,1.));
#1633 = ADVANCED_FACE('',(#1634),#1652,.F.);
#1634 = FACE_BOUND('',#1635,.F.);
#1635 = EDGE_LOOP('',(#1636,#1644,#1645,#1646));
#1636 = ORIENTED_EDGE('',*,*,#1637,.F.);
#1637 = EDGE_CURVE('',#646,#1638,#1640,.T.);
#1638 = VERTEX_POINT('',#1639);
#1639 = CARTESIAN_POINT('',(5.,4.,2.8));
#1640 = LINE('',#1641,#1642);
#1641 = CARTESIAN_POINT('',(5.,4.,-0.1));
#1642 = VECTOR('',#1643,1.);
#1643 = DIRECTION('',(0.,0.,1.));
#1644 = ORIENTED_EDGE('',*,*,#653,.F.);
#1645 = ORIENTED_EDGE('',*,*,#1582,.T.);
#1646 = ORIENTED_EDGE('',*,*,#1647,.F.);
#1647 = EDGE_CURVE('',#1638,#1583,#1648,.T.);
#1648 = LINE('',#1649,#1650);
#1649 = CARTESIAN_POINT('',(5.,-7.3425,2.8));
#1650 = VECTOR('',#1651,1.);
#1651 = DIRECTION('',(-0.,1.,0.));
#1652 = PLANE('',#1653);
#1653 = AXIS2_PLACEMENT_3D('',#1654,#1655,#1656);
#1654 = CARTESIAN_POINT('',(5.,4.,-0.1));
#1655 = DIRECTION('',(1.,0.,-0.));
#1656 = DIRECTION('',(0.,0.,1.));
#1657 = ADVANCED_FACE('',(#1658),#1669,.T.);
#1658 = FACE_BOUND('',#1659,.T.);
#1659 = EDGE_LOOP('',(#1660,#1661,#1662,#1663));
#1660 = ORIENTED_EDGE('',*,*,#1637,.F.);
#1661 = ORIENTED_EDGE('',*,*,#645,.F.);
#1662 = ORIENTED_EDGE('',*,*,#1613,.T.);
#1663 = ORIENTED_EDGE('',*,*,#1664,.F.);
#1664 = EDGE_CURVE('',#1638,#1614,#1665,.T.);
#1665 = LINE('',#1666,#1667);
#1666 = CARTESIAN_POINT('',(-8.58,4.,2.8));
#1667 = VECTOR('',#1668,1.);
#1668 = DIRECTION('',(-1.,-0.,0.));
#1669 = PLANE('',#1670);
#1670 = AXIS2_PLACEMENT_3D('',#1671,#1672,#1673);
#1671 = CARTESIAN_POINT('',(-5.,4.,-0.1));
#1672 = DIRECTION('',(-0.,1.,0.));
#1673 = DIRECTION('',(0.,0.,1.));
#1674 = ADVANCED_FACE('',(#1675),#1700,.F.);
#1675 = FACE_BOUND('',#1676,.F.);
#1676 = EDGE_LOOP('',(#1677,#1685,#1686,#1694));
#1677 = ORIENTED_EDGE('',*,*,#1678,.F.);
#1678 = EDGE_CURVE('',#664,#1679,#1681,.T.);
#1679 = VERTEX_POINT('',#1680);
#1680 = CARTESIAN_POINT('',(5.,12.,2.8));
#1681 = LINE('',#1682,#1683);
#1682 = CARTESIAN_POINT('',(5.,12.,-0.1));
#1683 = VECTOR('',#1684,1.);
#1684 = DIRECTION('',(0.,0.,1.));
#1685 = ORIENTED_EDGE('',*,*,#661,.F.);
#1686 = ORIENTED_EDGE('',*,*,#1687,.T.);
#1687 = EDGE_CURVE('',#662,#1688,#1690,.T.);
#1688 = VERTEX_POINT('',#1689);
#1689 = CARTESIAN_POINT('',(-5.,12.,2.8));
#1690 = LINE('',#1691,#1692);
#1691 = CARTESIAN_POINT('',(-5.,12.,-0.1));
#1692 = VECTOR('',#1693,1.);
#1693 = DIRECTION('',(0.,0.,1.));
#1694 = ORIENTED_EDGE('',*,*,#1695,.F.);
#1695 = EDGE_CURVE('',#1679,#1688,#1696,.T.);
#1696 = LINE('',#1697,#1698);
#1697 = CARTESIAN_POINT('',(-8.58,12.,2.8));
#1698 = VECTOR('',#1699,1.);
#1699 = DIRECTION('',(-1.,-0.,0.));
#1700 = PLANE('',#1701);
#1701 = AXIS2_PLACEMENT_3D('',#1702,#1703,#1704);
#1702 = CARTESIAN_POINT('',(-5.,12.,-0.1));
#1703 = DIRECTION('',(-0.,1.,0.));
#1704 = DIRECTION('',(0.,0.,1.));
#1705 = ADVANCED_FACE('',(#1706),#1724,.F.);
#1706 = FACE_BOUND('',#1707,.F.);
#1707 = EDGE_LOOP('',(#1708,#1716,#1717,#1718));
#1708 = ORIENTED_EDGE('',*,*,#1709,.F.);
#1709 = EDGE_CURVE('',#680,#1710,#1712,.T.);
#1710 = VERTEX_POINT('',#1711);
#1711 = CARTESIAN_POINT('',(5.,10.,2.8));
#1712 = LINE('',#1713,#1714);
#1713 = CARTESIAN_POINT('',(5.,10.,-0.1));
#1714 = VECTOR('',#1715,1.);
#1715 = DIRECTION('',(0.,0.,1.));
#1716 = ORIENTED_EDGE('',*,*,#687,.F.);
#1717 = ORIENTED_EDGE('',*,*,#1678,.T.);
#1718 = ORIENTED_EDGE('',*,*,#1719,.F.);
#1719 = EDGE_CURVE('',#1710,#1679,#1720,.T.);
#1720 = LINE('',#1721,#1722);
#1721 = CARTESIAN_POINT('',(5.,-4.3425,2.8));
#1722 = VECTOR('',#1723,1.);
#1723 = DIRECTION('',(-0.,1.,0.));
#1724 = PLANE('',#1725);
#1725 = AXIS2_PLACEMENT_3D('',#1726,#1727,#1728);
#1726 = CARTESIAN_POINT('',(5.,10.,-0.1));
#1727 = DIRECTION('',(1.,0.,-0.));
#1728 = DIRECTION('',(0.,0.,1.));
#1729 = ADVANCED_FACE('',(#1730),#1748,.T.);
#1730 = FACE_BOUND('',#1731,.T.);
#1731 = EDGE_LOOP('',(#1732,#1733,#1734,#1742));
#1732 = ORIENTED_EDGE('',*,*,#1709,.F.);
#1733 = ORIENTED_EDGE('',*,*,#679,.F.);
#1734 = ORIENTED_EDGE('',*,*,#1735,.T.);
#1735 = EDGE_CURVE('',#672,#1736,#1738,.T.);
#1736 = VERTEX_POINT('',#1737);
#1737 = CARTESIAN_POINT('',(-5.,10.,2.8));
#1738 = LINE('',#1739,#1740);
#1739 = CARTESIAN_POINT('',(-5.,10.,-0.1));
#1740 = VECTOR('',#1741,1.);
#1741 = DIRECTION('',(0.,0.,1.));
#1742 = ORIENTED_EDGE('',*,*,#1743,.F.);
#1743 = EDGE_CURVE('',#1710,#1736,#1744,.T.);
#1744 = LINE('',#1745,#1746);
#1745 = CARTESIAN_POINT('',(-8.58,10.,2.8));
#1746 = VECTOR('',#1747,1.);
#1747 = DIRECTION('',(-1.,-0.,0.));
#1748 = PLANE('',#1749);
#1749 = AXIS2_PLACEMENT_3D('',#1750,#1751,#1752);
#1750 = CARTESIAN_POINT('',(-5.,10.,-0.1));
#1751 = DIRECTION('',(-0.,1.,0.));
#1752 = DIRECTION('',(0.,0.,1.));
#1753 = ADVANCED_FACE('',(#1754),#1765,.T.);
#1754 = FACE_BOUND('',#1755,.T.);
#1755 = EDGE_LOOP('',(#1756,#1757,#1758,#1759));
#1756 = ORIENTED_EDGE('',*,*,#1735,.F.);
#1757 = ORIENTED_EDGE('',*,*,#671,.F.);
#1758 = ORIENTED_EDGE('',*,*,#1687,.T.);
#1759 = ORIENTED_EDGE('',*,*,#1760,.F.);
#1760 = EDGE_CURVE('',#1736,#1688,#1761,.T.);
#1761 = LINE('',#1762,#1763);
#1762 = CARTESIAN_POINT('',(-5.,-4.3425,2.8));
#1763 = VECTOR('',#1764,1.);
#1764 = DIRECTION('',(-0.,1.,0.));
#1765 = PLANE('',#1766);
#1766 = AXIS2_PLACEMENT_3D('',#1767,#1768,#1769);
#1767 = CARTESIAN_POINT('',(-5.,10.,-0.1));
#1768 = DIRECTION('',(1.,0.,-0.));
#1769 = DIRECTION('',(0.,0.,1.));
#1770 = ADVANCED_FACE('',(#1771),#1914,.T.);
#1771 = FACE_BOUND('',#1772,.T.);
#1772 = EDGE_LOOP('',(#1773,#1774,#1775,#1776,#1777,#1785,#1793,#1801,
    #1809,#1815,#1816,#1817,#1818,#1819,#1827,#1835,#1841,#1842,#1850,
    #1858,#1864,#1865,#1866,#1867,#1868,#1869,#1877,#1885,#1891,#1892,
    #1900,#1908));
#1773 = ORIENTED_EDGE('',*,*,#1277,.F.);
#1774 = ORIENTED_EDGE('',*,*,#1291,.T.);
#1775 = ORIENTED_EDGE('',*,*,#1326,.T.);
#1776 = ORIENTED_EDGE('',*,*,#1357,.T.);
#1777 = ORIENTED_EDGE('',*,*,#1778,.T.);
#1778 = EDGE_CURVE('',#1350,#1779,#1781,.T.);
#1779 = VERTEX_POINT('',#1780);
#1780 = CARTESIAN_POINT('',(-12.16,-18.685,9.7));
#1781 = LINE('',#1782,#1783);
#1782 = CARTESIAN_POINT('',(-6.08,-18.685,9.7));
#1783 = VECTOR('',#1784,1.);
#1784 = DIRECTION('',(-1.,-0.,0.));
#1785 = ORIENTED_EDGE('',*,*,#1786,.T.);
#1786 = EDGE_CURVE('',#1779,#1787,#1789,.T.);
#1787 = VERTEX_POINT('',#1788);
#1788 = CARTESIAN_POINT('',(-12.16,18.685,9.7));
#1789 = LINE('',#1790,#1791);
#1790 = CARTESIAN_POINT('',(-12.16,-9.3425,9.7));
#1791 = VECTOR('',#1792,1.);
#1792 = DIRECTION('',(-0.,1.,0.));
#1793 = ORIENTED_EDGE('',*,*,#1794,.F.);
#1794 = EDGE_CURVE('',#1795,#1787,#1797,.T.);
#1795 = VERTEX_POINT('',#1796);
#1796 = CARTESIAN_POINT('',(12.16,18.685,9.7));
#1797 = LINE('',#1798,#1799);
#1798 = CARTESIAN_POINT('',(-6.08,18.685,9.7));
#1799 = VECTOR('',#1800,1.);
#1800 = DIRECTION('',(-1.,-0.,0.));
#1801 = ORIENTED_EDGE('',*,*,#1802,.F.);
#1802 = EDGE_CURVE('',#1803,#1795,#1805,.T.);
#1803 = VERTEX_POINT('',#1804);
#1804 = CARTESIAN_POINT('',(12.16,-18.685,9.7));
#1805 = LINE('',#1806,#1807);
#1806 = CARTESIAN_POINT('',(12.16,-9.3425,9.7));
#1807 = VECTOR('',#1808,1.);
#1808 = DIRECTION('',(-0.,1.,0.));
#1809 = ORIENTED_EDGE('',*,*,#1810,.T.);
#1810 = EDGE_CURVE('',#1803,#842,#1811,.T.);
#1811 = LINE('',#1812,#1813);
#1812 = CARTESIAN_POINT('',(-6.08,-18.685,9.7));
#1813 = VECTOR('',#1814,1.);
#1814 = DIRECTION('',(-1.,-0.,0.));
#1815 = ORIENTED_EDGE('',*,*,#849,.F.);
#1816 = ORIENTED_EDGE('',*,*,#882,.T.);
#1817 = ORIENTED_EDGE('',*,*,#896,.T.);
#1818 = ORIENTED_EDGE('',*,*,#931,.T.);
#1819 = ORIENTED_EDGE('',*,*,#1820,.T.);
#1820 = EDGE_CURVE('',#924,#1821,#1823,.T.);
#1821 = VERTEX_POINT('',#1822);
#1822 = CARTESIAN_POINT('',(17.,-10.8,9.7));
#1823 = LINE('',#1824,#1825);
#1824 = CARTESIAN_POINT('',(8.5,-10.8,9.7));
#1825 = VECTOR('',#1826,1.);
#1826 = DIRECTION('',(-1.,-0.,0.));
#1827 = ORIENTED_EDGE('',*,*,#1828,.T.);
#1828 = EDGE_CURVE('',#1821,#1829,#1831,.T.);
#1829 = VERTEX_POINT('',#1830);
#1830 = CARTESIAN_POINT('',(17.,-5.2,9.7));
#1831 = LINE('',#1832,#1833);
#1832 = CARTESIAN_POINT('',(17.,-5.4,9.7));
#1833 = VECTOR('',#1834,1.);
#1834 = DIRECTION('',(-0.,1.,0.));
#1835 = ORIENTED_EDGE('',*,*,#1836,.F.);
#1836 = EDGE_CURVE('',#977,#1829,#1837,.T.);
#1837 = LINE('',#1838,#1839);
#1838 = CARTESIAN_POINT('',(8.5,-5.2,9.7));
#1839 = VECTOR('',#1840,1.);
#1840 = DIRECTION('',(-1.,-0.,0.));
#1841 = ORIENTED_EDGE('',*,*,#993,.T.);
#1842 = ORIENTED_EDGE('',*,*,#1843,.T.);
#1843 = EDGE_CURVE('',#986,#1844,#1846,.T.);
#1844 = VERTEX_POINT('',#1845);
#1845 = CARTESIAN_POINT('',(17.,5.2,9.7));
#1846 = LINE('',#1847,#1848);
#1847 = CARTESIAN_POINT('',(8.5,5.2,9.7));
#1848 = VECTOR('',#1849,1.);
#1849 = DIRECTION('',(-1.,-0.,0.));
#1850 = ORIENTED_EDGE('',*,*,#1851,.T.);
#1851 = EDGE_CURVE('',#1844,#1852,#1854,.T.);
#1852 = VERTEX_POINT('',#1853);
#1853 = CARTESIAN_POINT('',(17.,10.8,9.7));
#1854 = LINE('',#1855,#1856);
#1855 = CARTESIAN_POINT('',(17.,2.6,9.7));
#1856 = VECTOR('',#1857,1.);
#1857 = DIRECTION('',(-0.,1.,0.));
#1858 = ORIENTED_EDGE('',*,*,#1859,.F.);
#1859 = EDGE_CURVE('',#1039,#1852,#1860,.T.);
#1860 = LINE('',#1861,#1862);
#1861 = CARTESIAN_POINT('',(8.5,10.8,9.7));
#1862 = VECTOR('',#1863,1.);
#1863 = DIRECTION('',(-1.,-0.,0.));
#1864 = ORIENTED_EDGE('',*,*,#1055,.T.);
#1865 = ORIENTED_EDGE('',*,*,#1069,.T.);
#1866 = ORIENTED_EDGE('',*,*,#1103,.F.);
#1867 = ORIENTED_EDGE('',*,*,#1118,.T.);
#1868 = ORIENTED_EDGE('',*,*,#1143,.F.);
#1869 = ORIENTED_EDGE('',*,*,#1870,.T.);
#1870 = EDGE_CURVE('',#1144,#1871,#1873,.T.);
#1871 = VERTEX_POINT('',#1872);
#1872 = CARTESIAN_POINT('',(-17.,10.8,9.7));
#1873 = LINE('',#1874,#1875);
#1874 = CARTESIAN_POINT('',(-8.5,10.8,9.7));
#1875 = VECTOR('',#1876,1.);
#1876 = DIRECTION('',(1.,0.,-0.));
#1877 = ORIENTED_EDGE('',*,*,#1878,.F.);
#1878 = EDGE_CURVE('',#1879,#1871,#1881,.T.);
#1879 = VERTEX_POINT('',#1880);
#1880 = CARTESIAN_POINT('',(-17.,5.2,9.7));
#1881 = LINE('',#1882,#1883);
#1882 = CARTESIAN_POINT('',(-17.,2.6,9.7));
#1883 = VECTOR('',#1884,1.);
#1884 = DIRECTION('',(0.,1.,0.));
#1885 = ORIENTED_EDGE('',*,*,#1886,.F.);
#1886 = EDGE_CURVE('',#1201,#1879,#1887,.T.);
#1887 = LINE('',#1888,#1889);
#1888 = CARTESIAN_POINT('',(-8.5,5.2,9.7));
#1889 = VECTOR('',#1890,1.);
#1890 = DIRECTION('',(1.,0.,-0.));
#1891 = ORIENTED_EDGE('',*,*,#1198,.F.);
#1892 = ORIENTED_EDGE('',*,*,#1893,.T.);
#1893 = EDGE_CURVE('',#1199,#1894,#1896,.T.);
#1894 = VERTEX_POINT('',#1895);
#1895 = CARTESIAN_POINT('',(-17.,-5.2,9.7));
#1896 = LINE('',#1897,#1898);
#1897 = CARTESIAN_POINT('',(-8.5,-5.2,9.7));
#1898 = VECTOR('',#1899,1.);
#1899 = DIRECTION('',(1.,0.,-0.));
#1900 = ORIENTED_EDGE('',*,*,#1901,.F.);
#1901 = EDGE_CURVE('',#1902,#1894,#1904,.T.);
#1902 = VERTEX_POINT('',#1903);
#1903 = CARTESIAN_POINT('',(-17.,-10.8,9.7));
#1904 = LINE('',#1905,#1906);
#1905 = CARTESIAN_POINT('',(-17.,-5.4,9.7));
#1906 = VECTOR('',#1907,1.);
#1907 = DIRECTION('',(0.,1.,0.));
#1908 = ORIENTED_EDGE('',*,*,#1909,.F.);
#1909 = EDGE_CURVE('',#1270,#1902,#1910,.T.);
#1910 = LINE('',#1911,#1912);
#1911 = CARTESIAN_POINT('',(-8.5,-10.8,9.7));
#1912 = VECTOR('',#1913,1.);
#1913 = DIRECTION('',(1.,0.,-0.));
#1914 = PLANE('',#1915);
#1915 = AXIS2_PLACEMENT_3D('',#1916,#1917,#1918);
#1916 = CARTESIAN_POINT('',(0.,6.509969733414E-16,9.7));
#1917 = DIRECTION('',(0.,0.,1.));
#1918 = DIRECTION('',(1.,0.,-0.));
#1919 = ADVANCED_FACE('',(#1920),#1949,.T.);
#1920 = FACE_BOUND('',#1921,.T.);
#1921 = EDGE_LOOP('',(#1922,#1930,#1938,#1944,#1945,#1946,#1947,#1948));
#1922 = ORIENTED_EDGE('',*,*,#1923,.F.);
#1923 = EDGE_CURVE('',#1924,#1803,#1926,.T.);
#1924 = VERTEX_POINT('',#1925);
#1925 = CARTESIAN_POINT('',(12.16,-18.685,2.8));
#1926 = LINE('',#1927,#1928);
#1927 = CARTESIAN_POINT('',(12.16,-18.685,2.8));
#1928 = VECTOR('',#1929,1.);
#1929 = DIRECTION('',(0.,0.,1.));
#1930 = ORIENTED_EDGE('',*,*,#1931,.F.);
#1931 = EDGE_CURVE('',#1932,#1924,#1934,.T.);
#1932 = VERTEX_POINT('',#1933);
#1933 = CARTESIAN_POINT('',(-12.16,-18.685,2.8));
#1934 = LINE('',#1935,#1936);
#1935 = CARTESIAN_POINT('',(-12.16,-18.685,2.8));
#1936 = VECTOR('',#1937,1.);
#1937 = DIRECTION('',(1.,0.,-0.));
#1938 = ORIENTED_EDGE('',*,*,#1939,.T.);
#1939 = EDGE_CURVE('',#1932,#1779,#1940,.T.);
#1940 = LINE('',#1941,#1942);
#1941 = CARTESIAN_POINT('',(-12.16,-18.685,2.8));
#1942 = VECTOR('',#1943,1.);
#1943 = DIRECTION('',(0.,0.,1.));
#1944 = ORIENTED_EDGE('',*,*,#1778,.F.);
#1945 = ORIENTED_EDGE('',*,*,#1349,.T.);
#1946 = ORIENTED_EDGE('',*,*,#1376,.T.);
#1947 = ORIENTED_EDGE('',*,*,#841,.F.);
#1948 = ORIENTED_EDGE('',*,*,#1810,.F.);
#1949 = PLANE('',#1950);
#1950 = AXIS2_PLACEMENT_3D('',#1951,#1952,#1953);
#1951 = CARTESIAN_POINT('',(-12.16,-18.685,2.8));
#1952 = DIRECTION('',(-0.,1.,0.));
#1953 = DIRECTION('',(0.,0.,1.));
#1954 = ADVANCED_FACE('',(#1955),#2012,.T.);
#1955 = FACE_BOUND('',#1956,.T.);
#1956 = EDGE_LOOP('',(#1957,#1967,#1973,#1974,#1982,#1990,#1998,#2006));
#1957 = ORIENTED_EDGE('',*,*,#1958,.F.);
#1958 = EDGE_CURVE('',#1959,#1961,#1963,.T.);
#1959 = VERTEX_POINT('',#1960);
#1960 = CARTESIAN_POINT('',(18.,-10.8,2.8));
#1961 = VERTEX_POINT('',#1962);
#1962 = CARTESIAN_POINT('',(18.,-10.5,2.8));
#1963 = LINE('',#1964,#1965);
#1964 = CARTESIAN_POINT('',(18.,-10.8,2.8));
#1965 = VECTOR('',#1966,1.);
#1966 = DIRECTION('',(-0.,1.,0.));
#1967 = ORIENTED_EDGE('',*,*,#1968,.T.);
#1968 = EDGE_CURVE('',#1959,#946,#1969,.T.);
#1969 = LINE('',#1970,#1971);
#1970 = CARTESIAN_POINT('',(17.,-10.8,2.8));
#1971 = VECTOR('',#1972,1.);
#1972 = DIRECTION('',(1.,0.,-0.));
#1973 = ORIENTED_EDGE('',*,*,#953,.T.);
#1974 = ORIENTED_EDGE('',*,*,#1975,.F.);
#1975 = EDGE_CURVE('',#1976,#954,#1978,.T.);
#1976 = VERTEX_POINT('',#1977);
#1977 = CARTESIAN_POINT('',(18.,-5.2,2.8));
#1978 = LINE('',#1979,#1980);
#1979 = CARTESIAN_POINT('',(17.,-5.2,2.8));
#1980 = VECTOR('',#1981,1.);
#1981 = DIRECTION('',(1.,0.,-0.));
#1982 = ORIENTED_EDGE('',*,*,#1983,.F.);
#1983 = EDGE_CURVE('',#1984,#1976,#1986,.T.);
#1984 = VERTEX_POINT('',#1985);
#1985 = CARTESIAN_POINT('',(18.,-5.5,2.8));
#1986 = LINE('',#1987,#1988);
#1987 = CARTESIAN_POINT('',(18.,-10.8,2.8));
#1988 = VECTOR('',#1989,1.);
#1989 = DIRECTION('',(-0.,1.,0.));
#1990 = ORIENTED_EDGE('',*,*,#1991,.T.);
#1991 = EDGE_CURVE('',#1984,#1992,#1994,.T.);
#1992 = VERTEX_POINT('',#1993);
#1993 = CARTESIAN_POINT('',(19.,-5.5,2.8));
#1994 = LINE('',#1995,#1996);
#1995 = CARTESIAN_POINT('',(18.,-5.5,2.8));
#1996 = VECTOR('',#1997,1.);
#1997 = DIRECTION('',(1.,0.,-0.));
#1998 = ORIENTED_EDGE('',*,*,#1999,.F.);
#1999 = EDGE_CURVE('',#2000,#1992,#2002,.T.);
#2000 = VERTEX_POINT('',#2001);
#2001 = CARTESIAN_POINT('',(19.,-10.5,2.8));
#2002 = LINE('',#2003,#2004);
#2003 = CARTESIAN_POINT('',(19.,-10.5,2.8));
#2004 = VECTOR('',#2005,1.);
#2005 = DIRECTION('',(-0.,1.,0.));
#2006 = ORIENTED_EDGE('',*,*,#2007,.F.);
#2007 = EDGE_CURVE('',#1961,#2000,#2008,.T.);
#2008 = LINE('',#2009,#2010);
#2009 = CARTESIAN_POINT('',(18.,-10.5,2.8));
#2010 = VECTOR('',#2011,1.);
#2011 = DIRECTION('',(1.,0.,-0.));
#2012 = PLANE('',#2013);
#2013 = AXIS2_PLACEMENT_3D('',#2014,#2015,#2016);
#2014 = CARTESIAN_POINT('',(17.,-10.8,2.8));
#2015 = DIRECTION('',(0.,0.,1.));
#2016 = DIRECTION('',(1.,0.,-0.));
#2017 = ADVANCED_FACE('',(#2018),#2075,.T.);
#2018 = FACE_BOUND('',#2019,.T.);
#2019 = EDGE_LOOP('',(#2020,#2030,#2036,#2037,#2045,#2053,#2061,#2069));
#2020 = ORIENTED_EDGE('',*,*,#2021,.F.);
#2021 = EDGE_CURVE('',#2022,#2024,#2026,.T.);
#2022 = VERTEX_POINT('',#2023);
#2023 = CARTESIAN_POINT('',(18.,5.2,2.8));
#2024 = VERTEX_POINT('',#2025);
#2025 = CARTESIAN_POINT('',(18.,5.5,2.8));
#2026 = LINE('',#2027,#2028);
#2027 = CARTESIAN_POINT('',(18.,5.2,2.8));
#2028 = VECTOR('',#2029,1.);
#2029 = DIRECTION('',(-0.,1.,0.));
#2030 = ORIENTED_EDGE('',*,*,#2031,.T.);
#2031 = EDGE_CURVE('',#2022,#1008,#2032,.T.);
#2032 = LINE('',#2033,#2034);
#2033 = CARTESIAN_POINT('',(17.,5.2,2.8));
#2034 = VECTOR('',#2035,1.);
#2035 = DIRECTION('',(1.,0.,-0.));
#2036 = ORIENTED_EDGE('',*,*,#1015,.T.);
#2037 = ORIENTED_EDGE('',*,*,#2038,.F.);
#2038 = EDGE_CURVE('',#2039,#1016,#2041,.T.);
#2039 = VERTEX_POINT('',#2040);
#2040 = CARTESIAN_POINT('',(18.,10.8,2.8));
#2041 = LINE('',#2042,#2043);
#2042 = CARTESIAN_POINT('',(17.,10.8,2.8));
#2043 = VECTOR('',#2044,1.);
#2044 = DIRECTION('',(1.,0.,-0.));
#2045 = ORIENTED_EDGE('',*,*,#2046,.F.);
#2046 = EDGE_CURVE('',#2047,#2039,#2049,.T.);
#2047 = VERTEX_POINT('',#2048);
#2048 = CARTESIAN_POINT('',(18.,10.5,2.8));
#2049 = LINE('',#2050,#2051);
#2050 = CARTESIAN_POINT('',(18.,5.2,2.8));
#2051 = VECTOR('',#2052,1.);
#2052 = DIRECTION('',(-0.,1.,0.));
#2053 = ORIENTED_EDGE('',*,*,#2054,.T.);
#2054 = EDGE_CURVE('',#2047,#2055,#2057,.T.);
#2055 = VERTEX_POINT('',#2056);
#2056 = CARTESIAN_POINT('',(19.,10.5,2.8));
#2057 = LINE('',#2058,#2059);
#2058 = CARTESIAN_POINT('',(18.,10.5,2.8));
#2059 = VECTOR('',#2060,1.);
#2060 = DIRECTION('',(1.,0.,-0.));
#2061 = ORIENTED_EDGE('',*,*,#2062,.F.);
#2062 = EDGE_CURVE('',#2063,#2055,#2065,.T.);
#2063 = VERTEX_POINT('',#2064);
#2064 = CARTESIAN_POINT('',(19.,5.5,2.8));
#2065 = LINE('',#2066,#2067);
#2066 = CARTESIAN_POINT('',(19.,5.5,2.8));
#2067 = VECTOR('',#2068,1.);
#2068 = DIRECTION('',(-0.,1.,0.));
#2069 = ORIENTED_EDGE('',*,*,#2070,.F.);
#2070 = EDGE_CURVE('',#2024,#2063,#2071,.T.);
#2071 = LINE('',#2072,#2073);
#2072 = CARTESIAN_POINT('',(18.,5.5,2.8));
#2073 = VECTOR('',#2074,1.);
#2074 = DIRECTION('',(1.,0.,-0.));
#2075 = PLANE('',#2076);
#2076 = AXIS2_PLACEMENT_3D('',#2077,#2078,#2079);
#2077 = CARTESIAN_POINT('',(17.,5.2,2.8));
#2078 = DIRECTION('',(0.,0.,1.));
#2079 = DIRECTION('',(1.,0.,-0.));
#2080 = ADVANCED_FACE('',(#2081),#2138,.T.);
#2081 = FACE_BOUND('',#2082,.F.);
#2082 = EDGE_LOOP('',(#2083,#2093,#2099,#2100,#2108,#2116,#2124,#2132));
#2083 = ORIENTED_EDGE('',*,*,#2084,.T.);
#2084 = EDGE_CURVE('',#2085,#2087,#2089,.T.);
#2085 = VERTEX_POINT('',#2086);
#2086 = CARTESIAN_POINT('',(-18.,5.5,2.8));
#2087 = VERTEX_POINT('',#2088);
#2088 = CARTESIAN_POINT('',(-18.,5.2,2.8));
#2089 = LINE('',#2090,#2091);
#2090 = CARTESIAN_POINT('',(-18.,5.2,2.8));
#2091 = VECTOR('',#2092,1.);
#2092 = DIRECTION('',(0.,-1.,0.));
#2093 = ORIENTED_EDGE('',*,*,#2094,.T.);
#2094 = EDGE_CURVE('',#2087,#1168,#2095,.T.);
#2095 = LINE('',#2096,#2097);
#2096 = CARTESIAN_POINT('',(-17.,5.2,2.8));
#2097 = VECTOR('',#2098,1.);
#2098 = DIRECTION('',(-1.,-0.,-0.));
#2099 = ORIENTED_EDGE('',*,*,#1175,.T.);
#2100 = ORIENTED_EDGE('',*,*,#2101,.F.);
#2101 = EDGE_CURVE('',#2102,#1176,#2104,.T.);
#2102 = VERTEX_POINT('',#2103);
#2103 = CARTESIAN_POINT('',(-18.,10.8,2.8));
#2104 = LINE('',#2105,#2106);
#2105 = CARTESIAN_POINT('',(-17.,10.8,2.8));
#2106 = VECTOR('',#2107,1.);
#2107 = DIRECTION('',(-1.,-0.,-0.));
#2108 = ORIENTED_EDGE('',*,*,#2109,.T.);
#2109 = EDGE_CURVE('',#2102,#2110,#2112,.T.);
#2110 = VERTEX_POINT('',#2111);
#2111 = CARTESIAN_POINT('',(-18.,10.5,2.8));
#2112 = LINE('',#2113,#2114);
#2113 = CARTESIAN_POINT('',(-18.,5.2,2.8));
#2114 = VECTOR('',#2115,1.);
#2115 = DIRECTION('',(0.,-1.,0.));
#2116 = ORIENTED_EDGE('',*,*,#2117,.T.);
#2117 = EDGE_CURVE('',#2110,#2118,#2120,.T.);
#2118 = VERTEX_POINT('',#2119);
#2119 = CARTESIAN_POINT('',(-19.,10.5,2.8));
#2120 = LINE('',#2121,#2122);
#2121 = CARTESIAN_POINT('',(-18.,10.5,2.8));
#2122 = VECTOR('',#2123,1.);
#2123 = DIRECTION('',(-1.,-0.,-0.));
#2124 = ORIENTED_EDGE('',*,*,#2125,.F.);
#2125 = EDGE_CURVE('',#2126,#2118,#2128,.T.);
#2126 = VERTEX_POINT('',#2127);
#2127 = CARTESIAN_POINT('',(-19.,5.5,2.8));
#2128 = LINE('',#2129,#2130);
#2129 = CARTESIAN_POINT('',(-19.,5.5,2.8));
#2130 = VECTOR('',#2131,1.);
#2131 = DIRECTION('',(-0.,1.,-0.));
#2132 = ORIENTED_EDGE('',*,*,#2133,.F.);
#2133 = EDGE_CURVE('',#2085,#2126,#2134,.T.);
#2134 = LINE('',#2135,#2136);
#2135 = CARTESIAN_POINT('',(-18.,5.5,2.8));
#2136 = VECTOR('',#2137,1.);
#2137 = DIRECTION('',(-1.,-0.,-0.));
#2138 = PLANE('',#2139);
#2139 = AXIS2_PLACEMENT_3D('',#2140,#2141,#2142);
#2140 = CARTESIAN_POINT('',(-17.,5.2,2.8));
#2141 = DIRECTION('',(-0.,-0.,1.));
#2142 = DIRECTION('',(1.,0.,0.));
#2143 = ADVANCED_FACE('',(#2144),#2201,.T.);
#2144 = FACE_BOUND('',#2145,.F.);
#2145 = EDGE_LOOP('',(#2146,#2156,#2162,#2163,#2171,#2179,#2187,#2195));
#2146 = ORIENTED_EDGE('',*,*,#2147,.T.);
#2147 = EDGE_CURVE('',#2148,#2150,#2152,.T.);
#2148 = VERTEX_POINT('',#2149);
#2149 = CARTESIAN_POINT('',(-18.,-10.5,2.8));
#2150 = VERTEX_POINT('',#2151);
#2151 = CARTESIAN_POINT('',(-18.,-10.8,2.8));
#2152 = LINE('',#2153,#2154);
#2153 = CARTESIAN_POINT('',(-18.,-10.8,2.8));
#2154 = VECTOR('',#2155,1.);
#2155 = DIRECTION('',(0.,-1.,0.));
#2156 = ORIENTED_EDGE('',*,*,#2157,.T.);
#2157 = EDGE_CURVE('',#2150,#1230,#2158,.T.);
#2158 = LINE('',#2159,#2160);
#2159 = CARTESIAN_POINT('',(-17.,-10.8,2.8));
#2160 = VECTOR('',#2161,1.);
#2161 = DIRECTION('',(-1.,-0.,-0.));
#2162 = ORIENTED_EDGE('',*,*,#1237,.T.);
#2163 = ORIENTED_EDGE('',*,*,#2164,.F.);
#2164 = EDGE_CURVE('',#2165,#1238,#2167,.T.);
#2165 = VERTEX_POINT('',#2166);
#2166 = CARTESIAN_POINT('',(-18.,-5.2,2.8));
#2167 = LINE('',#2168,#2169);
#2168 = CARTESIAN_POINT('',(-17.,-5.2,2.8));
#2169 = VECTOR('',#2170,1.);
#2170 = DIRECTION('',(-1.,-0.,-0.));
#2171 = ORIENTED_EDGE('',*,*,#2172,.T.);
#2172 = EDGE_CURVE('',#2165,#2173,#2175,.T.);
#2173 = VERTEX_POINT('',#2174);
#2174 = CARTESIAN_POINT('',(-18.,-5.5,2.8));
#2175 = LINE('',#2176,#2177);
#2176 = CARTESIAN_POINT('',(-18.,-10.8,2.8));
#2177 = VECTOR('',#2178,1.);
#2178 = DIRECTION('',(0.,-1.,0.));
#2179 = ORIENTED_EDGE('',*,*,#2180,.T.);
#2180 = EDGE_CURVE('',#2173,#2181,#2183,.T.);
#2181 = VERTEX_POINT('',#2182);
#2182 = CARTESIAN_POINT('',(-19.,-5.5,2.8));
#2183 = LINE('',#2184,#2185);
#2184 = CARTESIAN_POINT('',(-18.,-5.5,2.8));
#2185 = VECTOR('',#2186,1.);
#2186 = DIRECTION('',(-1.,-0.,-0.));
#2187 = ORIENTED_EDGE('',*,*,#2188,.F.);
#2188 = EDGE_CURVE('',#2189,#2181,#2191,.T.);
#2189 = VERTEX_POINT('',#2190);
#2190 = CARTESIAN_POINT('',(-19.,-10.5,2.8));
#2191 = LINE('',#2192,#2193);
#2192 = CARTESIAN_POINT('',(-19.,-10.5,2.8));
#2193 = VECTOR('',#2194,1.);
#2194 = DIRECTION('',(-0.,1.,-0.));
#2195 = ORIENTED_EDGE('',*,*,#2196,.F.);
#2196 = EDGE_CURVE('',#2148,#2189,#2197,.T.);
#2197 = LINE('',#2198,#2199);
#2198 = CARTESIAN_POINT('',(-18.,-10.5,2.8));
#2199 = VECTOR('',#2200,1.);
#2200 = DIRECTION('',(-1.,-0.,-0.));
#2201 = PLANE('',#2202);
#2202 = AXIS2_PLACEMENT_3D('',#2203,#2204,#2205);
#2203 = CARTESIAN_POINT('',(-17.,-10.8,2.8));
#2204 = DIRECTION('',(-0.,-0.,1.));
#2205 = DIRECTION('',(1.,0.,0.));
#2206 = ADVANCED_FACE('',(#2207,#2232,#2238,#2244,#2250),#2256,.T.);
#2207 = FACE_BOUND('',#2208,.T.);
#2208 = EDGE_LOOP('',(#2209,#2217,#2218,#2226));
#2209 = ORIENTED_EDGE('',*,*,#2210,.F.);
#2210 = EDGE_CURVE('',#1932,#2211,#2213,.T.);
#2211 = VERTEX_POINT('',#2212);
#2212 = CARTESIAN_POINT('',(-12.16,18.685,2.8));
#2213 = LINE('',#2214,#2215);
#2214 = CARTESIAN_POINT('',(-12.16,-18.685,2.8));
#2215 = VECTOR('',#2216,1.);
#2216 = DIRECTION('',(-0.,1.,0.));
#2217 = ORIENTED_EDGE('',*,*,#1931,.T.);
#2218 = ORIENTED_EDGE('',*,*,#2219,.T.);
#2219 = EDGE_CURVE('',#1924,#2220,#2222,.T.);
#2220 = VERTEX_POINT('',#2221);
#2221 = CARTESIAN_POINT('',(12.16,18.685,2.8));
#2222 = LINE('',#2223,#2224);
#2223 = CARTESIAN_POINT('',(12.16,-18.685,2.8));
#2224 = VECTOR('',#2225,1.);
#2225 = DIRECTION('',(-0.,1.,0.));
#2226 = ORIENTED_EDGE('',*,*,#2227,.F.);
#2227 = EDGE_CURVE('',#2211,#2220,#2228,.T.);
#2228 = LINE('',#2229,#2230);
#2229 = CARTESIAN_POINT('',(-12.16,18.685,2.8));
#2230 = VECTOR('',#2231,1.);
#2231 = DIRECTION('',(1.,0.,-0.));
#2232 = FACE_BOUND('',#2233,.T.);
#2233 = EDGE_LOOP('',(#2234,#2235,#2236,#2237));
#2234 = ORIENTED_EDGE('',*,*,#1472,.T.);
#2235 = ORIENTED_EDGE('',*,*,#1431,.T.);
#2236 = ORIENTED_EDGE('',*,*,#1407,.F.);
#2237 = ORIENTED_EDGE('',*,*,#1455,.F.);
#2238 = FACE_BOUND('',#2239,.T.);
#2239 = EDGE_LOOP('',(#2240,#2241,#2242,#2243));
#2240 = ORIENTED_EDGE('',*,*,#1568,.T.);
#2241 = ORIENTED_EDGE('',*,*,#1527,.T.);
#2242 = ORIENTED_EDGE('',*,*,#1503,.F.);
#2243 = ORIENTED_EDGE('',*,*,#1551,.F.);
#2244 = FACE_BOUND('',#2245,.T.);
#2245 = EDGE_LOOP('',(#2246,#2247,#2248,#2249));
#2246 = ORIENTED_EDGE('',*,*,#1664,.T.);
#2247 = ORIENTED_EDGE('',*,*,#1623,.T.);
#2248 = ORIENTED_EDGE('',*,*,#1599,.F.);
#2249 = ORIENTED_EDGE('',*,*,#1647,.F.);
#2250 = FACE_BOUND('',#2251,.T.);
#2251 = EDGE_LOOP('',(#2252,#2253,#2254,#2255));
#2252 = ORIENTED_EDGE('',*,*,#1743,.T.);
#2253 = ORIENTED_EDGE('',*,*,#1760,.T.);
#2254 = ORIENTED_EDGE('',*,*,#1695,.F.);
#2255 = ORIENTED_EDGE('',*,*,#1719,.F.);
#2256 = PLANE('',#2257);
#2257 = AXIS2_PLACEMENT_3D('',#2258,#2259,#2260);
#2258 = CARTESIAN_POINT('',(-12.16,-18.685,2.8));
#2259 = DIRECTION('',(0.,0.,1.));
#2260 = DIRECTION('',(1.,0.,-0.));
#2261 = ADVANCED_FACE('',(#2262),#2273,.F.);
#2262 = FACE_BOUND('',#2263,.F.);
#2263 = EDGE_LOOP('',(#2264,#2265,#2266,#2272));
#2264 = ORIENTED_EDGE('',*,*,#1923,.F.);
#2265 = ORIENTED_EDGE('',*,*,#2219,.T.);
#2266 = ORIENTED_EDGE('',*,*,#2267,.T.);
#2267 = EDGE_CURVE('',#2220,#1795,#2268,.T.);
#2268 = LINE('',#2269,#2270);
#2269 = CARTESIAN_POINT('',(12.16,18.685,2.8));
#2270 = VECTOR('',#2271,1.);
#2271 = DIRECTION('',(0.,0.,1.));
#2272 = ORIENTED_EDGE('',*,*,#1802,.F.);
#2273 = PLANE('',#2274);
#2274 = AXIS2_PLACEMENT_3D('',#2275,#2276,#2277);
#2275 = CARTESIAN_POINT('',(12.16,-18.685,2.8));
#2276 = DIRECTION('',(1.,0.,-0.));
#2277 = DIRECTION('',(0.,0.,1.));
#2278 = ADVANCED_FACE('',(#2279),#2290,.F.);
#2279 = FACE_BOUND('',#2280,.F.);
#2280 = EDGE_LOOP('',(#2281,#2282,#2283,#2289));
#2281 = ORIENTED_EDGE('',*,*,#2267,.F.);
#2282 = ORIENTED_EDGE('',*,*,#2227,.F.);
#2283 = ORIENTED_EDGE('',*,*,#2284,.T.);
#2284 = EDGE_CURVE('',#2211,#1787,#2285,.T.);
#2285 = LINE('',#2286,#2287);
#2286 = CARTESIAN_POINT('',(-12.16,18.685,2.8));
#2287 = VECTOR('',#2288,1.);
#2288 = DIRECTION('',(0.,0.,1.));
#2289 = ORIENTED_EDGE('',*,*,#1794,.F.);
#2290 = PLANE('',#2291);
#2291 = AXIS2_PLACEMENT_3D('',#2292,#2293,#2294);
#2292 = CARTESIAN_POINT('',(-12.16,18.685,2.8));
#2293 = DIRECTION('',(-0.,1.,0.));
#2294 = DIRECTION('',(0.,0.,1.));
#2295 = ADVANCED_FACE('',(#2296),#2302,.T.);
#2296 = FACE_BOUND('',#2297,.T.);
#2297 = EDGE_LOOP('',(#2298,#2299,#2300,#2301));
#2298 = ORIENTED_EDGE('',*,*,#1939,.F.);
#2299 = ORIENTED_EDGE('',*,*,#2210,.T.);
#2300 = ORIENTED_EDGE('',*,*,#2284,.T.);
#2301 = ORIENTED_EDGE('',*,*,#1786,.F.);
#2302 = PLANE('',#2303);
#2303 = AXIS2_PLACEMENT_3D('',#2304,#2305,#2306);
#2304 = CARTESIAN_POINT('',(-12.16,-18.685,2.8));
#2305 = DIRECTION('',(1.,0.,-0.));
#2306 = DIRECTION('',(0.,0.,1.));
#2307 = ADVANCED_FACE('',(#2308),#2333,.T.);
#2308 = FACE_BOUND('',#2309,.T.);
#2309 = EDGE_LOOP('',(#2310,#2318,#2319,#2327));
#2310 = ORIENTED_EDGE('',*,*,#2311,.F.);
#2311 = EDGE_CURVE('',#2000,#2312,#2314,.T.);
#2312 = VERTEX_POINT('',#2313);
#2313 = CARTESIAN_POINT('',(19.,-10.5,8.3));
#2314 = LINE('',#2315,#2316);
#2315 = CARTESIAN_POINT('',(19.,-10.5,2.8));
#2316 = VECTOR('',#2317,1.);
#2317 = DIRECTION('',(0.,0.,1.));
#2318 = ORIENTED_EDGE('',*,*,#1999,.T.);
#2319 = ORIENTED_EDGE('',*,*,#2320,.T.);
#2320 = EDGE_CURVE('',#1992,#2321,#2323,.T.);
#2321 = VERTEX_POINT('',#2322);
#2322 = CARTESIAN_POINT('',(19.,-5.5,8.3));
#2323 = LINE('',#2324,#2325);
#2324 = CARTESIAN_POINT('',(19.,-5.5,2.8));
#2325 = VECTOR('',#2326,1.);
#2326 = DIRECTION('',(0.,0.,1.));
#2327 = ORIENTED_EDGE('',*,*,#2328,.F.);
#2328 = EDGE_CURVE('',#2312,#2321,#2329,.T.);
#2329 = LINE('',#2330,#2331);
#2330 = CARTESIAN_POINT('',(19.,-10.5,8.3));
#2331 = VECTOR('',#2332,1.);
#2332 = DIRECTION('',(0.,1.,0.));
#2333 = PLANE('',#2334);
#2334 = AXIS2_PLACEMENT_3D('',#2335,#2336,#2337);
#2335 = CARTESIAN_POINT('',(19.,-10.5,2.8));
#2336 = DIRECTION('',(1.,0.,-0.));
#2337 = DIRECTION('',(0.,0.,1.));
#2338 = ADVANCED_FACE('',(#2339),#2364,.T.);
#2339 = FACE_BOUND('',#2340,.T.);
#2340 = EDGE_LOOP('',(#2341,#2349,#2350,#2358));
#2341 = ORIENTED_EDGE('',*,*,#2342,.F.);
#2342 = EDGE_CURVE('',#2063,#2343,#2345,.T.);
#2343 = VERTEX_POINT('',#2344);
#2344 = CARTESIAN_POINT('',(19.,5.5,8.3));
#2345 = LINE('',#2346,#2347);
#2346 = CARTESIAN_POINT('',(19.,5.5,2.8));
#2347 = VECTOR('',#2348,1.);
#2348 = DIRECTION('',(0.,0.,1.));
#2349 = ORIENTED_EDGE('',*,*,#2062,.T.);
#2350 = ORIENTED_EDGE('',*,*,#2351,.T.);
#2351 = EDGE_CURVE('',#2055,#2352,#2354,.T.);
#2352 = VERTEX_POINT('',#2353);
#2353 = CARTESIAN_POINT('',(19.,10.5,8.3));
#2354 = LINE('',#2355,#2356);
#2355 = CARTESIAN_POINT('',(19.,10.5,2.8));
#2356 = VECTOR('',#2357,1.);
#2357 = DIRECTION('',(0.,0.,1.));
#2358 = ORIENTED_EDGE('',*,*,#2359,.F.);
#2359 = EDGE_CURVE('',#2343,#2352,#2360,.T.);
#2360 = LINE('',#2361,#2362);
#2361 = CARTESIAN_POINT('',(19.,5.5,8.3));
#2362 = VECTOR('',#2363,1.);
#2363 = DIRECTION('',(0.,1.,0.));
#2364 = PLANE('',#2365);
#2365 = AXIS2_PLACEMENT_3D('',#2366,#2367,#2368);
#2366 = CARTESIAN_POINT('',(19.,5.5,2.8));
#2367 = DIRECTION('',(1.,0.,-0.));
#2368 = DIRECTION('',(0.,0.,1.));
#2369 = ADVANCED_FACE('',(#2370),#2395,.T.);
#2370 = FACE_BOUND('',#2371,.F.);
#2371 = EDGE_LOOP('',(#2372,#2380,#2381,#2389));
#2372 = ORIENTED_EDGE('',*,*,#2373,.F.);
#2373 = EDGE_CURVE('',#2126,#2374,#2376,.T.);
#2374 = VERTEX_POINT('',#2375);
#2375 = CARTESIAN_POINT('',(-19.,5.5,8.3));
#2376 = LINE('',#2377,#2378);
#2377 = CARTESIAN_POINT('',(-19.,5.5,2.8));
#2378 = VECTOR('',#2379,1.);
#2379 = DIRECTION('',(-0.,-0.,1.));
#2380 = ORIENTED_EDGE('',*,*,#2125,.T.);
#2381 = ORIENTED_EDGE('',*,*,#2382,.T.);
#2382 = EDGE_CURVE('',#2118,#2383,#2385,.T.);
#2383 = VERTEX_POINT('',#2384);
#2384 = CARTESIAN_POINT('',(-19.,10.5,8.3));
#2385 = LINE('',#2386,#2387);
#2386 = CARTESIAN_POINT('',(-19.,10.5,2.8));
#2387 = VECTOR('',#2388,1.);
#2388 = DIRECTION('',(-0.,-0.,1.));
#2389 = ORIENTED_EDGE('',*,*,#2390,.F.);
#2390 = EDGE_CURVE('',#2374,#2383,#2391,.T.);
#2391 = LINE('',#2392,#2393);
#2392 = CARTESIAN_POINT('',(-19.,5.5,8.3));
#2393 = VECTOR('',#2394,1.);
#2394 = DIRECTION('',(-0.,1.,-0.));
#2395 = PLANE('',#2396);
#2396 = AXIS2_PLACEMENT_3D('',#2397,#2398,#2399);
#2397 = CARTESIAN_POINT('',(-19.,5.5,2.8));
#2398 = DIRECTION('',(-1.,-0.,-0.));
#2399 = DIRECTION('',(0.,0.,-1.));
#2400 = ADVANCED_FACE('',(#2401),#2426,.T.);
#2401 = FACE_BOUND('',#2402,.F.);
#2402 = EDGE_LOOP('',(#2403,#2411,#2412,#2420));
#2403 = ORIENTED_EDGE('',*,*,#2404,.F.);
#2404 = EDGE_CURVE('',#2189,#2405,#2407,.T.);
#2405 = VERTEX_POINT('',#2406);
#2406 = CARTESIAN_POINT('',(-19.,-10.5,8.3));
#2407 = LINE('',#2408,#2409);
#2408 = CARTESIAN_POINT('',(-19.,-10.5,2.8));
#2409 = VECTOR('',#2410,1.);
#2410 = DIRECTION('',(-0.,-0.,1.));
#2411 = ORIENTED_EDGE('',*,*,#2188,.T.);
#2412 = ORIENTED_EDGE('',*,*,#2413,.T.);
#2413 = EDGE_CURVE('',#2181,#2414,#2416,.T.);
#2414 = VERTEX_POINT('',#2415);
#2415 = CARTESIAN_POINT('',(-19.,-5.5,8.3));
#2416 = LINE('',#2417,#2418);
#2417 = CARTESIAN_POINT('',(-19.,-5.5,2.8));
#2418 = VECTOR('',#2419,1.);
#2419 = DIRECTION('',(-0.,-0.,1.));
#2420 = ORIENTED_EDGE('',*,*,#2421,.F.);
#2421 = EDGE_CURVE('',#2405,#2414,#2422,.T.);
#2422 = LINE('',#2423,#2424);
#2423 = CARTESIAN_POINT('',(-19.,-10.5,8.3));
#2424 = VECTOR('',#2425,1.);
#2425 = DIRECTION('',(-0.,1.,-0.));
#2426 = PLANE('',#2427);
#2427 = AXIS2_PLACEMENT_3D('',#2428,#2429,#2430);
#2428 = CARTESIAN_POINT('',(-19.,-10.5,2.8));
#2429 = DIRECTION('',(-1.,-0.,-0.));
#2430 = DIRECTION('',(0.,0.,-1.));
#2431 = ADVANCED_FACE('',(#2432),#2457,.T.);
#2432 = FACE_BOUND('',#2433,.T.);
#2433 = EDGE_LOOP('',(#2434,#2442,#2443,#2451));
#2434 = ORIENTED_EDGE('',*,*,#2435,.F.);
#2435 = EDGE_CURVE('',#2312,#2436,#2438,.T.);
#2436 = VERTEX_POINT('',#2437);
#2437 = CARTESIAN_POINT('',(19.5,-10.5,8.3));
#2438 = LINE('',#2439,#2440);
#2439 = CARTESIAN_POINT('',(18.9,-10.5,8.3));
#2440 = VECTOR('',#2441,1.);
#2441 = DIRECTION('',(1.,0.,0.));
#2442 = ORIENTED_EDGE('',*,*,#2328,.T.);
#2443 = ORIENTED_EDGE('',*,*,#2444,.T.);
#2444 = EDGE_CURVE('',#2321,#2445,#2447,.T.);
#2445 = VERTEX_POINT('',#2446);
#2446 = CARTESIAN_POINT('',(19.5,-5.5,8.3));
#2447 = LINE('',#2448,#2449);
#2448 = CARTESIAN_POINT('',(18.9,-5.5,8.3));
#2449 = VECTOR('',#2450,1.);
#2450 = DIRECTION('',(1.,0.,0.));
#2451 = ORIENTED_EDGE('',*,*,#2452,.F.);
#2452 = EDGE_CURVE('',#2436,#2445,#2453,.T.);
#2453 = LINE('',#2454,#2455);
#2454 = CARTESIAN_POINT('',(19.5,-10.5,8.3));
#2455 = VECTOR('',#2456,1.);
#2456 = DIRECTION('',(0.,1.,0.));
#2457 = PLANE('',#2458);
#2458 = AXIS2_PLACEMENT_3D('',#2459,#2460,#2461);
#2459 = CARTESIAN_POINT('',(18.9,-10.5,8.3));
#2460 = DIRECTION('',(0.,0.,-1.));
#2461 = DIRECTION('',(1.,0.,0.));
#2462 = ADVANCED_FACE('',(#2463),#2488,.T.);
#2463 = FACE_BOUND('',#2464,.T.);
#2464 = EDGE_LOOP('',(#2465,#2473,#2474,#2482));
#2465 = ORIENTED_EDGE('',*,*,#2466,.F.);
#2466 = EDGE_CURVE('',#2343,#2467,#2469,.T.);
#2467 = VERTEX_POINT('',#2468);
#2468 = CARTESIAN_POINT('',(19.5,5.5,8.3));
#2469 = LINE('',#2470,#2471);
#2470 = CARTESIAN_POINT('',(18.9,5.5,8.3));
#2471 = VECTOR('',#2472,1.);
#2472 = DIRECTION('',(1.,0.,0.));
#2473 = ORIENTED_EDGE('',*,*,#2359,.T.);
#2474 = ORIENTED_EDGE('',*,*,#2475,.T.);
#2475 = EDGE_CURVE('',#2352,#2476,#2478,.T.);
#2476 = VERTEX_POINT('',#2477);
#2477 = CARTESIAN_POINT('',(19.5,10.5,8.3));
#2478 = LINE('',#2479,#2480);
#2479 = CARTESIAN_POINT('',(18.9,10.5,8.3));
#2480 = VECTOR('',#2481,1.);
#2481 = DIRECTION('',(1.,0.,0.));
#2482 = ORIENTED_EDGE('',*,*,#2483,.F.);
#2483 = EDGE_CURVE('',#2467,#2476,#2484,.T.);
#2484 = LINE('',#2485,#2486);
#2485 = CARTESIAN_POINT('',(19.5,5.5,8.3));
#2486 = VECTOR('',#2487,1.);
#2487 = DIRECTION('',(0.,1.,0.));
#2488 = PLANE('',#2489);
#2489 = AXIS2_PLACEMENT_3D('',#2490,#2491,#2492);
#2490 = CARTESIAN_POINT('',(18.9,5.5,8.3));
#2491 = DIRECTION('',(0.,0.,-1.));
#2492 = DIRECTION('',(1.,0.,0.));
#2493 = ADVANCED_FACE('',(#2494),#2519,.T.);
#2494 = FACE_BOUND('',#2495,.F.);
#2495 = EDGE_LOOP('',(#2496,#2504,#2505,#2513));
#2496 = ORIENTED_EDGE('',*,*,#2497,.F.);
#2497 = EDGE_CURVE('',#2374,#2498,#2500,.T.);
#2498 = VERTEX_POINT('',#2499);
#2499 = CARTESIAN_POINT('',(-19.5,5.5,8.3));
#2500 = LINE('',#2501,#2502);
#2501 = CARTESIAN_POINT('',(-18.9,5.5,8.3));
#2502 = VECTOR('',#2503,1.);
#2503 = DIRECTION('',(-1.,-0.,-0.));
#2504 = ORIENTED_EDGE('',*,*,#2390,.T.);
#2505 = ORIENTED_EDGE('',*,*,#2506,.T.);
#2506 = EDGE_CURVE('',#2383,#2507,#2509,.T.);
#2507 = VERTEX_POINT('',#2508);
#2508 = CARTESIAN_POINT('',(-19.5,10.5,8.3));
#2509 = LINE('',#2510,#2511);
#2510 = CARTESIAN_POINT('',(-18.9,10.5,8.3));
#2511 = VECTOR('',#2512,1.);
#2512 = DIRECTION('',(-1.,-0.,-0.));
#2513 = ORIENTED_EDGE('',*,*,#2514,.F.);
#2514 = EDGE_CURVE('',#2498,#2507,#2515,.T.);
#2515 = LINE('',#2516,#2517);
#2516 = CARTESIAN_POINT('',(-19.5,5.5,8.3));
#2517 = VECTOR('',#2518,1.);
#2518 = DIRECTION('',(-0.,1.,-0.));
#2519 = PLANE('',#2520);
#2520 = AXIS2_PLACEMENT_3D('',#2521,#2522,#2523);
#2521 = CARTESIAN_POINT('',(-18.9,5.5,8.3));
#2522 = DIRECTION('',(-0.,-0.,-1.));
#2523 = DIRECTION('',(1.,0.,0.));
#2524 = ADVANCED_FACE('',(#2525),#2550,.T.);
#2525 = FACE_BOUND('',#2526,.F.);
#2526 = EDGE_LOOP('',(#2527,#2535,#2536,#2544));
#2527 = ORIENTED_EDGE('',*,*,#2528,.F.);
#2528 = EDGE_CURVE('',#2405,#2529,#2531,.T.);
#2529 = VERTEX_POINT('',#2530);
#2530 = CARTESIAN_POINT('',(-19.5,-10.5,8.3));
#2531 = LINE('',#2532,#2533);
#2532 = CARTESIAN_POINT('',(-18.9,-10.5,8.3));
#2533 = VECTOR('',#2534,1.);
#2534 = DIRECTION('',(-1.,-0.,-0.));
#2535 = ORIENTED_EDGE('',*,*,#2421,.T.);
#2536 = ORIENTED_EDGE('',*,*,#2537,.T.);
#2537 = EDGE_CURVE('',#2414,#2538,#2540,.T.);
#2538 = VERTEX_POINT('',#2539);
#2539 = CARTESIAN_POINT('',(-19.5,-5.5,8.3));
#2540 = LINE('',#2541,#2542);
#2541 = CARTESIAN_POINT('',(-18.9,-5.5,8.3));
#2542 = VECTOR('',#2543,1.);
#2543 = DIRECTION('',(-1.,-0.,-0.));
#2544 = ORIENTED_EDGE('',*,*,#2545,.F.);
#2545 = EDGE_CURVE('',#2529,#2538,#2546,.T.);
#2546 = LINE('',#2547,#2548);
#2547 = CARTESIAN_POINT('',(-19.5,-10.5,8.3));
#2548 = VECTOR('',#2549,1.);
#2549 = DIRECTION('',(-0.,1.,-0.));
#2550 = PLANE('',#2551);
#2551 = AXIS2_PLACEMENT_3D('',#2552,#2553,#2554);
#2552 = CARTESIAN_POINT('',(-18.9,-10.5,8.3));
#2553 = DIRECTION('',(-0.,-0.,-1.));
#2554 = DIRECTION('',(1.,0.,0.));
#2555 = ADVANCED_FACE('',(#2556),#2581,.T.);
#2556 = FACE_BOUND('',#2557,.T.);
#2557 = EDGE_LOOP('',(#2558,#2566,#2567,#2575));
#2558 = ORIENTED_EDGE('',*,*,#2559,.F.);
#2559 = EDGE_CURVE('',#2436,#2560,#2562,.T.);
#2560 = VERTEX_POINT('',#2561);
#2561 = CARTESIAN_POINT('',(19.,-10.5,9.466666666667));
#2562 = LINE('',#2563,#2564);
#2563 = CARTESIAN_POINT('',(19.5,-10.5,8.3));
#2564 = VECTOR('',#2565,1.);
#2565 = DIRECTION('',(-0.393919298579,0.,0.919145030018));
#2566 = ORIENTED_EDGE('',*,*,#2452,.T.);
#2567 = ORIENTED_EDGE('',*,*,#2568,.T.);
#2568 = EDGE_CURVE('',#2445,#2569,#2571,.T.);
#2569 = VERTEX_POINT('',#2570);
#2570 = CARTESIAN_POINT('',(19.,-5.5,9.466666666667));
#2571 = LINE('',#2572,#2573);
#2572 = CARTESIAN_POINT('',(19.5,-5.5,8.3));
#2573 = VECTOR('',#2574,1.);
#2574 = DIRECTION('',(-0.393919298579,0.,0.919145030018));
#2575 = ORIENTED_EDGE('',*,*,#2576,.T.);
#2576 = EDGE_CURVE('',#2569,#2560,#2577,.T.);
#2577 = LINE('',#2578,#2579);
#2578 = CARTESIAN_POINT('',(19.,-10.5,9.466666666667));
#2579 = VECTOR('',#2580,1.);
#2580 = DIRECTION('',(0.,-1.,-0.));
#2581 = PLANE('',#2582);
#2582 = AXIS2_PLACEMENT_3D('',#2583,#2584,#2585);
#2583 = CARTESIAN_POINT('',(19.5,-10.5,8.3));
#2584 = DIRECTION('',(0.919145030018,-0.,0.393919298579));
#2585 = DIRECTION('',(-0.393919298579,0.,0.919145030018));
#2586 = ADVANCED_FACE('',(#2587),#2612,.T.);
#2587 = FACE_BOUND('',#2588,.T.);
#2588 = EDGE_LOOP('',(#2589,#2597,#2598,#2606));
#2589 = ORIENTED_EDGE('',*,*,#2590,.F.);
#2590 = EDGE_CURVE('',#2467,#2591,#2593,.T.);
#2591 = VERTEX_POINT('',#2592);
#2592 = CARTESIAN_POINT('',(19.,5.5,9.466666666667));
#2593 = LINE('',#2594,#2595);
#2594 = CARTESIAN_POINT('',(19.5,5.5,8.3));
#2595 = VECTOR('',#2596,1.);
#2596 = DIRECTION('',(-0.393919298579,0.,0.919145030018));
#2597 = ORIENTED_EDGE('',*,*,#2483,.T.);
#2598 = ORIENTED_EDGE('',*,*,#2599,.T.);
#2599 = EDGE_CURVE('',#2476,#2600,#2602,.T.);
#2600 = VERTEX_POINT('',#2601);
#2601 = CARTESIAN_POINT('',(19.,10.5,9.466666666667));
#2602 = LINE('',#2603,#2604);
#2603 = CARTESIAN_POINT('',(19.5,10.5,8.3));
#2604 = VECTOR('',#2605,1.);
#2605 = DIRECTION('',(-0.393919298579,0.,0.919145030018));
#2606 = ORIENTED_EDGE('',*,*,#2607,.T.);
#2607 = EDGE_CURVE('',#2600,#2591,#2608,.T.);
#2608 = LINE('',#2609,#2610);
#2609 = CARTESIAN_POINT('',(19.,5.5,9.466666666667));
#2610 = VECTOR('',#2611,1.);
#2611 = DIRECTION('',(0.,-1.,-0.));
#2612 = PLANE('',#2613);
#2613 = AXIS2_PLACEMENT_3D('',#2614,#2615,#2616);
#2614 = CARTESIAN_POINT('',(19.5,5.5,8.3));
#2615 = DIRECTION('',(0.919145030018,-0.,0.393919298579));
#2616 = DIRECTION('',(-0.393919298579,0.,0.919145030018));
#2617 = ADVANCED_FACE('',(#2618),#2643,.T.);
#2618 = FACE_BOUND('',#2619,.F.);
#2619 = EDGE_LOOP('',(#2620,#2628,#2629,#2637));
#2620 = ORIENTED_EDGE('',*,*,#2621,.F.);
#2621 = EDGE_CURVE('',#2498,#2622,#2624,.T.);
#2622 = VERTEX_POINT('',#2623);
#2623 = CARTESIAN_POINT('',(-19.,5.5,9.466666666667));
#2624 = LINE('',#2625,#2626);
#2625 = CARTESIAN_POINT('',(-19.5,5.5,8.3));
#2626 = VECTOR('',#2627,1.);
#2627 = DIRECTION('',(0.393919298579,-0.,0.919145030018));
#2628 = ORIENTED_EDGE('',*,*,#2514,.T.);
#2629 = ORIENTED_EDGE('',*,*,#2630,.T.);
#2630 = EDGE_CURVE('',#2507,#2631,#2633,.T.);
#2631 = VERTEX_POINT('',#2632);
#2632 = CARTESIAN_POINT('',(-19.,10.5,9.466666666667));
#2633 = LINE('',#2634,#2635);
#2634 = CARTESIAN_POINT('',(-19.5,10.5,8.3));
#2635 = VECTOR('',#2636,1.);
#2636 = DIRECTION('',(0.393919298579,-0.,0.919145030018));
#2637 = ORIENTED_EDGE('',*,*,#2638,.T.);
#2638 = EDGE_CURVE('',#2631,#2622,#2639,.T.);
#2639 = LINE('',#2640,#2641);
#2640 = CARTESIAN_POINT('',(-19.,5.5,9.466666666667));
#2641 = VECTOR('',#2642,1.);
#2642 = DIRECTION('',(-0.,-1.,-0.));
#2643 = PLANE('',#2644);
#2644 = AXIS2_PLACEMENT_3D('',#2645,#2646,#2647);
#2645 = CARTESIAN_POINT('',(-19.5,5.5,8.3));
#2646 = DIRECTION('',(-0.919145030018,-0.,0.393919298579));
#2647 = DIRECTION('',(-0.393919298579,0.,-0.919145030018));
#2648 = ADVANCED_FACE('',(#2649),#2674,.T.);
#2649 = FACE_BOUND('',#2650,.F.);
#2650 = EDGE_LOOP('',(#2651,#2659,#2660,#2668));
#2651 = ORIENTED_EDGE('',*,*,#2652,.F.);
#2652 = EDGE_CURVE('',#2529,#2653,#2655,.T.);
#2653 = VERTEX_POINT('',#2654);
#2654 = CARTESIAN_POINT('',(-19.,-10.5,9.466666666667));
#2655 = LINE('',#2656,#2657);
#2656 = CARTESIAN_POINT('',(-19.5,-10.5,8.3));
#2657 = VECTOR('',#2658,1.);
#2658 = DIRECTION('',(0.393919298579,-0.,0.919145030018));
#2659 = ORIENTED_EDGE('',*,*,#2545,.T.);
#2660 = ORIENTED_EDGE('',*,*,#2661,.T.);
#2661 = EDGE_CURVE('',#2538,#2662,#2664,.T.);
#2662 = VERTEX_POINT('',#2663);
#2663 = CARTESIAN_POINT('',(-19.,-5.5,9.466666666667));
#2664 = LINE('',#2665,#2666);
#2665 = CARTESIAN_POINT('',(-19.5,-5.5,8.3));
#2666 = VECTOR('',#2667,1.);
#2667 = DIRECTION('',(0.393919298579,-0.,0.919145030018));
#2668 = ORIENTED_EDGE('',*,*,#2669,.T.);
#2669 = EDGE_CURVE('',#2662,#2653,#2670,.T.);
#2670 = LINE('',#2671,#2672);
#2671 = CARTESIAN_POINT('',(-19.,-10.5,9.466666666667));
#2672 = VECTOR('',#2673,1.);
#2673 = DIRECTION('',(-0.,-1.,-0.));
#2674 = PLANE('',#2675);
#2675 = AXIS2_PLACEMENT_3D('',#2676,#2677,#2678);
#2676 = CARTESIAN_POINT('',(-19.5,-10.5,8.3));
#2677 = DIRECTION('',(-0.919145030018,-0.,0.393919298579));
#2678 = DIRECTION('',(-0.393919298579,0.,-0.919145030018));
#2679 = ADVANCED_FACE('',(#2680),#2705,.T.);
#2680 = FACE_BOUND('',#2681,.T.);
#2681 = EDGE_LOOP('',(#2682,#2690,#2691,#2699));
#2682 = ORIENTED_EDGE('',*,*,#2683,.F.);
#2683 = EDGE_CURVE('',#2560,#2684,#2686,.T.);
#2684 = VERTEX_POINT('',#2685);
#2685 = CARTESIAN_POINT('',(19.,-10.5,9.7));
#2686 = LINE('',#2687,#2688);
#2687 = CARTESIAN_POINT('',(19.,-10.5,2.8));
#2688 = VECTOR('',#2689,1.);
#2689 = DIRECTION('',(0.,0.,1.));
#2690 = ORIENTED_EDGE('',*,*,#2576,.F.);
#2691 = ORIENTED_EDGE('',*,*,#2692,.T.);
#2692 = EDGE_CURVE('',#2569,#2693,#2695,.T.);
#2693 = VERTEX_POINT('',#2694);
#2694 = CARTESIAN_POINT('',(19.,-5.5,9.7));
#2695 = LINE('',#2696,#2697);
#2696 = CARTESIAN_POINT('',(19.,-5.5,2.8));
#2697 = VECTOR('',#2698,1.);
#2698 = DIRECTION('',(0.,0.,1.));
#2699 = ORIENTED_EDGE('',*,*,#2700,.F.);
#2700 = EDGE_CURVE('',#2684,#2693,#2701,.T.);
#2701 = LINE('',#2702,#2703);
#2702 = CARTESIAN_POINT('',(19.,-10.5,9.7));
#2703 = VECTOR('',#2704,1.);
#2704 = DIRECTION('',(-0.,1.,0.));
#2705 = PLANE('',#2706);
#2706 = AXIS2_PLACEMENT_3D('',#2707,#2708,#2709);
#2707 = CARTESIAN_POINT('',(19.,-10.5,2.8));
#2708 = DIRECTION('',(1.,0.,-0.));
#2709 = DIRECTION('',(0.,0.,1.));
#2710 = ADVANCED_FACE('',(#2711),#2736,.T.);
#2711 = FACE_BOUND('',#2712,.T.);
#2712 = EDGE_LOOP('',(#2713,#2721,#2722,#2730));
#2713 = ORIENTED_EDGE('',*,*,#2714,.F.);
#2714 = EDGE_CURVE('',#2591,#2715,#2717,.T.);
#2715 = VERTEX_POINT('',#2716);
#2716 = CARTESIAN_POINT('',(19.,5.5,9.7));
#2717 = LINE('',#2718,#2719);
#2718 = CARTESIAN_POINT('',(19.,5.5,2.8));
#2719 = VECTOR('',#2720,1.);
#2720 = DIRECTION('',(0.,0.,1.));
#2721 = ORIENTED_EDGE('',*,*,#2607,.F.);
#2722 = ORIENTED_EDGE('',*,*,#2723,.T.);
#2723 = EDGE_CURVE('',#2600,#2724,#2726,.T.);
#2724 = VERTEX_POINT('',#2725);
#2725 = CARTESIAN_POINT('',(19.,10.5,9.7));
#2726 = LINE('',#2727,#2728);
#2727 = CARTESIAN_POINT('',(19.,10.5,2.8));
#2728 = VECTOR('',#2729,1.);
#2729 = DIRECTION('',(0.,0.,1.));
#2730 = ORIENTED_EDGE('',*,*,#2731,.F.);
#2731 = EDGE_CURVE('',#2715,#2724,#2732,.T.);
#2732 = LINE('',#2733,#2734);
#2733 = CARTESIAN_POINT('',(19.,5.5,9.7));
#2734 = VECTOR('',#2735,1.);
#2735 = DIRECTION('',(-0.,1.,0.));
#2736 = PLANE('',#2737);
#2737 = AXIS2_PLACEMENT_3D('',#2738,#2739,#2740);
#2738 = CARTESIAN_POINT('',(19.,5.5,2.8));
#2739 = DIRECTION('',(1.,0.,-0.));
#2740 = DIRECTION('',(0.,0.,1.));
#2741 = ADVANCED_FACE('',(#2742),#2767,.T.);
#2742 = FACE_BOUND('',#2743,.F.);
#2743 = EDGE_LOOP('',(#2744,#2752,#2753,#2761));
#2744 = ORIENTED_EDGE('',*,*,#2745,.F.);
#2745 = EDGE_CURVE('',#2622,#2746,#2748,.T.);
#2746 = VERTEX_POINT('',#2747);
#2747 = CARTESIAN_POINT('',(-19.,5.5,9.7));
#2748 = LINE('',#2749,#2750);
#2749 = CARTESIAN_POINT('',(-19.,5.5,2.8));
#2750 = VECTOR('',#2751,1.);
#2751 = DIRECTION('',(-0.,-0.,1.));
#2752 = ORIENTED_EDGE('',*,*,#2638,.F.);
#2753 = ORIENTED_EDGE('',*,*,#2754,.T.);
#2754 = EDGE_CURVE('',#2631,#2755,#2757,.T.);
#2755 = VERTEX_POINT('',#2756);
#2756 = CARTESIAN_POINT('',(-19.,10.5,9.7));
#2757 = LINE('',#2758,#2759);
#2758 = CARTESIAN_POINT('',(-19.,10.5,2.8));
#2759 = VECTOR('',#2760,1.);
#2760 = DIRECTION('',(-0.,-0.,1.));
#2761 = ORIENTED_EDGE('',*,*,#2762,.F.);
#2762 = EDGE_CURVE('',#2746,#2755,#2763,.T.);
#2763 = LINE('',#2764,#2765);
#2764 = CARTESIAN_POINT('',(-19.,5.5,9.7));
#2765 = VECTOR('',#2766,1.);
#2766 = DIRECTION('',(-0.,1.,-0.));
#2767 = PLANE('',#2768);
#2768 = AXIS2_PLACEMENT_3D('',#2769,#2770,#2771);
#2769 = CARTESIAN_POINT('',(-19.,5.5,2.8));
#2770 = DIRECTION('',(-1.,-0.,-0.));
#2771 = DIRECTION('',(0.,0.,-1.));
#2772 = ADVANCED_FACE('',(#2773),#2798,.T.);
#2773 = FACE_BOUND('',#2774,.F.);
#2774 = EDGE_LOOP('',(#2775,#2783,#2784,#2792));
#2775 = ORIENTED_EDGE('',*,*,#2776,.F.);
#2776 = EDGE_CURVE('',#2653,#2777,#2779,.T.);
#2777 = VERTEX_POINT('',#2778);
#2778 = CARTESIAN_POINT('',(-19.,-10.5,9.7));
#2779 = LINE('',#2780,#2781);
#2780 = CARTESIAN_POINT('',(-19.,-10.5,2.8));
#2781 = VECTOR('',#2782,1.);
#2782 = DIRECTION('',(-0.,-0.,1.));
#2783 = ORIENTED_EDGE('',*,*,#2669,.F.);
#2784 = ORIENTED_EDGE('',*,*,#2785,.T.);
#2785 = EDGE_CURVE('',#2662,#2786,#2788,.T.);
#2786 = VERTEX_POINT('',#2787);
#2787 = CARTESIAN_POINT('',(-19.,-5.5,9.7));
#2788 = LINE('',#2789,#2790);
#2789 = CARTESIAN_POINT('',(-19.,-5.5,2.8));
#2790 = VECTOR('',#2791,1.);
#2791 = DIRECTION('',(-0.,-0.,1.));
#2792 = ORIENTED_EDGE('',*,*,#2793,.F.);
#2793 = EDGE_CURVE('',#2777,#2786,#2794,.T.);
#2794 = LINE('',#2795,#2796);
#2795 = CARTESIAN_POINT('',(-19.,-10.5,9.7));
#2796 = VECTOR('',#2797,1.);
#2797 = DIRECTION('',(-0.,1.,-0.));
#2798 = PLANE('',#2799);
#2799 = AXIS2_PLACEMENT_3D('',#2800,#2801,#2802);
#2800 = CARTESIAN_POINT('',(-19.,-10.5,2.8));
#2801 = DIRECTION('',(-1.,-0.,-0.));
#2802 = DIRECTION('',(0.,0.,-1.));
#2803 = ADVANCED_FACE('',(#2804),#2824,.T.);
#2804 = FACE_BOUND('',#2805,.T.);
#2805 = EDGE_LOOP('',(#2806,#2807,#2808,#2814,#2815,#2821,#2822,#2823));
#2806 = ORIENTED_EDGE('',*,*,#945,.F.);
#2807 = ORIENTED_EDGE('',*,*,#1968,.F.);
#2808 = ORIENTED_EDGE('',*,*,#2809,.F.);
#2809 = EDGE_CURVE('',#476,#1959,#2810,.T.);
#2810 = LINE('',#2811,#2812);
#2811 = CARTESIAN_POINT('',(18.,-10.8,-0.1));
#2812 = VECTOR('',#2813,1.);
#2813 = DIRECTION('',(0.,0.,1.));
#2814 = ORIENTED_EDGE('',*,*,#475,.F.);
#2815 = ORIENTED_EDGE('',*,*,#2816,.T.);
#2816 = EDGE_CURVE('',#468,#1821,#2817,.T.);
#2817 = LINE('',#2818,#2819);
#2818 = CARTESIAN_POINT('',(17.,-10.8,-0.1));
#2819 = VECTOR('',#2820,1.);
#2820 = DIRECTION('',(0.,0.,1.));
#2821 = ORIENTED_EDGE('',*,*,#1820,.F.);
#2822 = ORIENTED_EDGE('',*,*,#923,.F.);
#2823 = ORIENTED_EDGE('',*,*,#259,.F.);
#2824 = PLANE('',#2825);
#2825 = AXIS2_PLACEMENT_3D('',#2826,#2827,#2828);
#2826 = CARTESIAN_POINT('',(18.169291338583,-10.8,4.960236220472));
#2827 = DIRECTION('',(0.,1.,0.));
#2828 = DIRECTION('',(0.,-0.,1.));
#2829 = ADVANCED_FACE('',(#2830),#2850,.T.);
#2830 = FACE_BOUND('',#2831,.T.);
#2831 = EDGE_LOOP('',(#2832,#2833,#2834,#2835,#2836,#2842,#2843,#2849));
#2832 = ORIENTED_EDGE('',*,*,#1229,.T.);
#2833 = ORIENTED_EDGE('',*,*,#113,.T.);
#2834 = ORIENTED_EDGE('',*,*,#1269,.F.);
#2835 = ORIENTED_EDGE('',*,*,#1909,.T.);
#2836 = ORIENTED_EDGE('',*,*,#2837,.F.);
#2837 = EDGE_CURVE('',#528,#1902,#2838,.T.);
#2838 = LINE('',#2839,#2840);
#2839 = CARTESIAN_POINT('',(-17.,-10.8,2.8));
#2840 = VECTOR('',#2841,1.);
#2841 = DIRECTION('',(-0.,-0.,1.));
#2842 = ORIENTED_EDGE('',*,*,#551,.T.);
#2843 = ORIENTED_EDGE('',*,*,#2844,.T.);
#2844 = EDGE_CURVE('',#544,#2150,#2845,.T.);
#2845 = LINE('',#2846,#2847);
#2846 = CARTESIAN_POINT('',(-18.,-10.8,-0.1));
#2847 = VECTOR('',#2848,1.);
#2848 = DIRECTION('',(-0.,-0.,1.));
#2849 = ORIENTED_EDGE('',*,*,#2157,.T.);
#2850 = PLANE('',#2851);
#2851 = AXIS2_PLACEMENT_3D('',#2852,#2853,#2854);
#2852 = CARTESIAN_POINT('',(-18.16929133858,-10.8,4.960236220472));
#2853 = DIRECTION('',(0.,1.,0.));
#2854 = DIRECTION('',(0.,-0.,1.));
#2855 = ADVANCED_FACE('',(#2856),#2876,.T.);
#2856 = FACE_BOUND('',#2857,.T.);
#2857 = EDGE_LOOP('',(#2858,#2859,#2860,#2861,#2862,#2868,#2869,#2875));
#2858 = ORIENTED_EDGE('',*,*,#961,.T.);
#2859 = ORIENTED_EDGE('',*,*,#243,.T.);
#2860 = ORIENTED_EDGE('',*,*,#976,.T.);
#2861 = ORIENTED_EDGE('',*,*,#1836,.T.);
#2862 = ORIENTED_EDGE('',*,*,#2863,.F.);
#2863 = EDGE_CURVE('',#458,#1829,#2864,.T.);
#2864 = LINE('',#2865,#2866);
#2865 = CARTESIAN_POINT('',(17.,-5.2,2.8));
#2866 = VECTOR('',#2867,1.);
#2867 = DIRECTION('',(0.,0.,1.));
#2868 = ORIENTED_EDGE('',*,*,#457,.T.);
#2869 = ORIENTED_EDGE('',*,*,#2870,.T.);
#2870 = EDGE_CURVE('',#460,#1976,#2871,.T.);
#2871 = LINE('',#2872,#2873);
#2872 = CARTESIAN_POINT('',(18.,-5.2,-0.1));
#2873 = VECTOR('',#2874,1.);
#2874 = DIRECTION('',(0.,0.,1.));
#2875 = ORIENTED_EDGE('',*,*,#1975,.T.);
#2876 = PLANE('',#2877);
#2877 = AXIS2_PLACEMENT_3D('',#2878,#2879,#2880);
#2878 = CARTESIAN_POINT('',(18.169291338583,-5.2,4.960236220472));
#2879 = DIRECTION('',(-0.,-1.,-0.));
#2880 = DIRECTION('',(0.,0.,-1.));
#2881 = ADVANCED_FACE('',(#2882),#2902,.T.);
#2882 = FACE_BOUND('',#2883,.T.);
#2883 = EDGE_LOOP('',(#2884,#2885,#2886,#2892,#2893,#2899,#2900,#2901));
#2884 = ORIENTED_EDGE('',*,*,#1245,.F.);
#2885 = ORIENTED_EDGE('',*,*,#2164,.F.);
#2886 = ORIENTED_EDGE('',*,*,#2887,.F.);
#2887 = EDGE_CURVE('',#536,#2165,#2888,.T.);
#2888 = LINE('',#2889,#2890);
#2889 = CARTESIAN_POINT('',(-18.,-5.2,-0.1));
#2890 = VECTOR('',#2891,1.);
#2891 = DIRECTION('',(-0.,-0.,1.));
#2892 = ORIENTED_EDGE('',*,*,#535,.F.);
#2893 = ORIENTED_EDGE('',*,*,#2894,.T.);
#2894 = EDGE_CURVE('',#526,#1894,#2895,.T.);
#2895 = LINE('',#2896,#2897);
#2896 = CARTESIAN_POINT('',(-17.,-5.2,-0.1));
#2897 = VECTOR('',#2898,1.);
#2898 = DIRECTION('',(-0.,-0.,1.));
#2899 = ORIENTED_EDGE('',*,*,#1893,.F.);
#2900 = ORIENTED_EDGE('',*,*,#1208,.T.);
#2901 = ORIENTED_EDGE('',*,*,#129,.F.);
#2902 = PLANE('',#2903);
#2903 = AXIS2_PLACEMENT_3D('',#2904,#2905,#2906);
#2904 = CARTESIAN_POINT('',(-18.16929133858,-5.2,4.960236220472));
#2905 = DIRECTION('',(-0.,-1.,-0.));
#2906 = DIRECTION('',(0.,0.,-1.));
#2907 = ADVANCED_FACE('',(#2908),#2928,.T.);
#2908 = FACE_BOUND('',#2909,.T.);
#2909 = EDGE_LOOP('',(#2910,#2911,#2912,#2918,#2919,#2925,#2926,#2927));
#2910 = ORIENTED_EDGE('',*,*,#1007,.F.);
#2911 = ORIENTED_EDGE('',*,*,#2031,.F.);
#2912 = ORIENTED_EDGE('',*,*,#2913,.F.);
#2913 = EDGE_CURVE('',#612,#2022,#2914,.T.);
#2914 = LINE('',#2915,#2916);
#2915 = CARTESIAN_POINT('',(18.,5.2,-0.1));
#2916 = VECTOR('',#2917,1.);
#2917 = DIRECTION('',(0.,0.,1.));
#2918 = ORIENTED_EDGE('',*,*,#611,.F.);
#2919 = ORIENTED_EDGE('',*,*,#2920,.T.);
#2920 = EDGE_CURVE('',#604,#1844,#2921,.T.);
#2921 = LINE('',#2922,#2923);
#2922 = CARTESIAN_POINT('',(17.,5.2,-0.1));
#2923 = VECTOR('',#2924,1.);
#2924 = DIRECTION('',(0.,0.,1.));
#2925 = ORIENTED_EDGE('',*,*,#1843,.F.);
#2926 = ORIENTED_EDGE('',*,*,#985,.F.);
#2927 = ORIENTED_EDGE('',*,*,#227,.F.);
#2928 = PLANE('',#2929);
#2929 = AXIS2_PLACEMENT_3D('',#2930,#2931,#2932);
#2930 = CARTESIAN_POINT('',(18.169291338583,5.2,4.960236220472));
#2931 = DIRECTION('',(0.,1.,0.));
#2932 = DIRECTION('',(0.,-0.,1.));
#2933 = ADVANCED_FACE('',(#2934),#2954,.T.);
#2934 = FACE_BOUND('',#2935,.T.);
#2935 = EDGE_LOOP('',(#2936,#2937,#2938,#2939,#2940,#2946,#2947,#2953));
#2936 = ORIENTED_EDGE('',*,*,#1167,.T.);
#2937 = ORIENTED_EDGE('',*,*,#145,.T.);
#2938 = ORIENTED_EDGE('',*,*,#1215,.F.);
#2939 = ORIENTED_EDGE('',*,*,#1886,.T.);
#2940 = ORIENTED_EDGE('',*,*,#2941,.F.);
#2941 = EDGE_CURVE('',#698,#1879,#2942,.T.);
#2942 = LINE('',#2943,#2944);
#2943 = CARTESIAN_POINT('',(-17.,5.2,2.8));
#2944 = VECTOR('',#2945,1.);
#2945 = DIRECTION('',(-0.,-0.,1.));
#2946 = ORIENTED_EDGE('',*,*,#721,.T.);
#2947 = ORIENTED_EDGE('',*,*,#2948,.T.);
#2948 = EDGE_CURVE('',#714,#2087,#2949,.T.);
#2949 = LINE('',#2950,#2951);
#2950 = CARTESIAN_POINT('',(-18.,5.2,-0.1));
#2951 = VECTOR('',#2952,1.);
#2952 = DIRECTION('',(-0.,-0.,1.));
#2953 = ORIENTED_EDGE('',*,*,#2094,.T.);
#2954 = PLANE('',#2955);
#2955 = AXIS2_PLACEMENT_3D('',#2956,#2957,#2958);
#2956 = CARTESIAN_POINT('',(-18.16929133858,5.2,4.960236220472));
#2957 = DIRECTION('',(0.,1.,0.));
#2958 = DIRECTION('',(0.,-0.,1.));
#2959 = ADVANCED_FACE('',(#2960),#2980,.T.);
#2960 = FACE_BOUND('',#2961,.T.);
#2961 = EDGE_LOOP('',(#2962,#2963,#2964,#2965,#2966,#2972,#2973,#2979));
#2962 = ORIENTED_EDGE('',*,*,#1023,.T.);
#2963 = ORIENTED_EDGE('',*,*,#211,.T.);
#2964 = ORIENTED_EDGE('',*,*,#1038,.T.);
#2965 = ORIENTED_EDGE('',*,*,#1859,.T.);
#2966 = ORIENTED_EDGE('',*,*,#2967,.F.);
#2967 = EDGE_CURVE('',#594,#1852,#2968,.T.);
#2968 = LINE('',#2969,#2970);
#2969 = CARTESIAN_POINT('',(17.,10.8,2.8));
#2970 = VECTOR('',#2971,1.);
#2971 = DIRECTION('',(0.,0.,1.));
#2972 = ORIENTED_EDGE('',*,*,#593,.T.);
#2973 = ORIENTED_EDGE('',*,*,#2974,.T.);
#2974 = EDGE_CURVE('',#596,#2039,#2975,.T.);
#2975 = LINE('',#2976,#2977);
#2976 = CARTESIAN_POINT('',(18.,10.8,-0.1));
#2977 = VECTOR('',#2978,1.);
#2978 = DIRECTION('',(0.,0.,1.));
#2979 = ORIENTED_EDGE('',*,*,#2038,.T.);
#2980 = PLANE('',#2981);
#2981 = AXIS2_PLACEMENT_3D('',#2982,#2983,#2984);
#2982 = CARTESIAN_POINT('',(18.169291338583,10.8,4.960236220472));
#2983 = DIRECTION('',(-0.,-1.,-0.));
#2984 = DIRECTION('',(0.,0.,-1.));
#2985 = ADVANCED_FACE('',(#2986),#3006,.T.);
#2986 = FACE_BOUND('',#2987,.T.);
#2987 = EDGE_LOOP('',(#2988,#2989,#2990,#2996,#2997,#3003,#3004,#3005));
#2988 = ORIENTED_EDGE('',*,*,#1183,.F.);
#2989 = ORIENTED_EDGE('',*,*,#2101,.F.);
#2990 = ORIENTED_EDGE('',*,*,#2991,.F.);
#2991 = EDGE_CURVE('',#706,#2102,#2992,.T.);
#2992 = LINE('',#2993,#2994);
#2993 = CARTESIAN_POINT('',(-18.,10.8,-0.1));
#2994 = VECTOR('',#2995,1.);
#2995 = DIRECTION('',(-0.,-0.,1.));
#2996 = ORIENTED_EDGE('',*,*,#705,.F.);
#2997 = ORIENTED_EDGE('',*,*,#2998,.T.);
#2998 = EDGE_CURVE('',#696,#1871,#2999,.T.);
#2999 = LINE('',#3000,#3001);
#3000 = CARTESIAN_POINT('',(-17.,10.8,-0.1));
#3001 = VECTOR('',#3002,1.);
#3002 = DIRECTION('',(-0.,-0.,1.));
#3003 = ORIENTED_EDGE('',*,*,#1870,.F.);
#3004 = ORIENTED_EDGE('',*,*,#1151,.T.);
#3005 = ORIENTED_EDGE('',*,*,#161,.F.);
#3006 = PLANE('',#3007);
#3007 = AXIS2_PLACEMENT_3D('',#3008,#3009,#3010);
#3008 = CARTESIAN_POINT('',(-18.16929133858,10.8,4.960236220472));
#3009 = DIRECTION('',(-0.,-1.,-0.));
#3010 = DIRECTION('',(0.,0.,-1.));
#3011 = ADVANCED_FACE('',(#3012),#3018,.T.);
#3012 = FACE_BOUND('',#3013,.T.);
#3013 = EDGE_LOOP('',(#3014,#3015,#3016,#3017));
#3014 = ORIENTED_EDGE('',*,*,#2863,.T.);
#3015 = ORIENTED_EDGE('',*,*,#1828,.F.);
#3016 = ORIENTED_EDGE('',*,*,#2816,.F.);
#3017 = ORIENTED_EDGE('',*,*,#467,.F.);
#3018 = PLANE('',#3019);
#3019 = AXIS2_PLACEMENT_3D('',#3020,#3021,#3022);
#3020 = CARTESIAN_POINT('',(17.,-8.,4.85));
#3021 = DIRECTION('',(1.,0.,0.));
#3022 = DIRECTION('',(-0.,0.,1.));
#3023 = ADVANCED_FACE('',(#3024),#3030,.T.);
#3024 = FACE_BOUND('',#3025,.T.);
#3025 = EDGE_LOOP('',(#3026,#3027,#3028,#3029));
#3026 = ORIENTED_EDGE('',*,*,#2967,.T.);
#3027 = ORIENTED_EDGE('',*,*,#1851,.F.);
#3028 = ORIENTED_EDGE('',*,*,#2920,.F.);
#3029 = ORIENTED_EDGE('',*,*,#603,.F.);
#3030 = PLANE('',#3031);
#3031 = AXIS2_PLACEMENT_3D('',#3032,#3033,#3034);
#3032 = CARTESIAN_POINT('',(17.,8.,4.85));
#3033 = DIRECTION('',(1.,0.,0.));
#3034 = DIRECTION('',(-0.,0.,1.));
#3035 = ADVANCED_FACE('',(#3036),#3065,.T.);
#3036 = FACE_BOUND('',#3037,.T.);
#3037 = EDGE_LOOP('',(#3038,#3039,#3047,#3055,#3061,#3062,#3063,#3064));
#3038 = ORIENTED_EDGE('',*,*,#1958,.T.);
#3039 = ORIENTED_EDGE('',*,*,#3040,.T.);
#3040 = EDGE_CURVE('',#1961,#3041,#3043,.T.);
#3041 = VERTEX_POINT('',#3042);
#3042 = CARTESIAN_POINT('',(18.,-10.5,9.7));
#3043 = LINE('',#3044,#3045);
#3044 = CARTESIAN_POINT('',(18.,-10.5,2.8));
#3045 = VECTOR('',#3046,1.);
#3046 = DIRECTION('',(0.,0.,1.));
#3047 = ORIENTED_EDGE('',*,*,#3048,.T.);
#3048 = EDGE_CURVE('',#3041,#3049,#3051,.T.);
#3049 = VERTEX_POINT('',#3050);
#3050 = CARTESIAN_POINT('',(18.,-5.5,9.7));
#3051 = LINE('',#3052,#3053);
#3052 = CARTESIAN_POINT('',(18.,-10.5,9.7));
#3053 = VECTOR('',#3054,1.);
#3054 = DIRECTION('',(-0.,1.,0.));
#3055 = ORIENTED_EDGE('',*,*,#3056,.F.);
#3056 = EDGE_CURVE('',#1984,#3049,#3057,.T.);
#3057 = LINE('',#3058,#3059);
#3058 = CARTESIAN_POINT('',(18.,-5.5,2.8));
#3059 = VECTOR('',#3060,1.);
#3060 = DIRECTION('',(0.,0.,1.));
#3061 = ORIENTED_EDGE('',*,*,#1983,.T.);
#3062 = ORIENTED_EDGE('',*,*,#2870,.F.);
#3063 = ORIENTED_EDGE('',*,*,#483,.T.);
#3064 = ORIENTED_EDGE('',*,*,#2809,.T.);
#3065 = PLANE('',#3066);
#3066 = AXIS2_PLACEMENT_3D('',#3067,#3068,#3069);
#3067 = CARTESIAN_POINT('',(18.,-8.,4.714705882353));
#3068 = DIRECTION('',(-1.,-0.,-0.));
#3069 = DIRECTION('',(0.,0.,-1.));
#3070 = ADVANCED_FACE('',(#3071),#3100,.T.);
#3071 = FACE_BOUND('',#3072,.T.);
#3072 = EDGE_LOOP('',(#3073,#3074,#3082,#3090,#3096,#3097,#3098,#3099));
#3073 = ORIENTED_EDGE('',*,*,#2021,.T.);
#3074 = ORIENTED_EDGE('',*,*,#3075,.T.);
#3075 = EDGE_CURVE('',#2024,#3076,#3078,.T.);
#3076 = VERTEX_POINT('',#3077);
#3077 = CARTESIAN_POINT('',(18.,5.5,9.7));
#3078 = LINE('',#3079,#3080);
#3079 = CARTESIAN_POINT('',(18.,5.5,2.8));
#3080 = VECTOR('',#3081,1.);
#3081 = DIRECTION('',(0.,0.,1.));
#3082 = ORIENTED_EDGE('',*,*,#3083,.T.);
#3083 = EDGE_CURVE('',#3076,#3084,#3086,.T.);
#3084 = VERTEX_POINT('',#3085);
#3085 = CARTESIAN_POINT('',(18.,10.5,9.7));
#3086 = LINE('',#3087,#3088);
#3087 = CARTESIAN_POINT('',(18.,5.5,9.7));
#3088 = VECTOR('',#3089,1.);
#3089 = DIRECTION('',(-0.,1.,0.));
#3090 = ORIENTED_EDGE('',*,*,#3091,.F.);
#3091 = EDGE_CURVE('',#2047,#3084,#3092,.T.);
#3092 = LINE('',#3093,#3094);
#3093 = CARTESIAN_POINT('',(18.,10.5,2.8));
#3094 = VECTOR('',#3095,1.);
#3095 = DIRECTION('',(0.,0.,1.));
#3096 = ORIENTED_EDGE('',*,*,#2046,.T.);
#3097 = ORIENTED_EDGE('',*,*,#2974,.F.);
#3098 = ORIENTED_EDGE('',*,*,#619,.T.);
#3099 = ORIENTED_EDGE('',*,*,#2913,.T.);
#3100 = PLANE('',#3101);
#3101 = AXIS2_PLACEMENT_3D('',#3102,#3103,#3104);
#3102 = CARTESIAN_POINT('',(18.,8.,4.714705882353));
#3103 = DIRECTION('',(-1.,-0.,-0.));
#3104 = DIRECTION('',(0.,0.,-1.));
#3105 = ADVANCED_FACE('',(#3106),#3112,.T.);
#3106 = FACE_BOUND('',#3107,.T.);
#3107 = EDGE_LOOP('',(#3108,#3109,#3110,#3111));
#3108 = ORIENTED_EDGE('',*,*,#2894,.F.);
#3109 = ORIENTED_EDGE('',*,*,#525,.T.);
#3110 = ORIENTED_EDGE('',*,*,#2837,.T.);
#3111 = ORIENTED_EDGE('',*,*,#1901,.T.);
#3112 = PLANE('',#3113);
#3113 = AXIS2_PLACEMENT_3D('',#3114,#3115,#3116);
#3114 = CARTESIAN_POINT('',(-17.,-8.,4.85));
#3115 = DIRECTION('',(-1.,-0.,-0.));
#3116 = DIRECTION('',(0.,0.,-1.));
#3117 = ADVANCED_FACE('',(#3118),#3124,.T.);
#3118 = FACE_BOUND('',#3119,.T.);
#3119 = EDGE_LOOP('',(#3120,#3121,#3122,#3123));
#3120 = ORIENTED_EDGE('',*,*,#2998,.F.);
#3121 = ORIENTED_EDGE('',*,*,#695,.T.);
#3122 = ORIENTED_EDGE('',*,*,#2941,.T.);
#3123 = ORIENTED_EDGE('',*,*,#1878,.T.);
#3124 = PLANE('',#3125);
#3125 = AXIS2_PLACEMENT_3D('',#3126,#3127,#3128);
#3126 = CARTESIAN_POINT('',(-17.,8.,4.85));
#3127 = DIRECTION('',(-1.,-0.,-0.));
#3128 = DIRECTION('',(0.,0.,-1.));
#3129 = ADVANCED_FACE('',(#3130),#3159,.T.);
#3130 = FACE_BOUND('',#3131,.T.);
#3131 = EDGE_LOOP('',(#3132,#3133,#3134,#3135,#3136,#3137,#3145,#3153));
#3132 = ORIENTED_EDGE('',*,*,#2147,.T.);
#3133 = ORIENTED_EDGE('',*,*,#2844,.F.);
#3134 = ORIENTED_EDGE('',*,*,#543,.F.);
#3135 = ORIENTED_EDGE('',*,*,#2887,.T.);
#3136 = ORIENTED_EDGE('',*,*,#2172,.T.);
#3137 = ORIENTED_EDGE('',*,*,#3138,.T.);
#3138 = EDGE_CURVE('',#2173,#3139,#3141,.T.);
#3139 = VERTEX_POINT('',#3140);
#3140 = CARTESIAN_POINT('',(-18.,-5.5,9.7));
#3141 = LINE('',#3142,#3143);
#3142 = CARTESIAN_POINT('',(-18.,-5.5,2.8));
#3143 = VECTOR('',#3144,1.);
#3144 = DIRECTION('',(-0.,-0.,1.));
#3145 = ORIENTED_EDGE('',*,*,#3146,.F.);
#3146 = EDGE_CURVE('',#3147,#3139,#3149,.T.);
#3147 = VERTEX_POINT('',#3148);
#3148 = CARTESIAN_POINT('',(-18.,-10.5,9.7));
#3149 = LINE('',#3150,#3151);
#3150 = CARTESIAN_POINT('',(-18.,-10.5,9.7));
#3151 = VECTOR('',#3152,1.);
#3152 = DIRECTION('',(-0.,1.,-0.));
#3153 = ORIENTED_EDGE('',*,*,#3154,.F.);
#3154 = EDGE_CURVE('',#2148,#3147,#3155,.T.);
#3155 = LINE('',#3156,#3157);
#3156 = CARTESIAN_POINT('',(-18.,-10.5,2.8));
#3157 = VECTOR('',#3158,1.);
#3158 = DIRECTION('',(-0.,-0.,1.));
#3159 = PLANE('',#3160);
#3160 = AXIS2_PLACEMENT_3D('',#3161,#3162,#3163);
#3161 = CARTESIAN_POINT('',(-18.,-8.,4.714705882353));
#3162 = DIRECTION('',(1.,0.,0.));
#3163 = DIRECTION('',(-0.,0.,1.));
#3164 = ADVANCED_FACE('',(#3165),#3194,.T.);
#3165 = FACE_BOUND('',#3166,.T.);
#3166 = EDGE_LOOP('',(#3167,#3168,#3169,#3170,#3171,#3172,#3180,#3188));
#3167 = ORIENTED_EDGE('',*,*,#2084,.T.);
#3168 = ORIENTED_EDGE('',*,*,#2948,.F.);
#3169 = ORIENTED_EDGE('',*,*,#713,.F.);
#3170 = ORIENTED_EDGE('',*,*,#2991,.T.);
#3171 = ORIENTED_EDGE('',*,*,#2109,.T.);
#3172 = ORIENTED_EDGE('',*,*,#3173,.T.);
#3173 = EDGE_CURVE('',#2110,#3174,#3176,.T.);
#3174 = VERTEX_POINT('',#3175);
#3175 = CARTESIAN_POINT('',(-18.,10.5,9.7));
#3176 = LINE('',#3177,#3178);
#3177 = CARTESIAN_POINT('',(-18.,10.5,2.8));
#3178 = VECTOR('',#3179,1.);
#3179 = DIRECTION('',(-0.,-0.,1.));
#3180 = ORIENTED_EDGE('',*,*,#3181,.F.);
#3181 = EDGE_CURVE('',#3182,#3174,#3184,.T.);
#3182 = VERTEX_POINT('',#3183);
#3183 = CARTESIAN_POINT('',(-18.,5.5,9.7));
#3184 = LINE('',#3185,#3186);
#3185 = CARTESIAN_POINT('',(-18.,5.5,9.7));
#3186 = VECTOR('',#3187,1.);
#3187 = DIRECTION('',(-0.,1.,-0.));
#3188 = ORIENTED_EDGE('',*,*,#3189,.F.);
#3189 = EDGE_CURVE('',#2085,#3182,#3190,.T.);
#3190 = LINE('',#3191,#3192);
#3191 = CARTESIAN_POINT('',(-18.,5.5,2.8));
#3192 = VECTOR('',#3193,1.);
#3193 = DIRECTION('',(-0.,-0.,1.));
#3194 = PLANE('',#3195);
#3195 = AXIS2_PLACEMENT_3D('',#3196,#3197,#3198);
#3196 = CARTESIAN_POINT('',(-18.,8.,4.714705882353));
#3197 = DIRECTION('',(1.,0.,0.));
#3198 = DIRECTION('',(-0.,0.,1.));
#3199 = ADVANCED_FACE('',(#3200),#3216,.T.);
#3200 = FACE_BOUND('',#3201,.T.);
#3201 = EDGE_LOOP('',(#3202,#3203,#3209,#3210));
#3202 = ORIENTED_EDGE('',*,*,#3048,.F.);
#3203 = ORIENTED_EDGE('',*,*,#3204,.T.);
#3204 = EDGE_CURVE('',#3041,#2684,#3205,.T.);
#3205 = LINE('',#3206,#3207);
#3206 = CARTESIAN_POINT('',(18.,-10.5,9.7));
#3207 = VECTOR('',#3208,1.);
#3208 = DIRECTION('',(1.,0.,-0.));
#3209 = ORIENTED_EDGE('',*,*,#2700,.T.);
#3210 = ORIENTED_EDGE('',*,*,#3211,.F.);
#3211 = EDGE_CURVE('',#3049,#2693,#3212,.T.);
#3212 = LINE('',#3213,#3214);
#3213 = CARTESIAN_POINT('',(18.,-5.5,9.7));
#3214 = VECTOR('',#3215,1.);
#3215 = DIRECTION('',(1.,0.,-0.));
#3216 = PLANE('',#3217);
#3217 = AXIS2_PLACEMENT_3D('',#3218,#3219,#3220);
#3218 = CARTESIAN_POINT('',(18.,-10.5,9.7));
#3219 = DIRECTION('',(0.,0.,1.));
#3220 = DIRECTION('',(1.,0.,-0.));
#3221 = ADVANCED_FACE('',(#3222),#3238,.T.);
#3222 = FACE_BOUND('',#3223,.T.);
#3223 = EDGE_LOOP('',(#3224,#3225,#3231,#3232));
#3224 = ORIENTED_EDGE('',*,*,#3083,.F.);
#3225 = ORIENTED_EDGE('',*,*,#3226,.T.);
#3226 = EDGE_CURVE('',#3076,#2715,#3227,.T.);
#3227 = LINE('',#3228,#3229);
#3228 = CARTESIAN_POINT('',(18.,5.5,9.7));
#3229 = VECTOR('',#3230,1.);
#3230 = DIRECTION('',(1.,0.,-0.));
#3231 = ORIENTED_EDGE('',*,*,#2731,.T.);
#3232 = ORIENTED_EDGE('',*,*,#3233,.F.);
#3233 = EDGE_CURVE('',#3084,#2724,#3234,.T.);
#3234 = LINE('',#3235,#3236);
#3235 = CARTESIAN_POINT('',(18.,10.5,9.7));
#3236 = VECTOR('',#3237,1.);
#3237 = DIRECTION('',(1.,0.,-0.));
#3238 = PLANE('',#3239);
#3239 = AXIS2_PLACEMENT_3D('',#3240,#3241,#3242);
#3240 = CARTESIAN_POINT('',(18.,5.5,9.7));
#3241 = DIRECTION('',(0.,0.,1.));
#3242 = DIRECTION('',(1.,0.,-0.));
#3243 = ADVANCED_FACE('',(#3244),#3260,.T.);
#3244 = FACE_BOUND('',#3245,.T.);
#3245 = EDGE_LOOP('',(#3246,#3252,#3253,#3259));
#3246 = ORIENTED_EDGE('',*,*,#3247,.T.);
#3247 = EDGE_CURVE('',#3174,#2755,#3248,.T.);
#3248 = LINE('',#3249,#3250);
#3249 = CARTESIAN_POINT('',(-18.,10.5,9.7));
#3250 = VECTOR('',#3251,1.);
#3251 = DIRECTION('',(-1.,-0.,-0.));
#3252 = ORIENTED_EDGE('',*,*,#2762,.F.);
#3253 = ORIENTED_EDGE('',*,*,#3254,.F.);
#3254 = EDGE_CURVE('',#3182,#2746,#3255,.T.);
#3255 = LINE('',#3256,#3257);
#3256 = CARTESIAN_POINT('',(-18.,5.5,9.7));
#3257 = VECTOR('',#3258,1.);
#3258 = DIRECTION('',(-1.,-0.,-0.));
#3259 = ORIENTED_EDGE('',*,*,#3181,.T.);
#3260 = PLANE('',#3261);
#3261 = AXIS2_PLACEMENT_3D('',#3262,#3263,#3264);
#3262 = CARTESIAN_POINT('',(-18.5,8.,9.7));
#3263 = DIRECTION('',(0.,0.,1.));
#3264 = DIRECTION('',(1.,0.,-0.));
#3265 = ADVANCED_FACE('',(#3266),#3282,.T.);
#3266 = FACE_BOUND('',#3267,.T.);
#3267 = EDGE_LOOP('',(#3268,#3274,#3275,#3281));
#3268 = ORIENTED_EDGE('',*,*,#3269,.T.);
#3269 = EDGE_CURVE('',#3139,#2786,#3270,.T.);
#3270 = LINE('',#3271,#3272);
#3271 = CARTESIAN_POINT('',(-18.,-5.5,9.7));
#3272 = VECTOR('',#3273,1.);
#3273 = DIRECTION('',(-1.,-0.,-0.));
#3274 = ORIENTED_EDGE('',*,*,#2793,.F.);
#3275 = ORIENTED_EDGE('',*,*,#3276,.F.);
#3276 = EDGE_CURVE('',#3147,#2777,#3277,.T.);
#3277 = LINE('',#3278,#3279);
#3278 = CARTESIAN_POINT('',(-18.,-10.5,9.7));
#3279 = VECTOR('',#3280,1.);
#3280 = DIRECTION('',(-1.,-0.,-0.));
#3281 = ORIENTED_EDGE('',*,*,#3146,.T.);
#3282 = PLANE('',#3283);
#3283 = AXIS2_PLACEMENT_3D('',#3284,#3285,#3286);
#3284 = CARTESIAN_POINT('',(-18.5,-8.,9.7));
#3285 = DIRECTION('',(0.,0.,1.));
#3286 = DIRECTION('',(1.,0.,-0.));
#3287 = ADVANCED_FACE('',(#3288),#3297,.T.);
#3288 = FACE_BOUND('',#3289,.T.);
#3289 = EDGE_LOOP('',(#3290,#3291,#3292,#3293,#3294,#3295,#3296));
#3290 = ORIENTED_EDGE('',*,*,#2311,.T.);
#3291 = ORIENTED_EDGE('',*,*,#2435,.T.);
#3292 = ORIENTED_EDGE('',*,*,#2559,.T.);
#3293 = ORIENTED_EDGE('',*,*,#2683,.T.);
#3294 = ORIENTED_EDGE('',*,*,#3204,.F.);
#3295 = ORIENTED_EDGE('',*,*,#3040,.F.);
#3296 = ORIENTED_EDGE('',*,*,#2007,.T.);
#3297 = PLANE('',#3298);
#3298 = AXIS2_PLACEMENT_3D('',#3299,#3300,#3301);
#3299 = CARTESIAN_POINT('',(18.545336531824,-10.5,6.328966364844));
#3300 = DIRECTION('',(-0.,-1.,-0.));
#3301 = DIRECTION('',(0.,0.,-1.));
#3302 = ADVANCED_FACE('',(#3303),#3312,.T.);
#3303 = FACE_BOUND('',#3304,.T.);
#3304 = EDGE_LOOP('',(#3305,#3306,#3307,#3308,#3309,#3310,#3311));
#3305 = ORIENTED_EDGE('',*,*,#2404,.F.);
#3306 = ORIENTED_EDGE('',*,*,#2196,.F.);
#3307 = ORIENTED_EDGE('',*,*,#3154,.T.);
#3308 = ORIENTED_EDGE('',*,*,#3276,.T.);
#3309 = ORIENTED_EDGE('',*,*,#2776,.F.);
#3310 = ORIENTED_EDGE('',*,*,#2652,.F.);
#3311 = ORIENTED_EDGE('',*,*,#2528,.F.);
#3312 = PLANE('',#3313);
#3313 = AXIS2_PLACEMENT_3D('',#3314,#3315,#3316);
#3314 = CARTESIAN_POINT('',(-18.54533653182,-10.5,6.328966364844));
#3315 = DIRECTION('',(-0.,-1.,-0.));
#3316 = DIRECTION('',(0.,0.,-1.));
#3317 = ADVANCED_FACE('',(#3318),#3327,.T.);
#3318 = FACE_BOUND('',#3319,.T.);
#3319 = EDGE_LOOP('',(#3320,#3321,#3322,#3323,#3324,#3325,#3326));
#3320 = ORIENTED_EDGE('',*,*,#2320,.F.);
#3321 = ORIENTED_EDGE('',*,*,#1991,.F.);
#3322 = ORIENTED_EDGE('',*,*,#3056,.T.);
#3323 = ORIENTED_EDGE('',*,*,#3211,.T.);
#3324 = ORIENTED_EDGE('',*,*,#2692,.F.);
#3325 = ORIENTED_EDGE('',*,*,#2568,.F.);
#3326 = ORIENTED_EDGE('',*,*,#2444,.F.);
#3327 = PLANE('',#3328);
#3328 = AXIS2_PLACEMENT_3D('',#3329,#3330,#3331);
#3329 = CARTESIAN_POINT('',(18.545336531824,-5.5,6.328966364844));
#3330 = DIRECTION('',(0.,1.,0.));
#3331 = DIRECTION('',(0.,-0.,1.));
#3332 = ADVANCED_FACE('',(#3333),#3342,.T.);
#3333 = FACE_BOUND('',#3334,.T.);
#3334 = EDGE_LOOP('',(#3335,#3336,#3337,#3338,#3339,#3340,#3341));
#3335 = ORIENTED_EDGE('',*,*,#2413,.T.);
#3336 = ORIENTED_EDGE('',*,*,#2537,.T.);
#3337 = ORIENTED_EDGE('',*,*,#2661,.T.);
#3338 = ORIENTED_EDGE('',*,*,#2785,.T.);
#3339 = ORIENTED_EDGE('',*,*,#3269,.F.);
#3340 = ORIENTED_EDGE('',*,*,#3138,.F.);
#3341 = ORIENTED_EDGE('',*,*,#2180,.T.);
#3342 = PLANE('',#3343);
#3343 = AXIS2_PLACEMENT_3D('',#3344,#3345,#3346);
#3344 = CARTESIAN_POINT('',(-18.54533653182,-5.5,6.328966364844));
#3345 = DIRECTION('',(0.,1.,0.));
#3346 = DIRECTION('',(0.,-0.,1.));
#3347 = ADVANCED_FACE('',(#3348),#3357,.T.);
#3348 = FACE_BOUND('',#3349,.T.);
#3349 = EDGE_LOOP('',(#3350,#3351,#3352,#3353,#3354,#3355,#3356));
#3350 = ORIENTED_EDGE('',*,*,#2342,.T.);
#3351 = ORIENTED_EDGE('',*,*,#2466,.T.);
#3352 = ORIENTED_EDGE('',*,*,#2590,.T.);
#3353 = ORIENTED_EDGE('',*,*,#2714,.T.);
#3354 = ORIENTED_EDGE('',*,*,#3226,.F.);
#3355 = ORIENTED_EDGE('',*,*,#3075,.F.);
#3356 = ORIENTED_EDGE('',*,*,#2070,.T.);
#3357 = PLANE('',#3358);
#3358 = AXIS2_PLACEMENT_3D('',#3359,#3360,#3361);
#3359 = CARTESIAN_POINT('',(18.545336531824,5.5,6.328966364844));
#3360 = DIRECTION('',(-0.,-1.,-0.));
#3361 = DIRECTION('',(0.,0.,-1.));
#3362 = ADVANCED_FACE('',(#3363),#3372,.T.);
#3363 = FACE_BOUND('',#3364,.T.);
#3364 = EDGE_LOOP('',(#3365,#3366,#3367,#3368,#3369,#3370,#3371));
#3365 = ORIENTED_EDGE('',*,*,#2373,.F.);
#3366 = ORIENTED_EDGE('',*,*,#2133,.F.);
#3367 = ORIENTED_EDGE('',*,*,#3189,.T.);
#3368 = ORIENTED_EDGE('',*,*,#3254,.T.);
#3369 = ORIENTED_EDGE('',*,*,#2745,.F.);
#3370 = ORIENTED_EDGE('',*,*,#2621,.F.);
#3371 = ORIENTED_EDGE('',*,*,#2497,.F.);
#3372 = PLANE('',#3373);
#3373 = AXIS2_PLACEMENT_3D('',#3374,#3375,#3376);
#3374 = CARTESIAN_POINT('',(-18.54533653182,5.5,6.328966364844));
#3375 = DIRECTION('',(-0.,-1.,-0.));
#3376 = DIRECTION('',(0.,0.,-1.));
#3377 = ADVANCED_FACE('',(#3378),#3387,.T.);
#3378 = FACE_BOUND('',#3379,.T.);
#3379 = EDGE_LOOP('',(#3380,#3381,#3382,#3383,#3384,#3385,#3386));
#3380 = ORIENTED_EDGE('',*,*,#2351,.F.);
#3381 = ORIENTED_EDGE('',*,*,#2054,.F.);
#3382 = ORIENTED_EDGE('',*,*,#3091,.T.);
#3383 = ORIENTED_EDGE('',*,*,#3233,.T.);
#3384 = ORIENTED_EDGE('',*,*,#2723,.F.);
#3385 = ORIENTED_EDGE('',*,*,#2599,.F.);
#3386 = ORIENTED_EDGE('',*,*,#2475,.F.);
#3387 = PLANE('',#3388);
#3388 = AXIS2_PLACEMENT_3D('',#3389,#3390,#3391);
#3389 = CARTESIAN_POINT('',(18.545336531824,10.5,6.328966364844));
#3390 = DIRECTION('',(0.,1.,0.));
#3391 = DIRECTION('',(0.,-0.,1.));
#3392 = ADVANCED_FACE('',(#3393),#3402,.T.);
#3393 = FACE_BOUND('',#3394,.T.);
#3394 = EDGE_LOOP('',(#3395,#3396,#3397,#3398,#3399,#3400,#3401));
#3395 = ORIENTED_EDGE('',*,*,#2382,.T.);
#3396 = ORIENTED_EDGE('',*,*,#2506,.T.);
#3397 = ORIENTED_EDGE('',*,*,#2630,.T.);
#3398 = ORIENTED_EDGE('',*,*,#2754,.T.);
#3399 = ORIENTED_EDGE('',*,*,#3247,.F.);
#3400 = ORIENTED_EDGE('',*,*,#3173,.F.);
#3401 = ORIENTED_EDGE('',*,*,#2117,.T.);
#3402 = PLANE('',#3403);
#3403 = AXIS2_PLACEMENT_3D('',#3404,#3405,#3406);
#3404 = CARTESIAN_POINT('',(-18.54533653182,10.5,6.328966364844));
#3405 = DIRECTION('',(0.,1.,0.));
#3406 = DIRECTION('',(0.,-0.,1.));
#3407 = ( GEOMETRIC_REPRESENTATION_CONTEXT(3) 
GLOBAL_UNCERTAINTY_ASSIGNED_CONTEXT((#3411)) 
GLOBAL_UNIT_ASSIGNED_CONTEXT((#3408,#3409,#3410)) REPRESENTATION_CONTEXT
('Context #1','3D Context with UNIT and UNCERTAINTY') );
#3408 = ( LENGTH_UNIT() NAMED_UNIT(*) SI_UNIT(.MILLI.,.METRE.) );
#3409 = ( NAMED_UNIT(*) PLANE_ANGLE_UNIT() SI_UNIT($,.RADIAN.) );
#3410 = ( NAMED_UNIT(*) SI_UNIT($,.STERADIAN.) SOLID_ANGLE_UNIT() );
#3411 = UNCERTAINTY_MEASURE_WITH_UNIT(LENGTH_MEASURE(2.E-07),#3408,
  'distance_accuracy_value','confusion accuracy');
#3412 = PRODUCT_RELATED_PRODUCT_CATEGORY('part',$,(#7));
ENDSEC;
END-ISO-10303-21;
